fase,modelo,config_id,fold,fit_seconds,macro_f1,balanced_accuracy,precision_alta,recall_alta,f1_alta,support_alta,precision_baja,recall_baja,f1_baja,support_baja,precision_media,recall_media,f1_media,support_media,params
A,Regresion_Logistica,1,F1,0.04336810001404956,0.34576109453346904,0.34769748668170086,0.27522935779816515,0.2857142857142857,0.2803738317757009,105,0.39880952380952384,0.3602150537634409,0.3785310734463277,186,0.36129032258064514,0.3971631205673759,0.3783783783783784,141,"{""model__class_weight"": null, ""model__C"": 0.001}"
A,Regresion_Logistica,1,F2,0.04017059999750927,0.32573295222539816,0.3409461183430029,0.2982456140350877,0.3953488372093023,0.34,129,0.37790697674418605,0.4513888888888889,0.41139240506329117,144,0.3146067415730337,0.1761006289308176,0.22580645161290322,159,"{""model__class_weight"": null, ""model__C"": 0.001}"
A,Regresion_Logistica,1,F3,0.040141099991160445,0.36078699559928223,0.36830373206212136,0.4,0.4195804195804196,0.40955631399317405,143,0.37209302325581395,0.45714285714285713,0.41025641025641024,140,0.3090909090909091,0.22818791946308725,0.2625482625482625,149,"{""model__class_weight"": null, ""model__C"": 0.001}"
A,Regresion_Logistica,1,F4,0.04467609999119304,0.3486901699336933,0.3675634253510725,0.43795620437956206,0.5825242718446602,0.5,206,0.3686868686868687,0.3882978723404255,0.37823834196891193,188,0.23076923076923078,0.13186813186813187,0.16783216783216784,182,"{""model__class_weight"": null, ""model__C"": 0.001}"
A,Regresion_Logistica,2,F1,0.2387427000066964,0.32348087198239056,0.3247409876785306,0.23404255319148937,0.20952380952380953,0.22110552763819097,105,0.39226519337016574,0.3817204301075269,0.3869209809264305,186,0.34394904458598724,0.3829787234042553,0.3624161073825503,141,"{""model__class_weight"": ""balanced"", ""model__C"": 1.0}"
A,Regresion_Logistica,2,F2,0.30380150000564754,0.3236334552613622,0.32815724895584486,0.26744186046511625,0.35658914728682173,0.30564784053156147,129,0.3888888888888889,0.3888888888888889,0.3888888888888889,144,0.3275862068965517,0.2389937106918239,0.27636363636363637,159,"{""model__class_weight"": ""balanced"", ""model__C"": 1.0}"
A,Regresion_Logistica,2,F3,0.3609301999968011,0.34332250581348056,0.34679336323631627,0.39552238805970147,0.3706293706293706,0.38267148014440433,143,0.3430232558139535,0.42142857142857143,0.3782051282051282,140,0.29365079365079366,0.2483221476510067,0.2690909090909091,149,"{""model__class_weight"": ""balanced"", ""model__C"": 1.0}"
A,Regresion_Logistica,2,F4,0.4580100000021048,0.35231971331042544,0.3573747742307957,0.40562248995983935,0.49029126213592233,0.44395604395604393,206,0.3548387096774194,0.35106382978723405,0.35294117647058826,188,0.2978723404255319,0.23076923076923078,0.26006191950464397,182,"{""model__class_weight"": ""balanced"", ""model__C"": 1.0}"
A,Regresion_Logistica,3,F1,0.10736930000712164,0.31781036977764676,0.32130165266747285,0.24786324786324787,0.2761904761904762,0.26126126126126126,105,0.37662337662337664,0.3118279569892473,0.3411764705882353,186,0.32919254658385094,0.375886524822695,0.3509933774834437,141,"{""model__class_weight"": null, ""model__C"": 0.1}"
A,Regresion_Logistica,3,F2,0.11584779999975581,0.2910415307675582,0.29527753400614304,0.22905027932960895,0.3178294573643411,0.2662337662337662,129,0.34459459459459457,0.3541666666666667,0.3493150684931507,144,0.3238095238095238,0.2138364779874214,0.25757575757575757,159,"{""model__class_weight"": null, ""model__C"": 0.1}"
A,Regresion_Logistica,3,F3,0.18395969999255612,0.35470387163218203,0.3582666773941942,0.3925925925925926,0.3706293706293706,0.381294964028777,143,0.35260115606936415,0.4357142857142857,0.38977635782747605,140,0.3225806451612903,0.2684563758389262,0.29304029304029305,149,"{""model__class_weight"": null, ""model__C"": 0.1}"
A,Regresion_Logistica,3,F4,0.1772899000061443,0.3431029051296893,0.35098873102384776,0.4015151515151515,0.5145631067961165,0.451063829787234,206,0.35195530726256985,0.3351063829787234,0.34332425068119893,188,0.2781954887218045,0.2032967032967033,0.23492063492063492,182,"{""model__class_weight"": null, ""model__C"": 0.1}"
A,Regresion_Logistica,4,F1,0.03514400000858586,0.35679954469881797,0.3571613774770947,0.2948717948717949,0.21904761904761905,0.25136612021857924,105,0.4215686274509804,0.46236559139784944,0.441025641025641,186,0.36666666666666664,0.3900709219858156,0.37800687285223367,141,"{""model__class_weight"": ""balanced"", ""model__C"": 0.001}"
A,Regresion_Logistica,4,F2,0.0492824999964796,0.3420410235694769,0.350285619098695,0.30120481927710846,0.3875968992248062,0.3389830508474576,129,0.3875,0.4305555555555556,0.40789473684210525,144,0.3490566037735849,0.23270440251572327,0.2792452830188679,159,"{""model__class_weight"": ""balanced"", ""model__C"": 0.001}"
A,Regresion_Logistica,4,F3,0.053288299997802824,0.3626830808080808,0.37058478434317355,0.39490445859872614,0.43356643356643354,0.41333333333333333,143,0.375,0.45,0.4090909090909091,140,0.3177570093457944,0.22818791946308725,0.265625,149,"{""model__class_weight"": ""balanced"", ""model__C"": 0.001}"
A,Regresion_Logistica,4,F4,0.04556489999231417,0.3482187441347963,0.3704313657835658,0.43356643356643354,0.6019417475728155,0.5040650406504065,206,0.36180904522613067,0.3829787234042553,0.37209302325581395,188,0.25274725274725274,0.12637362637362637,0.1684981684981685,182,"{""model__class_weight"": ""balanced"", ""model__C"": 0.001}"
A,Regresion_Logistica,5,F1,0.346975399996154,0.321644266534114,0.3222058807508361,0.24,0.22857142857142856,0.23414634146341465,105,0.3867403314917127,0.3763440860215054,0.3814713896457766,186,0.33774834437086093,0.3617021276595745,0.3493150684931507,141,"{""model__class_weight"": ""balanced"", ""model__C"": 3.0}"
A,Regresion_Logistica,5,F2,0.4052109000040218,0.32143765441883,0.32606081289714467,0.26285714285714284,0.35658914728682173,0.3026315789473684,129,0.39436619718309857,0.3888888888888889,0.3916083916083916,144,0.3217391304347826,0.23270440251572327,0.27007299270072993,159,"{""model__class_weight"": ""balanced"", ""model__C"": 3.0}"
A,Regresion_Logistica,5,F3,0.5948404000082519,0.3407655146785582,0.34451231095526397,0.38345864661654133,0.35664335664335667,0.3695652173913043,143,0.3488372093023256,0.42857142857142855,0.38461538461538464,140,0.29133858267716534,0.2483221476510067,0.26811594202898553,149,"{""model__class_weight"": ""balanced"", ""model__C"": 3.0}"
A,Regresion_Logistica,5,F4,0.6345751000044402,0.351599318265772,0.355970030107605,0.4024390243902439,0.48058252427184467,0.43805309734513276,206,0.3548387096774194,0.35106382978723405,0.35294117647058826,188,0.2986111111111111,0.23626373626373626,0.26380368098159507,182,"{""model__class_weight"": ""balanced"", ""model__C"": 3.0}"
A,Regresion_Logistica,6,F1,0.04981490000500344,0.3274371317802218,0.3287348432852894,0.2441860465116279,0.2,0.2198952879581152,105,0.3968253968253968,0.4032258064516129,0.4,186,0.34394904458598724,0.3829787234042553,0.3624161073825503,141,"{""model__class_weight"": ""balanced"", ""model__C"": 0.01}"
A,Regresion_Logistica,6,F2,0.056612200001836754,0.31206675113199217,0.3165323891245348,0.2556818181818182,0.3488372093023256,0.29508196721311475,129,0.3680555555555556,0.3680555555555556,0.3680555555555556,144,0.33035714285714285,0.23270440251572327,0.2730627306273063,159,"{""model__class_weight"": ""balanced"", ""model__C"": 0.01}"
A,Regresion_Logistica,6,F3,0.06989020000037272,0.34975246245926556,0.3566048045913817,0.37857142857142856,0.3706293706293706,0.3745583038869258,143,0.36312849162011174,0.4642857142857143,0.40752351097178685,140,0.30973451327433627,0.2348993288590604,0.26717557251908397,149,"{""model__class_weight"": ""balanced"", ""model__C"": 0.01}"
A,Regresion_Logistica,6,F4,0.08892999999807216,0.34185094048925396,0.35762371622731054,0.4148936170212766,0.5679611650485437,0.47950819672131145,206,0.3548387096774194,0.35106382978723405,0.35294117647058826,188,0.25925925925925924,0.15384615384615385,0.19310344827586207,182,"{""model__class_weight"": ""balanced"", ""model__C"": 0.01}"
A,Regresion_Logistica,7,F1,0.9990999000001466,0.31254762843253187,0.3134838927563704,0.22727272727272727,0.23809523809523808,0.23255813953488372,105,0.39285714285714285,0.3548387096774194,0.3728813559322034,186,0.3181818181818182,0.3475177304964539,0.33220338983050846,141,"{""model__class_weight"": null, ""model__C"": 100.0}"
A,Regresion_Logistica,7,F2,1.0146013000048697,0.3337635142152176,0.336375400191767,0.26857142857142857,0.3643410852713178,0.3092105263157895,129,0.37857142857142856,0.3680555555555556,0.3732394366197183,144,0.37606837606837606,0.27672955974842767,0.3188405797101449,159,"{""model__class_weight"": null, ""model__C"": 100.0}"
A,Regresion_Logistica,7,F3,1.3783317999914289,0.33317659376709435,0.33489463556577653,0.38461538461538464,0.34965034965034963,0.3663003663003663,143,0.34146341463414637,0.4,0.3684210526315789,140,0.2753623188405797,0.2550335570469799,0.26480836236933797,149,"{""model__class_weight"": null, ""model__C"": 100.0}"
A,Regresion_Logistica,7,F4,1.4860002000059467,0.36650785987108875,0.37017485716101706,0.4219409282700422,0.4854368932038835,0.45146726862302483,206,0.3645833333333333,0.3723404255319149,0.3684210526315789,188,0.3129251700680272,0.25274725274725274,0.2796352583586626,182,"{""model__class_weight"": null, ""model__C"": 100.0}"
A,Regresion_Logistica,8,F1,0.14722290000645444,0.3183782005793365,0.31976555435718096,0.24489795918367346,0.22857142857142856,0.23645320197044334,105,0.3815028901734104,0.3548387096774194,0.36768802228412256,186,0.32919254658385094,0.375886524822695,0.3509933774834437,141,"{""model__class_weight"": ""balanced"", ""model__C"": 0.3}"
A,Regresion_Logistica,8,F2,0.17721969999547582,0.31472286093595464,0.3183596606698844,0.25142857142857145,0.34108527131782945,0.2894736842105263,129,0.3776223776223776,0.375,0.37630662020905925,144,0.3333333333333333,0.2389937106918239,0.2783882783882784,159,"{""model__class_weight"": ""balanced"", ""model__C"": 0.3}"
A,Regresion_Logistica,8,F3,0.20775410000351258,0.34981986674817717,0.35379240446354543,0.3925925925925926,0.3706293706293706,0.381294964028777,143,0.35260115606936415,0.4357142857142857,0.38977635782747605,140,0.3064516129032258,0.2550335570469799,0.2783882783882784,149,"{""model__class_weight"": ""balanced"", ""model__C"": 0.3}"
A,Regresion_Logistica,8,F4,0.25378620000265073,0.3477314271068337,0.3547482091687834,0.41015625,0.5097087378640777,0.45454545454545453,206,0.3551912568306011,0.34574468085106386,0.3504043126684636,188,0.2773722627737226,0.2087912087912088,0.23824451410658307,182,"{""model__class_weight"": ""balanced"", ""model__C"": 0.3}"
A,Regresion_Logistica,9,F1,0.038480999995954335,0.3267165856327505,0.3275909402882636,0.25609756097560976,0.2,0.22459893048128343,105,0.39487179487179486,0.41397849462365593,0.4041994750656168,186,0.33548387096774196,0.36879432624113473,0.35135135135135137,141,"{""model__class_weight"": ""balanced"", ""model__C"": 0.003}"
A,Regresion_Logistica,9,F2,0.04503459999978077,0.3202891251719956,0.32654835616660977,0.27167630057803466,0.3643410852713178,0.31125827814569534,129,0.37333333333333335,0.3888888888888889,0.38095238095238093,144,0.3302752293577982,0.22641509433962265,0.26865671641791045,159,"{""model__class_weight"": ""balanced"", ""model__C"": 0.003}"
A,Regresion_Logistica,9,F3,0.053348699992056936,0.3649345877706119,0.3701654050647339,0.3783783783783784,0.3916083916083916,0.3848797250859107,143,0.38095238095238093,0.45714285714285713,0.4155844155844156,140,0.33620689655172414,0.26174496644295303,0.2943396226415094,149,"{""model__class_weight"": ""balanced"", ""model__C"": 0.003}"
A,Regresion_Logistica,9,F4,0.060287999993306585,0.35445224002254877,0.3711503844224357,0.4295774647887324,0.5922330097087378,0.49795918367346936,206,0.3489583333333333,0.35638297872340424,0.3526315789473684,188,0.3,0.16483516483516483,0.2127659574468085,182,"{""model__class_weight"": ""balanced"", ""model__C"": 0.003}"
A,Regresion_Logistica,10,F1,0.055538100001285784,0.3140370598043631,0.31543833273414607,0.23853211009174313,0.24761904761904763,0.24299065420560748,105,0.3878787878787879,0.34408602150537637,0.3646723646723647,186,0.31645569620253167,0.3546099290780142,0.33444816053511706,141,"{""model__class_weight"": null, ""model__C"": 0.01}"
A,Regresion_Logistica,10,F2,0.05879039999854285,0.30619499457013566,0.3127762745193636,0.25139664804469275,0.3488372093023256,0.2922077922077922,129,0.3691275167785235,0.3819444444444444,0.37542662116040953,144,0.3173076923076923,0.20754716981132076,0.2509505703422053,159,"{""model__class_weight"": null, ""model__C"": 0.01}"
A,Regresion_Logistica,10,F3,0.0789126000017859,0.3477676980842492,0.3541799363947015,0.375,0.35664335664335667,0.3655913978494624,143,0.35911602209944754,0.4642857142857143,0.40498442367601245,140,0.3130434782608696,0.24161073825503357,0.2727272727272727,149,"{""model__class_weight"": null, ""model__C"": 0.01}"
A,Regresion_Logistica,10,F4,0.0886332000081893,0.35587191630734427,0.3673044575750628,0.42379182156133827,0.5533980582524272,0.48,206,0.3617021276595745,0.3617021276595745,0.3617021276595745,188,0.2857142857142857,0.18681318681318682,0.22591362126245848,182,"{""model__class_weight"": null, ""model__C"": 0.01}"
A,Regresion_Logistica,11,F1,0.4621742000017548,0.32406180452296957,0.3242365809284134,0.24752475247524752,0.23809523809523808,0.24271844660194175,105,0.391304347826087,0.3870967741935484,0.3891891891891892,186,0.3333333333333333,0.3475177304964539,0.3402777777777778,141,"{""model__class_weight"": ""balanced"", ""model__C"": 10.0}"
A,Regresion_Logistica,11,F2,0.5284928000037326,0.3219718000345728,0.3256240553849154,0.2598870056497175,0.35658914728682173,0.3006535947712418,129,0.38848920863309355,0.375,0.38162544169611307,144,0.33620689655172414,0.24528301886792453,0.28363636363636363,159,"{""model__class_weight"": ""balanced"", ""model__C"": 10.0}"
A,Regresion_Logistica,11,F3,0.7474357999890344,0.33470565963922033,0.3372755879467289,0.37593984962406013,0.34965034965034963,0.36231884057971014,143,0.3413173652694611,0.40714285714285714,0.3713355048859935,140,0.2878787878787879,0.2550335570469799,0.2704626334519573,149,"{""model__class_weight"": ""balanced"", ""model__C"": 10.0}"
A,Regresion_Logistica,11,F4,0.785070000012638,0.3501863045532731,0.3555432723992939,0.40239043824701193,0.49029126213592233,0.4420131291028446,206,0.3567567567567568,0.35106382978723405,0.353887399463807,188,0.29285714285714287,0.22527472527472528,0.2546583850931677,182,"{""model__class_weight"": ""balanced"", ""model__C"": 10.0}"
A,Regresion_Logistica,12,F1,0.2194634000043152,0.33151170050587836,0.33327450403634346,0.25,0.2761904761904762,0.26244343891402716,105,0.4024390243902439,0.3548387096774194,0.37714285714285717,186,0.34210526315789475,0.36879432624113473,0.35494880546075086,141,"{""model__class_weight"": null, ""model__C"": 1.0}"
A,Regresion_Logistica,12,F2,0.3451774999994086,0.325713189065234,0.3304720637706597,0.26744186046511625,0.35658914728682173,0.30564784053156147,129,0.3904109589041096,0.3958333333333333,0.3931034482758621,144,0.3333333333333333,0.2389937106918239,0.2783882783882784,159,"{""model__class_weight"": null, ""model__C"": 1.0}"
A,Regresion_Logistica,12,F3,0.3004382000071928,0.33892871973544764,0.34203749270863365,0.3816793893129771,0.34965034965034963,0.36496350364963503,143,0.34502923976608185,0.42142857142857143,0.37942122186495175,140,0.2923076923076923,0.2550335570469799,0.2724014336917563,149,"{""model__class_weight"": null, ""model__C"": 1.0}"
A,Regresion_Logistica,12,F4,0.38997180000296794,0.3498773299703652,0.354293454944147,0.40329218106995884,0.47572815533980584,0.4365256124721604,206,0.3544973544973545,0.35638297872340424,0.35543766578249336,188,0.2916666666666667,0.23076923076923078,0.25766871165644173,182,"{""model__class_weight"": null, ""model__C"": 1.0}"
A,Random_Forest,1,F1,2.890009700000519,0.2953499370246739,0.2977906330686015,0.16129032258064516,0.14285714285714285,0.15151515151515152,105,0.4251497005988024,0.3817204301075269,0.40226628895184136,186,0.3023255813953488,0.36879432624113473,0.33226837060702874,141,"{""n_estimators"": 300, ""min_samples_split"": 2, ""min_samples_leaf"": 3, ""max_features"": 0.8, ""max_depth"": 24, ""class_weight"": null, ""bootstrap"": true}"
A,Random_Forest,1,F2,3.967025999998441,0.34961069275944734,0.35148721011489764,0.31756756756756754,0.3643410852713178,0.33935018050541516,129,0.3793103448275862,0.3819444444444444,0.3806228373702422,144,0.35251798561151076,0.3081761006289308,0.3288590604026846,159,"{""n_estimators"": 300, ""min_samples_split"": 2, ""min_samples_leaf"": 3, ""max_features"": 0.8, ""max_depth"": 24, ""class_weight"": null, ""bootstrap"": true}"
A,Random_Forest,1,F3,4.93612430000212,0.364413518830685,0.3664203805143402,0.37719298245614036,0.3006993006993007,0.3346303501945525,143,0.3875,0.44285714285714284,0.41333333333333333,140,0.33544303797468356,0.35570469798657717,0.34527687296416937,149,"{""n_estimators"": 300, ""min_samples_split"": 2, ""min_samples_leaf"": 3, ""max_features"": 0.8, ""max_depth"": 24, ""class_weight"": null, ""bootstrap"": true}"
A,Random_Forest,1,F4,5.902524599994649,0.33548074978118086,0.33617951971597915,0.39436619718309857,0.4077669902912621,0.4009546539379475,206,0.3291139240506329,0.2765957446808511,0.30057803468208094,188,0.28780487804878047,0.3241758241758242,0.3049095607235142,182,"{""n_estimators"": 300, ""min_samples_split"": 2, ""min_samples_leaf"": 3, ""max_features"": 0.8, ""max_depth"": 24, ""class_weight"": null, ""bootstrap"": true}"
A,Random_Forest,2,F1,8.161377699987497,0.31394999200923596,0.3171803335839026,0.19318181818181818,0.1619047619047619,0.17616580310880828,105,0.41954022988505746,0.3924731182795699,0.40555555555555556,186,0.32941176470588235,0.3971631205673759,0.36012861736334406,141,"{""n_estimators"": 1000, ""min_samples_split"": 10, ""min_samples_leaf"": 8, ""max_features"": 0.8, ""max_depth"": 16, ""class_weight"": null, ""bootstrap"": true}"
A,Random_Forest,2,F2,10.786276400001952,0.3350633442402886,0.3358157411470268,0.2896551724137931,0.32558139534883723,0.30656934306569344,129,0.3561643835616438,0.3611111111111111,0.3586206896551724,144,0.3617021276595745,0.32075471698113206,0.34,159,"{""n_estimators"": 1000, ""min_samples_split"": 10, ""min_samples_leaf"": 8, ""max_features"": 0.8, ""max_depth"": 16, ""class_weight"": null, ""bootstrap"": true}"
A,Random_Forest,2,F3,13.774399999994785,0.39056848606758926,0.39144826091134816,0.4117647058823529,0.34265734265734266,0.37404580152671757,143,0.3885350318471338,0.4357142857142857,0.4107744107744108,140,0.3782051282051282,0.3959731543624161,0.38688524590163936,149,"{""n_estimators"": 1000, ""min_samples_split"": 10, ""min_samples_leaf"": 8, ""max_features"": 0.8, ""max_depth"": 16, ""class_weight"": null, ""bootstrap"": true}"
A,Random_Forest,2,F4,16.50510419999773,0.35143207663870274,0.35217782630507277,0.4236453201970443,0.4174757281553398,0.42053789731051344,206,0.3333333333333333,0.28191489361702127,0.30547550432276654,188,0.3037383177570093,0.35714285714285715,0.3282828282828283,182,"{""n_estimators"": 1000, ""min_samples_split"": 10, ""min_samples_leaf"": 8, ""max_features"": 0.8, ""max_depth"": 16, ""class_weight"": null, ""bootstrap"": true}"
A,Random_Forest,3,F1,5.057593699995778,0.30769916846689777,0.31654955278839975,0.15942028985507245,0.10476190476190476,0.12643678160919541,105,0.42162162162162165,0.41935483870967744,0.42048517520215634,186,0.33707865168539325,0.425531914893617,0.3761755485893417,141,"{""n_estimators"": 500, ""min_samples_split"": 2, ""min_samples_leaf"": 2, ""max_features"": 0.8, ""max_depth"": 32, ""class_weight"": ""balanced"", ""bootstrap"": true}"
A,Random_Forest,3,F2,6.629815100008273,0.353577781622584,0.353999073667788,0.3188405797101449,0.34108527131782945,0.3295880149812734,129,0.3776223776223776,0.375,0.37630662020905925,144,0.36423841059602646,0.34591194968553457,0.3548387096774194,159,"{""n_estimators"": 500, ""min_samples_split"": 2, ""min_samples_leaf"": 2, ""max_features"": 0.8, ""max_depth"": 32, ""class_weight"": ""balanced"", ""bootstrap"": true}"
A,Random_Forest,3,F3,8.314470099998289,0.3683982640358479,0.3686893643269482,0.4015748031496063,0.35664335664335667,0.37777777777777777,143,0.36538461538461536,0.40714285714285714,0.38513513513513514,140,0.3422818791946309,0.3422818791946309,0.3422818791946309,149,"{""n_estimators"": 500, ""min_samples_split"": 2, ""min_samples_leaf"": 2, ""max_features"": 0.8, ""max_depth"": 32, ""class_weight"": ""balanced"", ""bootstrap"": true}"
A,Random_Forest,3,F4,10.003978599997936,0.36391859113440694,0.36691628965952455,0.4185022026431718,0.46116504854368934,0.4387990762124711,206,0.32894736842105265,0.26595744680851063,0.29411764705882354,188,0.34517766497461927,0.37362637362637363,0.35883905013192613,182,"{""n_estimators"": 500, ""min_samples_split"": 2, ""min_samples_leaf"": 2, ""max_features"": 0.8, ""max_depth"": 32, ""class_weight"": ""balanced"", ""bootstrap"": true}"
A,Random_Forest,4,F1,1.2472783999983221,0.2948775115840247,0.30252748090771425,0.20689655172413793,0.11428571428571428,0.147239263803681,105,0.38860103626943004,0.4032258064516129,0.39577836411609496,186,0.30386740331491713,0.3900709219858156,0.3416149068322981,141,"{""n_estimators"": 500, ""min_samples_split"": 4, ""min_samples_leaf"": 4, ""max_features"": ""log2"", ""max_depth"": 20, ""class_weight"": ""balanced_subsample"", ""bootstrap"": true}"
A,Random_Forest,4,F2,1.2679208000045037,0.330258792442192,0.3304294037345814,0.2857142857142857,0.31007751937984496,0.29739776951672864,129,0.3617021276595745,0.3541666666666667,0.35789473684210527,144,0.3443708609271523,0.3270440251572327,0.33548387096774196,159,"{""n_estimators"": 500, ""min_samples_split"": 4, ""min_samples_leaf"": 4, ""max_features"": ""log2"", ""max_depth"": 20, ""class_weight"": ""balanced_subsample"", ""bootstrap"": true}"
A,Random_Forest,4,F3,1.3038381999940611,0.35753575357535755,0.3592775233714831,0.3739130434782609,0.3006993006993007,0.3333333333333333,143,0.3619631901840491,0.42142857142857143,0.38943894389438943,140,0.34415584415584416,0.35570469798657717,0.34983498349834985,149,"{""n_estimators"": 500, ""min_samples_split"": 4, ""min_samples_leaf"": 4, ""max_features"": ""log2"", ""max_depth"": 20, ""class_weight"": ""balanced_subsample"", ""bootstrap"": true}"
A,Random_Forest,4,F4,1.3719492000091122,0.34525041381863625,0.34811606145008334,0.4092827004219409,0.470873786407767,0.43792325056433407,206,0.3227848101265823,0.2712765957446808,0.2947976878612717,188,0.30386740331491713,0.3021978021978022,0.30303030303030304,182,"{""n_estimators"": 500, ""min_samples_split"": 4, ""min_samples_leaf"": 4, ""max_features"": ""log2"", ""max_depth"": 20, ""class_weight"": ""balanced_subsample"", ""bootstrap"": true}"
A,Random_Forest,5,F1,1.5243985999986762,0.2869598665876089,0.28792474207711,0.15841584158415842,0.1523809523809524,0.1553398058252427,105,0.39204545454545453,0.3709677419354839,0.3812154696132597,186,0.3096774193548387,0.3404255319148936,0.32432432432432434,141,"{""n_estimators"": 300, ""min_samples_split"": 2, ""min_samples_leaf"": 4, ""max_features"": 0.4, ""max_depth"": 16, ""class_weight"": null, ""bootstrap"": true}"
A,Random_Forest,5,F2,2.013910499998019,0.3416397097794104,0.34336453610257905,0.31297709923664124,0.3178294573643411,0.3153846153846154,129,0.3870967741935484,0.4166666666666667,0.4013377926421405,144,0.3219178082191781,0.29559748427672955,0.3081967213114754,159,"{""n_estimators"": 300, ""min_samples_split"": 2, ""min_samples_leaf"": 4, ""max_features"": 0.4, ""max_depth"": 16, ""class_weight"": null, ""bootstrap"": true}"
A,Random_Forest,5,F3,2.402376300000469,0.35484189890032763,0.3550348979879181,0.4017094017094017,0.32867132867132864,0.36153846153846153,143,0.3670886075949367,0.4142857142857143,0.38926174496644295,140,0.3057324840764331,0.3221476510067114,0.3137254901960784,149,"{""n_estimators"": 300, ""min_samples_split"": 2, ""min_samples_leaf"": 4, ""max_features"": 0.4, ""max_depth"": 16, ""class_weight"": null, ""bootstrap"": true}"
A,Random_Forest,5,F4,2.839224600000307,0.3367270167182181,0.3379145470655489,0.3953488372093023,0.41262135922330095,0.40380047505938244,206,0.33557046979865773,0.26595744680851063,0.29673590504451036,188,0.28773584905660377,0.33516483516483514,0.3096446700507614,182,"{""n_estimators"": 300, ""min_samples_split"": 2, ""min_samples_leaf"": 4, ""max_features"": 0.4, ""max_depth"": 16, ""class_weight"": null, ""bootstrap"": true}"
A,Random_Forest,6,F1,7.281137900004978,0.29989782725089836,0.303166977154623,0.17857142857142858,0.14285714285714285,0.15873015873015872,105,0.4134078212290503,0.3978494623655914,0.4054794520547945,186,0.3076923076923077,0.36879432624113473,0.33548387096774196,141,"{""n_estimators"": 1000, ""min_samples_split"": 2, ""min_samples_leaf"": 4, ""max_features"": 0.6, ""max_depth"": null, ""class_weight"": ""balanced_subsample"", ""bootstrap"": true}"
A,Random_Forest,6,F2,9.579248399997596,0.3424706777688244,0.3440044366437521,0.3146853146853147,0.3488372093023256,0.33088235294117646,129,0.36486486486486486,0.375,0.3698630136986301,144,0.3475177304964539,0.3081761006289308,0.32666666666666666,159,"{""n_estimators"": 1000, ""min_samples_split"": 2, ""min_samples_leaf"": 4, ""max_features"": 0.6, ""max_depth"": null, ""class_weight"": ""balanced_subsample"", ""bootstrap"": true}"
A,Random_Forest,6,F3,12.315047800002503,0.3633284414152452,0.36408334394911573,0.36885245901639346,0.3146853146853147,0.33962264150943394,143,0.4,0.42857142857142855,0.41379310344827586,140,0.325,0.348993288590604,0.3365695792880259,149,"{""n_estimators"": 1000, ""min_samples_split"": 2, ""min_samples_leaf"": 4, ""max_features"": 0.6, ""max_depth"": null, ""class_weight"": ""balanced_subsample"", ""bootstrap"": true}"
A,Random_Forest,6,F4,14.436573900005897,0.3498099457598011,0.3510524798481833,0.4117647058823529,0.441747572815534,0.4262295081967213,206,0.3312883435582822,0.2872340425531915,0.3076923076923077,188,0.3072916666666667,0.3241758241758242,0.3155080213903743,182,"{""n_estimators"": 1000, ""min_samples_split"": 2, ""min_samples_leaf"": 4, ""max_features"": 0.6, ""max_depth"": null, ""class_weight"": ""balanced_subsample"", ""bootstrap"": true}"
A,Random_Forest,7,F1,1.6903526999958558,0.2807145404747004,0.2921070693205216,0.11666666666666667,0.06666666666666667,0.08484848484848485,105,0.3923444976076555,0.44086021505376344,0.4151898734177215,186,0.31901840490797545,0.36879432624113473,0.34210526315789475,141,"{""n_estimators"": 500, ""min_samples_split"": 2, ""min_samples_leaf"": 2, ""max_features"": 0.25, ""max_depth"": 8, ""class_weight"": ""balanced_subsample"", ""bootstrap"": true}"
A,Random_Forest,7,F2,1.9757548999914434,0.346703194736415,0.3488463507386281,0.2878787878787879,0.29457364341085274,0.29118773946360155,129,0.39375,0.4375,0.4144736842105263,144,0.35714285714285715,0.31446540880503143,0.33444816053511706,159,"{""n_estimators"": 500, ""min_samples_split"": 2, ""min_samples_leaf"": 2, ""max_features"": 0.25, ""max_depth"": 8, ""class_weight"": ""balanced_subsample"", ""bootstrap"": true}"
A,Random_Forest,7,F3,2.0938522999931592,0.37830230087271327,0.38304313136527895,0.3761467889908257,0.2867132867132867,0.3253968253968254,143,0.41420118343195267,0.5,0.45307443365695793,140,0.35064935064935066,0.3624161073825503,0.3564356435643564,149,"{""n_estimators"": 500, ""min_samples_split"": 2, ""min_samples_leaf"": 2, ""max_features"": 0.25, ""max_depth"": 8, ""class_weight"": ""balanced_subsample"", ""bootstrap"": true}"
A,Random_Forest,7,F4,2.350711399994907,0.3633395869106481,0.36405307836830253,0.4528301886792453,0.46601941747572817,0.45933014354066987,206,0.33507853403141363,0.3404255319148936,0.33773087071240104,188,0.30057803468208094,0.2857142857142857,0.29295774647887324,182,"{""n_estimators"": 500, ""min_samples_split"": 2, ""min_samples_leaf"": 2, ""max_features"": 0.25, ""max_depth"": 8, ""class_weight"": ""balanced_subsample"", ""bootstrap"": true}"
A,Random_Forest,8,F1,1.7785637000051793,0.30111429623317765,0.31223104661677065,0.19607843137254902,0.09523809523809523,0.1282051282051282,105,0.3902439024390244,0.43010752688172044,0.4092071611253197,186,0.32954545454545453,0.41134751773049644,0.3659305993690852,141,"{""n_estimators"": 1000, ""min_samples_split"": 6, ""min_samples_leaf"": 2, ""max_features"": ""log2"", ""max_depth"": 12, ""class_weight"": ""balanced"", ""bootstrap"": true}"
A,Random_Forest,8,F2,1.909475599997677,0.3408834273110644,0.34086079827084653,0.29770992366412213,0.3023255813953488,0.3,129,0.3706293706293706,0.3680555555555556,0.3693379790940767,144,0.35443037974683544,0.3522012578616352,0.35331230283911674,159,"{""n_estimators"": 1000, ""min_samples_split"": 6, ""min_samples_leaf"": 2, ""max_features"": ""log2"", ""max_depth"": 12, ""class_weight"": ""balanced"", ""bootstrap"": true}"
A,Random_Forest,8,F3,1.995513600006234,0.36181998142131033,0.3642771099146938,0.3826086956521739,0.3076923076923077,0.34108527131782945,143,0.36046511627906974,0.44285714285714284,0.3974358974358974,140,0.35172413793103446,0.3422818791946309,0.3469387755102041,149,"{""n_estimators"": 1000, ""min_samples_split"": 6, ""min_samples_leaf"": 2, ""max_features"": ""log2"", ""max_depth"": 12, ""class_weight"": ""balanced"", ""bootstrap"": true}"
A,Random_Forest,8,F4,2.0202025000035064,0.34906270292507185,0.3525436726738111,0.43037974683544306,0.49514563106796117,0.4604966139954853,206,0.31097560975609756,0.2712765957446808,0.2897727272727273,188,0.3028571428571429,0.29120879120879123,0.2969187675070028,182,"{""n_estimators"": 1000, ""min_samples_split"": 6, ""min_samples_leaf"": 2, ""max_features"": ""log2"", ""max_depth"": 12, ""class_weight"": ""balanced"", ""bootstrap"": true}"
A,Random_Forest,9,F1,4.002464600009262,0.2928264780692375,0.299019511716835,0.17647058823529413,0.11428571428571428,0.13872832369942195,105,0.39086294416243655,0.41397849462365593,0.402088772845953,186,0.31137724550898205,0.36879432624113473,0.33766233766233766,141,"{""n_estimators"": 700, ""min_samples_split"": 10, ""min_samples_leaf"": 3, ""max_features"": 0.6, ""max_depth"": 8, ""class_weight"": ""balanced_subsample"", ""bootstrap"": true}"
A,Random_Forest,9,F2,5.07998399999633,0.3414258113971562,0.3448718573773422,0.2900763358778626,0.29457364341085274,0.2923076923076923,129,0.378698224852071,0.4444444444444444,0.40894568690095845,144,0.3560606060606061,0.29559748427672955,0.3230240549828179,159,"{""n_estimators"": 700, ""min_samples_split"": 10, ""min_samples_leaf"": 3, ""max_features"": 0.6, ""max_depth"": 8, ""class_weight"": ""balanced_subsample"", ""bootstrap"": true}"
A,Random_Forest,9,F3,6.238973200001055,0.3739217608199818,0.3809558450498048,0.37254901960784315,0.26573426573426573,0.31020408163265306,143,0.4124293785310734,0.5214285714285715,0.4605678233438486,140,0.3464052287581699,0.35570469798657717,0.3509933774834437,149,"{""n_estimators"": 700, ""min_samples_split"": 10, ""min_samples_leaf"": 3, ""max_features"": 0.6, ""max_depth"": 8, ""class_weight"": ""balanced_subsample"", ""bootstrap"": true}"
A,Random_Forest,9,F4,7.0840629000013,0.36632732997927925,0.3665831689483827,0.44075829383886256,0.45145631067961167,0.4460431654676259,206,0.34806629834254144,0.3351063829787234,0.34146341463414637,188,0.30978260869565216,0.3131868131868132,0.3114754098360656,182,"{""n_estimators"": 700, ""min_samples_split"": 10, ""min_samples_leaf"": 3, ""max_features"": 0.6, ""max_depth"": 8, ""class_weight"": ""balanced_subsample"", ""bootstrap"": true}"
A,Random_Forest,10,F1,3.3574667000066256,0.2997780428012986,0.3083134512098136,0.18333333333333332,0.10476190476190476,0.13333333333333333,105,0.39800995024875624,0.43010752688172044,0.4134366925064599,186,0.3216374269005848,0.3900709219858156,0.3525641025641026,141,"{""n_estimators"": 700, ""min_samples_split"": 10, ""min_samples_leaf"": 4, ""max_features"": 0.4, ""max_depth"": 12, ""class_weight"": ""balanced"", ""bootstrap"": true}"
A,Random_Forest,10,F2,4.224871500002337,0.3459636509616437,0.34581037817106264,0.3037037037037037,0.3178294573643411,0.3106060606060606,129,0.37681159420289856,0.3611111111111111,0.36879432624113473,144,0.3584905660377358,0.3584905660377358,0.3584905660377358,159,"{""n_estimators"": 700, ""min_samples_split"": 10, ""min_samples_leaf"": 4, ""max_features"": 0.4, ""max_depth"": 12, ""class_weight"": ""balanced"", ""bootstrap"": true}"
A,Random_Forest,10,F3,5.0223904000013135,0.36406307297396406,0.3667080123455962,0.38392857142857145,0.3006993006993007,0.33725490196078434,143,0.3855421686746988,0.45714285714285713,0.41830065359477125,140,0.33116883116883117,0.3422818791946309,0.33663366336633666,149,"{""n_estimators"": 700, ""min_samples_split"": 10, ""min_samples_leaf"": 4, ""max_features"": 0.4, ""max_depth"": 12, ""class_weight"": ""balanced"", ""bootstrap"": true}"
A,Random_Forest,10,F4,5.876498500001617,0.3590910995878283,0.3601515368195806,0.4232558139534884,0.441747572815534,0.4323040380047506,206,0.3374233128834356,0.2925531914893617,0.31339031339031337,188,0.3181818181818182,0.34615384615384615,0.33157894736842103,182,"{""n_estimators"": 700, ""min_samples_split"": 10, ""min_samples_leaf"": 4, ""max_features"": 0.4, ""max_depth"": 12, ""class_weight"": ""balanced"", ""bootstrap"": true}"
A,Random_Forest,11,F1,1.8457638999971095,0.3007387217279205,0.3116590951182578,0.2,0.09523809523809523,0.12903225806451613,105,0.3875598086124402,0.43548387096774194,0.41012658227848103,186,0.32947976878612717,0.40425531914893614,0.3630573248407643,141,"{""n_estimators"": 1000, ""min_samples_split"": 4, ""min_samples_leaf"": 8, ""max_features"": ""sqrt"", ""max_depth"": 24, ""class_weight"": ""balanced"", ""bootstrap"": true}"
A,Random_Forest,11,F2,2.035339499998372,0.32985825319966927,0.3303786179773455,0.2826086956521739,0.3023255813953488,0.29213483146067415,129,0.3581081081081081,0.3680555555555556,0.363013698630137,144,0.3493150684931507,0.32075471698113206,0.3344262295081967,159,"{""n_estimators"": 1000, ""min_samples_split"": 4, ""min_samples_leaf"": 8, ""max_features"": ""sqrt"", ""max_depth"": 24, ""class_weight"": ""balanced"", ""bootstrap"": true}"
A,Random_Forest,11,F3,2.2565351000084775,0.3809574696288949,0.3824557992343227,0.4017094017094017,0.32867132867132864,0.36153846153846153,143,0.3803680981595092,0.44285714285714284,0.40924092409240925,140,0.3684210526315789,0.37583892617449666,0.37209302325581395,149,"{""n_estimators"": 1000, ""min_samples_split"": 4, ""min_samples_leaf"": 8, ""max_features"": ""sqrt"", ""max_depth"": 24, ""class_weight"": ""balanced"", ""bootstrap"": true}"
A,Random_Forest,11,F4,2.4866231000050902,0.35051966424515446,0.3532802837182098,0.4117647058823529,0.47572815533980584,0.44144144144144143,206,0.32515337423312884,0.28191489361702127,0.301994301994302,188,0.3142857142857143,0.3021978021978022,0.3081232492997199,182,"{""n_estimators"": 1000, ""min_samples_split"": 4, ""min_samples_leaf"": 8, ""max_features"": ""sqrt"", ""max_depth"": 24, ""class_weight"": ""balanced"", ""bootstrap"": true}"
A,Random_Forest,12,F1,1.647913000007975,0.29097994902686414,0.30196424486060724,0.16363636363636364,0.08571428571428572,0.1125,105,0.39800995024875624,0.43010752688172044,0.4134366925064599,186,0.3125,0.3900709219858156,0.3470031545741325,141,"{""n_estimators"": 700, ""min_samples_split"": 2, ""min_samples_leaf"": 8, ""max_features"": ""log2"", ""max_depth"": 32, ""class_weight"": ""balanced_subsample"", ""bootstrap"": true}"
A,Random_Forest,12,F2,1.7135995999997249,0.3237478159580664,0.32462763882794593,0.2867132867132867,0.3178294573643411,0.3014705882352941,129,0.35172413793103446,0.3541666666666667,0.35294117647058826,144,0.3333333333333333,0.3018867924528302,0.31683168316831684,159,"{""n_estimators"": 700, ""min_samples_split"": 2, ""min_samples_leaf"": 8, ""max_features"": ""log2"", ""max_depth"": 32, ""class_weight"": ""balanced_subsample"", ""bootstrap"": true}"
A,Random_Forest,12,F3,1.7706302000005962,0.3803865016489601,0.3830310628968347,0.40869565217391307,0.32867132867132864,0.3643410852713178,143,0.38372093023255816,0.4714285714285714,0.4230769230769231,140,0.3586206896551724,0.348993288590604,0.35374149659863946,149,"{""n_estimators"": 700, ""min_samples_split"": 2, ""min_samples_leaf"": 8, ""max_features"": ""log2"", ""max_depth"": 32, ""class_weight"": ""balanced_subsample"", ""bootstrap"": true}"
A,Random_Forest,12,F4,1.8675462000101106,0.3553685563857105,0.3581726749460689,0.41841004184100417,0.4854368932038835,0.449438202247191,206,0.3373493975903614,0.2978723404255319,0.3163841807909605,188,0.30994152046783624,0.29120879120879123,0.3002832861189802,182,"{""n_estimators"": 700, ""min_samples_split"": 2, ""min_samples_leaf"": 8, ""max_features"": ""log2"", ""max_depth"": 32, ""class_weight"": ""balanced_subsample"", ""bootstrap"": true}"
A,Random_Forest,13,F1,4.379152499997872,0.29186075549072843,0.29575993289102415,0.1590909090909091,0.13333333333333333,0.14507772020725387,105,0.40828402366863903,0.3709677419354839,0.38873239436619716,186,0.30857142857142855,0.3829787234042553,0.34177215189873417,141,"{""n_estimators"": 1000, ""min_samples_split"": 6, ""min_samples_leaf"": 8, ""max_features"": 0.4, ""max_depth"": null, ""class_weight"": null, ""bootstrap"": true}"
A,Random_Forest,13,F2,5.794541399998707,0.34034735783356057,0.34239554385451704,0.3108108108108108,0.35658914728682173,0.33212996389891697,129,0.3698630136986301,0.375,0.3724137931034483,144,0.34057971014492755,0.29559748427672955,0.3164983164983165,159,"{""n_estimators"": 1000, ""min_samples_split"": 6, ""min_samples_leaf"": 8, ""max_features"": 0.4, ""max_depth"": null, ""class_weight"": null, ""bootstrap"": true}"
A,Random_Forest,13,F3,7.163996799994493,0.3748081686181783,0.3757443898383495,0.415929203539823,0.32867132867132864,0.3671875,143,0.38509316770186336,0.44285714285714284,0.4119601328903654,140,0.33544303797468356,0.35570469798657717,0.34527687296416937,149,"{""n_estimators"": 1000, ""min_samples_split"": 6, ""min_samples_leaf"": 8, ""max_features"": 0.4, ""max_depth"": null, ""class_weight"": null, ""bootstrap"": true}"
A,Random_Forest,13,F4,8.671748099994147,0.35745573540114,0.35953183014740536,0.4318181818181818,0.46116504854368934,0.4460093896713615,206,0.32903225806451614,0.2712765957446808,0.29737609329446063,188,0.31343283582089554,0.34615384615384615,0.3289817232375979,182,"{""n_estimators"": 1000, ""min_samples_split"": 6, ""min_samples_leaf"": 8, ""max_features"": 0.4, ""max_depth"": null, ""class_weight"": null, ""bootstrap"": true}"
A,Random_Forest,14,F1,1.2213496000040323,0.2999572741962866,0.3104389319214302,0.17543859649122806,0.09523809523809523,0.12345679012345678,105,0.395,0.42473118279569894,0.40932642487046633,186,0.3314285714285714,0.41134751773049644,0.3670886075949367,141,"{""n_estimators"": 500, ""min_samples_split"": 6, ""min_samples_leaf"": 8, ""max_features"": ""sqrt"", ""max_depth"": 12, ""class_weight"": ""balanced_subsample"", ""bootstrap"": true}"
A,Random_Forest,14,F2,1.3176226999930805,0.3533237856546127,0.35438504542278126,0.31386861313868614,0.3333333333333333,0.3233082706766917,129,0.38666666666666666,0.4027777777777778,0.3945578231292517,144,0.3586206896551724,0.3270440251572327,0.34210526315789475,159,"{""n_estimators"": 500, ""min_samples_split"": 6, ""min_samples_leaf"": 8, ""max_features"": ""sqrt"", ""max_depth"": 12, ""class_weight"": ""balanced_subsample"", ""bootstrap"": true}"
A,Random_Forest,14,F3,1.3427213999966625,0.35760009452105973,0.36252740548042556,0.34782608695652173,0.27972027972027974,0.31007751937984496,143,0.39766081871345027,0.4857142857142857,0.43729903536977494,140,0.3287671232876712,0.3221476510067114,0.3254237288135593,149,"{""n_estimators"": 500, ""min_samples_split"": 6, ""min_samples_leaf"": 8, ""max_features"": ""sqrt"", ""max_depth"": 12, ""class_weight"": ""balanced_subsample"", ""bootstrap"": true}"
A,Random_Forest,14,F4,1.4301682999939658,0.35401983092835493,0.3567299085270579,0.4194915254237288,0.48058252427184467,0.4479638009049774,206,0.3375796178343949,0.28191489361702127,0.3072463768115942,188,0.30601092896174864,0.3076923076923077,0.30684931506849317,182,"{""n_estimators"": 500, ""min_samples_split"": 6, ""min_samples_leaf"": 8, ""max_features"": ""sqrt"", ""max_depth"": 12, ""class_weight"": ""balanced_subsample"", ""bootstrap"": true}"
A,Random_Forest,15,F1,4.595690800008015,0.29867743185068424,0.3049678073013694,0.17142857142857143,0.11428571428571428,0.13714285714285715,105,0.4030612244897959,0.42473118279569894,0.41361256544502617,186,0.3192771084337349,0.375886524822695,0.34527687296416937,141,"{""n_estimators"": 1000, ""min_samples_split"": 10, ""min_samples_leaf"": 6, ""max_features"": 0.4, ""max_depth"": 12, ""class_weight"": ""balanced_subsample"", ""bootstrap"": true}"
A,Random_Forest,15,F2,5.852228500007186,0.3441557033826777,0.3448058358929355,0.2971014492753623,0.3178294573643411,0.30711610486891383,129,0.3904109589041096,0.3958333333333333,0.3931034482758621,144,0.34459459459459457,0.32075471698113206,0.3322475570032573,159,"{""n_estimators"": 1000, ""min_samples_split"": 10, ""min_samples_leaf"": 6, ""max_features"": 0.4, ""max_depth"": 12, ""class_weight"": ""balanced_subsample"", ""bootstrap"": true}"
A,Random_Forest,15,F3,7.033113499986939,0.36120162186243493,0.364283144148916,0.36607142857142855,0.2867132867132867,0.3215686274509804,143,0.3902439024390244,0.45714285714285713,0.42105263157894735,140,0.3333333333333333,0.348993288590604,0.34098360655737703,149,"{""n_estimators"": 1000, ""min_samples_split"": 10, ""min_samples_leaf"": 6, ""max_features"": 0.4, ""max_depth"": 12, ""class_weight"": ""balanced_subsample"", ""bootstrap"": true}"
A,Random_Forest,15,F4,8.32102560000203,0.3606964496013929,0.3616147331288831,0.44075829383886256,0.45145631067961167,0.4460431654676259,206,0.34177215189873417,0.2872340425531915,0.31213872832369943,188,0.30434782608695654,0.34615384615384615,0.32390745501285345,182,"{""n_estimators"": 1000, ""min_samples_split"": 10, ""min_samples_leaf"": 6, ""max_features"": 0.4, ""max_depth"": 12, ""class_weight"": ""balanced_subsample"", ""bootstrap"": true}"
A,Random_Forest,16,F1,5.831738199995016,0.277792809042809,0.2881132137137628,0.13333333333333333,0.0761904761904762,0.09696969696969697,105,0.3939393939393939,0.41935483870967744,0.40625,186,0.2988505747126437,0.36879432624113473,0.33015873015873015,141,"{""n_estimators"": 1000, ""min_samples_split"": 6, ""min_samples_leaf"": 1, ""max_features"": 0.6, ""max_depth"": 8, ""class_weight"": ""balanced_subsample"", ""bootstrap"": true}"
A,Random_Forest,16,F2,7.0534155999921495,0.3294912521743214,0.33064168819982775,0.2773109243697479,0.2558139534883721,0.2661290322580645,129,0.3741935483870968,0.4027777777777778,0.3879598662207358,144,0.33544303797468356,0.3333333333333333,0.334384858044164,159,"{""n_estimators"": 1000, ""min_samples_split"": 6, ""min_samples_leaf"": 1, ""max_features"": 0.6, ""max_depth"": 8, ""class_weight"": ""balanced_subsample"", ""bootstrap"": true}"
A,Random_Forest,16,F3,8.639719500002684,0.38666776508478806,0.3920416272765266,0.4,0.27972027972027974,0.3292181069958848,143,0.4152046783625731,0.5071428571428571,0.4565916398713826,140,0.36024844720496896,0.38926174496644295,0.3741935483870968,149,"{""n_estimators"": 1000, ""min_samples_split"": 6, ""min_samples_leaf"": 1, ""max_features"": 0.6, ""max_depth"": 8, ""class_weight"": ""balanced_subsample"", ""bootstrap"": true}"
A,Random_Forest,16,F4,9.854607300003408,0.3596357636905895,0.359374065994599,0.45145631067961167,0.45145631067961167,0.45145631067961167,206,0.34269662921348315,0.324468085106383,0.3333333333333333,188,0.2864583333333333,0.3021978021978022,0.29411764705882354,182,"{""n_estimators"": 1000, ""min_samples_split"": 6, ""min_samples_leaf"": 1, ""max_features"": 0.6, ""max_depth"": 8, ""class_weight"": ""balanced_subsample"", ""bootstrap"": true}"
A,Random_Forest,17,F1,1.1230876999907196,0.2931930111801177,0.3011449924284516,0.16923076923076924,0.10476190476190476,0.12941176470588237,105,0.4,0.40860215053763443,0.40425531914893614,186,0.3107344632768362,0.3900709219858156,0.34591194968553457,141,"{""n_estimators"": 700, ""min_samples_split"": 2, ""min_samples_leaf"": 3, ""max_features"": ""log2"", ""max_depth"": 8, ""class_weight"": null, ""bootstrap"": true}"
A,Random_Forest,17,F2,1.1586476999946171,0.3311290010647135,0.3384301919295338,0.2755905511811024,0.2713178294573643,0.2734375,129,0.3825136612021858,0.4861111111111111,0.42813455657492355,144,0.3360655737704918,0.2578616352201258,0.2918149466192171,159,"{""n_estimators"": 700, ""min_samples_split"": 2, ""min_samples_leaf"": 3, ""max_features"": ""log2"", ""max_depth"": 8, ""class_weight"": null, ""bootstrap"": true}"
A,Random_Forest,17,F3,1.2049718999915058,0.36669160743234813,0.37424443565383164,0.38,0.26573426573426573,0.31275720164609055,143,0.3967391304347826,0.5214285714285715,0.4506172839506173,140,0.33783783783783783,0.33557046979865773,0.3367003367003367,149,"{""n_estimators"": 700, ""min_samples_split"": 2, ""min_samples_leaf"": 3, ""max_features"": ""log2"", ""max_depth"": 8, ""class_weight"": null, ""bootstrap"": true}"
A,Random_Forest,17,F4,1.3250452999927802,0.34748567937830716,0.3493630414204676,0.4369369369369369,0.470873786407767,0.4532710280373832,206,0.32972972972972975,0.324468085106383,0.32707774798927614,188,0.27218934911242604,0.25274725274725274,0.2621082621082621,182,"{""n_estimators"": 700, ""min_samples_split"": 2, ""min_samples_leaf"": 3, ""max_features"": ""log2"", ""max_depth"": 8, ""class_weight"": null, ""bootstrap"": true}"
A,Random_Forest,18,F1,0.530696200003149,0.30318148155296937,0.3079811746249632,0.19047619047619047,0.1523809523809524,0.1693121693121693,105,0.38953488372093026,0.3602150537634409,0.3743016759776536,186,0.32954545454545453,0.41134751773049644,0.3659305993690852,141,"{""n_estimators"": 300, ""min_samples_split"": 4, ""min_samples_leaf"": 3, ""max_features"": ""log2"", ""max_depth"": null, ""class_weight"": null, ""bootstrap"": true}"
A,Random_Forest,18,F2,0.5589493000006769,0.32570044334750214,0.3260181528610664,0.27972027972027974,0.31007751937984496,0.29411764705882354,129,0.352112676056338,0.3472222222222222,0.34965034965034963,144,0.3469387755102041,0.32075471698113206,0.3333333333333333,159,"{""n_estimators"": 300, ""min_samples_split"": 4, ""min_samples_leaf"": 3, ""max_features"": ""log2"", ""max_depth"": null, ""class_weight"": null, ""bootstrap"": true}"
A,Random_Forest,18,F3,0.615036200004397,0.3318256578947369,0.3337182951276911,0.34513274336283184,0.2727272727272727,0.3046875,143,0.3353658536585366,0.39285714285714285,0.3618421052631579,140,0.3225806451612903,0.33557046979865773,0.32894736842105265,149,"{""n_estimators"": 300, ""min_samples_split"": 4, ""min_samples_leaf"": 3, ""max_features"": ""log2"", ""max_depth"": null, ""class_weight"": null, ""bootstrap"": true}"
A,Random_Forest,18,F4,0.6295182000030763,0.3259219406262294,0.33003485187951204,0.3943089430894309,0.470873786407767,0.42920353982300885,206,0.3032258064516129,0.25,0.27405247813411077,188,0.28,0.2692307692307692,0.27450980392156865,182,"{""n_estimators"": 300, ""min_samples_split"": 4, ""min_samples_leaf"": 3, ""max_features"": ""log2"", ""max_depth"": null, ""class_weight"": null, ""bootstrap"": true}"
A,Random_Forest,19,F1,0.6374366000090959,0.2849347912567601,0.29274656556743034,0.15873015873015872,0.09523809523809523,0.11904761904761904,105,0.40298507462686567,0.43548387096774194,0.4186046511627907,186,0.2916666666666667,0.3475177304964539,0.31715210355987056,141,"{""n_estimators"": 300, ""min_samples_split"": 4, ""min_samples_leaf"": 3, ""max_features"": ""sqrt"", ""max_depth"": 24, ""class_weight"": ""balanced"", ""bootstrap"": true}"
A,Random_Forest,19,F2,0.6868428000016138,0.3550454870150954,0.3555571806997871,0.3181818181818182,0.32558139534883723,0.3218390804597701,129,0.3708609271523179,0.3888888888888889,0.37966101694915255,144,0.37583892617449666,0.3522012578616352,0.36363636363636365,159,"{""n_estimators"": 300, ""min_samples_split"": 4, ""min_samples_leaf"": 3, ""max_features"": ""sqrt"", ""max_depth"": 24, ""class_weight"": ""balanced"", ""bootstrap"": true}"
A,Random_Forest,19,F3,0.7509322999976575,0.3583263674486659,0.3596529868341949,0.373015873015873,0.32867132867132864,0.34944237918215615,143,0.36875,0.42142857142857143,0.3933333333333333,140,0.3356164383561644,0.3288590604026846,0.33220338983050846,149,"{""n_estimators"": 300, ""min_samples_split"": 4, ""min_samples_leaf"": 3, ""max_features"": ""sqrt"", ""max_depth"": 24, ""class_weight"": ""balanced"", ""bootstrap"": true}"
A,Random_Forest,19,F4,0.7923802000004798,0.36601632555746494,0.3676780597354859,0.4092827004219409,0.470873786407767,0.43792325056433407,206,0.3674698795180723,0.324468085106383,0.3446327683615819,188,0.3236994219653179,0.3076923076923077,0.3154929577464789,182,"{""n_estimators"": 300, ""min_samples_split"": 4, ""min_samples_leaf"": 3, ""max_features"": ""sqrt"", ""max_depth"": 24, ""class_weight"": ""balanced"", ""bootstrap"": true}"
A,Random_Forest,20,F1,0.732388099990203,0.31319026032401825,0.3179995860160582,0.2,0.14285714285714285,0.16666666666666666,105,0.41847826086956524,0.41397849462365593,0.41621621621621624,186,0.3236994219653179,0.3971631205673759,0.35668789808917195,141,"{""n_estimators"": 300, ""min_samples_split"": 2, ""min_samples_leaf"": 2, ""max_features"": ""log2"", ""max_depth"": 20, ""class_weight"": ""balanced_subsample"", ""bootstrap"": true}"
A,Random_Forest,20,F2,0.7645279999997001,0.339397828273629,0.33941949848049013,0.2746478873239437,0.3023255813953488,0.2878228782287823,129,0.39436619718309857,0.3888888888888889,0.3916083916083916,144,0.35135135135135137,0.3270440251572327,0.33876221498371334,159,"{""n_estimators"": 300, ""min_samples_split"": 2, ""min_samples_leaf"": 2, ""max_features"": ""log2"", ""max_depth"": 20, ""class_weight"": ""balanced_subsample"", ""bootstrap"": true}"
A,Random_Forest,20,F3,0.8574835000035819,0.3581418808396335,0.359271489137261,0.3511450381679389,0.32167832167832167,0.3357664233576642,143,0.3584905660377358,0.40714285714285714,0.38127090301003347,140,0.36619718309859156,0.348993288590604,0.35738831615120276,149,"{""n_estimators"": 300, ""min_samples_split"": 2, ""min_samples_leaf"": 2, ""max_features"": ""log2"", ""max_depth"": 20, ""class_weight"": ""balanced_subsample"", ""bootstrap"": true}"
A,Random_Forest,20,F4,0.9399170999968192,0.3449209620752949,0.3470211706629802,0.3924050632911392,0.45145631067961167,0.4198645598194131,206,0.33544303797468356,0.28191489361702127,0.3063583815028902,188,0.30939226519337015,0.3076923076923077,0.3085399449035813,182,"{""n_estimators"": 300, ""min_samples_split"": 2, ""min_samples_leaf"": 2, ""max_features"": ""log2"", ""max_depth"": 20, ""class_weight"": ""balanced_subsample"", ""bootstrap"": true}"
A,Random_Forest,21,F1,2.8201832000049762,0.27848602258051075,0.2861500582845813,0.15873015873015872,0.09523809523809523,0.11904761904761904,105,0.38974358974358975,0.40860215053763443,0.3989501312335958,186,0.28735632183908044,0.3546099290780142,0.31746031746031744,141,"{""n_estimators"": 500, ""min_samples_split"": 4, ""min_samples_leaf"": 4, ""max_features"": 0.6, ""max_depth"": 8, ""class_weight"": ""balanced_subsample"", ""bootstrap"": true}"
A,Random_Forest,21,F2,3.542536299995845,0.3478189618764433,0.3487295434969853,0.3007518796992481,0.31007751937984496,0.3053435114503817,129,0.3790849673202614,0.4027777777777778,0.39057239057239057,144,0.363013698630137,0.3333333333333333,0.3475409836065574,159,"{""n_estimators"": 500, ""min_samples_split"": 4, ""min_samples_leaf"": 4, ""max_features"": 0.6, ""max_depth"": 8, ""class_weight"": ""balanced_subsample"", ""bootstrap"": true}"
A,Random_Forest,21,F3,4.215592100008507,0.36715978775718666,0.3735753061256417,0.36633663366336633,0.25874125874125875,0.30327868852459017,143,0.38764044943820225,0.4928571428571429,0.4339622641509434,140,0.35947712418300654,0.3691275167785235,0.36423841059602646,149,"{""n_estimators"": 500, ""min_samples_split"": 4, ""min_samples_leaf"": 4, ""max_features"": 0.6, ""max_depth"": 8, ""class_weight"": ""balanced_subsample"", ""bootstrap"": true}"
A,Random_Forest,21,F4,4.9133702000108315,0.3500922562417113,0.34966532813052126,0.4264705882352941,0.4223300970873786,0.424390243902439,206,0.34269662921348315,0.324468085106383,0.3333333333333333,188,0.28350515463917525,0.3021978021978022,0.2925531914893617,182,"{""n_estimators"": 500, ""min_samples_split"": 4, ""min_samples_leaf"": 4, ""max_features"": 0.6, ""max_depth"": 8, ""class_weight"": ""balanced_subsample"", ""bootstrap"": true}"
A,Random_Forest,22,F1,2.487683300001663,0.3119235836627141,0.3193145297469251,0.18309859154929578,0.12380952380952381,0.14772727272727273,105,0.4175824175824176,0.40860215053763443,0.41304347826086957,186,0.33519553072625696,0.425531914893617,0.375,141,"{""n_estimators"": 300, ""min_samples_split"": 10, ""min_samples_leaf"": 1, ""max_features"": 0.6, ""max_depth"": 32, ""class_weight"": ""balanced"", ""bootstrap"": true}"
A,Random_Forest,22,F2,3.3247134999983246,0.3396151774716542,0.3397902345083126,0.3,0.32558139534883723,0.31226765799256506,129,0.3669064748201439,0.3541666666666667,0.36042402826855124,144,0.35294117647058826,0.33962264150943394,0.34615384615384615,159,"{""n_estimators"": 300, ""min_samples_split"": 10, ""min_samples_leaf"": 1, ""max_features"": 0.6, ""max_depth"": 32, ""class_weight"": ""balanced"", ""bootstrap"": true}"
A,Random_Forest,22,F3,4.026000700003351,0.37788182345377913,0.3783509555321636,0.421875,0.3776223776223776,0.3985239852398524,143,0.3821656050955414,0.42857142857142855,0.40404040404040403,140,0.3333333333333333,0.3288590604026846,0.3310810810810811,149,"{""n_estimators"": 300, ""min_samples_split"": 10, ""min_samples_leaf"": 1, ""max_features"": 0.6, ""max_depth"": 32, ""class_weight"": ""balanced"", ""bootstrap"": true}"
A,Random_Forest,22,F4,4.791459700005362,0.3480898217508061,0.3507630564023871,0.41964285714285715,0.4563106796116505,0.4372093023255814,206,0.3096774193548387,0.2553191489361702,0.27988338192419826,188,0.3147208121827411,0.34065934065934067,0.32717678100263853,182,"{""n_estimators"": 300, ""min_samples_split"": 10, ""min_samples_leaf"": 1, ""max_features"": 0.6, ""max_depth"": 32, ""class_weight"": ""balanced"", ""bootstrap"": true}"
A,Random_Forest,23,F1,0.5411902000050759,0.3002661952131536,0.312154786416969,0.19230769230769232,0.09523809523809523,0.12738853503184713,105,0.38578680203045684,0.40860215053763443,0.3968668407310705,186,0.3333333333333333,0.4326241134751773,0.3765432098765432,141,"{""n_estimators"": 300, ""min_samples_split"": 10, ""min_samples_leaf"": 2, ""max_features"": ""log2"", ""max_depth"": 16, ""class_weight"": ""balanced"", ""bootstrap"": true}"
A,Random_Forest,23,F2,0.5732257999916328,0.33001572903304627,0.33008812344595584,0.2777777777777778,0.2713178294573643,0.27450980392156865,129,0.3541666666666667,0.3541666666666667,0.3541666666666667,144,0.35802469135802467,0.36477987421383645,0.3613707165109034,159,"{""n_estimators"": 300, ""min_samples_split"": 10, ""min_samples_leaf"": 2, ""max_features"": ""log2"", ""max_depth"": 16, ""class_weight"": ""balanced"", ""bootstrap"": true}"
A,Random_Forest,23,F3,0.6290171000000555,0.358951118554986,0.3614707440210796,0.36607142857142855,0.2867132867132867,0.3215686274509804,143,0.36363636363636365,0.42857142857142855,0.39344262295081966,140,0.3548387096774194,0.3691275167785235,0.3618421052631579,149,"{""n_estimators"": 300, ""min_samples_split"": 10, ""min_samples_leaf"": 2, ""max_features"": ""log2"", ""max_depth"": 16, ""class_weight"": ""balanced"", ""bootstrap"": true}"
A,Random_Forest,23,F4,0.6317357000079937,0.36337783795758494,0.3667484997272232,0.4186991869918699,0.5,0.4557522123893805,206,0.3333333333333333,0.2925531914893617,0.311614730878187,188,0.3393939393939394,0.3076923076923077,0.3227665706051873,182,"{""n_estimators"": 300, ""min_samples_split"": 10, ""min_samples_leaf"": 2, ""max_features"": ""log2"", ""max_depth"": 16, ""class_weight"": ""balanced"", ""bootstrap"": true}"
A,Random_Forest,24,F1,8.747006599995075,0.3122118673897962,0.3181706267498992,0.16666666666666666,0.12380952380952381,0.14207650273224043,105,0.4262295081967213,0.41935483870967744,0.42276422764227645,186,0.3391812865497076,0.41134751773049644,0.3717948717948718,141,"{""n_estimators"": 1000, ""min_samples_split"": 10, ""min_samples_leaf"": 6, ""max_features"": 0.8, ""max_depth"": 20, ""class_weight"": ""balanced_subsample"", ""bootstrap"": true}"
A,Random_Forest,24,F2,11.900558499997715,0.33324526695697515,0.3343084198722637,0.30612244897959184,0.3488372093023256,0.32608695652173914,129,0.34532374100719426,0.3333333333333333,0.3392226148409894,144,0.3493150684931507,0.32075471698113206,0.3344262295081967,159,"{""n_estimators"": 1000, ""min_samples_split"": 10, ""min_samples_leaf"": 6, ""max_features"": 0.8, ""max_depth"": 20, ""class_weight"": ""balanced_subsample"", ""bootstrap"": true}"
A,Random_Forest,24,F3,15.04495749999478,0.36964586652620307,0.3710324351263949,0.3770491803278688,0.32167832167832167,0.3471698113207547,143,0.3885350318471338,0.4357142857142857,0.4107744107744108,140,0.3464052287581699,0.35570469798657717,0.3509933774834437,149,"{""n_estimators"": 1000, ""min_samples_split"": 10, ""min_samples_leaf"": 6, ""max_features"": 0.8, ""max_depth"": 20, ""class_weight"": ""balanced_subsample"", ""bootstrap"": true}"
A,Random_Forest,24,F4,18.360631299990928,0.3569393130815544,0.35822356050614673,0.42990654205607476,0.44660194174757284,0.4380952380952381,206,0.33125,0.28191489361702127,0.3045977011494253,188,0.3118811881188119,0.34615384615384615,0.328125,182,"{""n_estimators"": 1000, ""min_samples_split"": 10, ""min_samples_leaf"": 6, ""max_features"": 0.8, ""max_depth"": 20, ""class_weight"": ""balanced_subsample"", ""bootstrap"": true}"
A,Random_Forest,25,F1,0.7591692999994848,0.2915877152442134,0.303680099356146,0.17307692307692307,0.08571428571428572,0.11464968152866242,105,0.39086294416243655,0.41397849462365593,0.402088772845953,186,0.31693989071038253,0.41134751773049644,0.35802469135802467,141,"{""n_estimators"": 300, ""min_samples_split"": 2, ""min_samples_leaf"": 6, ""max_features"": ""log2"", ""max_depth"": null, ""class_weight"": ""balanced_subsample"", ""bootstrap"": true}"
A,Random_Forest,25,F2,0.747229900007369,0.32137546581519943,0.3213885232314368,0.3007518796992481,0.31007751937984496,0.3053435114503817,129,0.34285714285714286,0.3333333333333333,0.3380281690140845,144,0.32075471698113206,0.32075471698113206,0.32075471698113206,159,"{""n_estimators"": 300, ""min_samples_split"": 2, ""min_samples_leaf"": 6, ""max_features"": ""log2"", ""max_depth"": null, ""class_weight"": ""balanced_subsample"", ""bootstrap"": true}"
A,Random_Forest,25,F3,0.78709370001161,0.3717917921513314,0.37336343745739714,0.3949579831932773,0.32867132867132864,0.35877862595419846,143,0.3609467455621302,0.4357142857142857,0.3948220064724919,140,0.3680555555555556,0.35570469798657717,0.36177474402730375,149,"{""n_estimators"": 300, ""min_samples_split"": 2, ""min_samples_leaf"": 6, ""max_features"": ""log2"", ""max_depth"": null, ""class_weight"": ""balanced_subsample"", ""bootstrap"": true}"
A,Random_Forest,25,F4,0.8534860999934608,0.3449192621493728,0.3465155308782659,0.4104803493449782,0.4563106796116505,0.432183908045977,206,0.3411764705882353,0.30851063829787234,0.3240223463687151,188,0.2824858757062147,0.27472527472527475,0.2785515320334262,182,"{""n_estimators"": 300, ""min_samples_split"": 2, ""min_samples_leaf"": 6, ""max_features"": ""log2"", ""max_depth"": null, ""class_weight"": ""balanced_subsample"", ""bootstrap"": true}"
A,Random_Forest,26,F1,2.13932410000416,0.29402677877404454,0.30603436066716777,0.14545454545454545,0.0761904761904762,0.1,105,0.41509433962264153,0.4731182795698925,0.44221105527638194,186,0.3151515151515151,0.36879432624113473,0.33986928104575165,141,"{""n_estimators"": 700, ""min_samples_split"": 6, ""min_samples_leaf"": 1, ""max_features"": 0.25, ""max_depth"": 8, ""class_weight"": ""balanced"", ""bootstrap"": true}"
A,Random_Forest,26,F2,2.533356800006004,0.33686609686609686,0.33790608291485863,0.2845528455284553,0.2713178294573643,0.2777777777777778,129,0.3717948717948718,0.4027777777777778,0.38666666666666666,144,0.35294117647058826,0.33962264150943394,0.34615384615384615,159,"{""n_estimators"": 700, ""min_samples_split"": 6, ""min_samples_leaf"": 1, ""max_features"": 0.25, ""max_depth"": 8, ""class_weight"": ""balanced"", ""bootstrap"": true}"
A,Random_Forest,26,F3,2.822642300001462,0.38241616945520546,0.3881365837741677,0.39814814814814814,0.3006993006993007,0.3426294820717131,143,0.40782122905027934,0.5214285714285715,0.45768025078369906,140,0.35172413793103446,0.3422818791946309,0.3469387755102041,149,"{""n_estimators"": 700, ""min_samples_split"": 6, ""min_samples_leaf"": 1, ""max_features"": 0.25, ""max_depth"": 8, ""class_weight"": ""balanced"", ""bootstrap"": true}"
A,Random_Forest,26,F4,3.1583367999992333,0.3465662091830927,0.3463121778036052,0.4166666666666667,0.41262135922330095,0.4146341463414634,206,0.34054054054054056,0.3351063829787234,0.3378016085790885,188,0.28342245989304815,0.29120879120879123,0.2872628726287263,182,"{""n_estimators"": 700, ""min_samples_split"": 6, ""min_samples_leaf"": 1, ""max_features"": 0.25, ""max_depth"": 8, ""class_weight"": ""balanced"", ""bootstrap"": true}"
A,Random_Forest,27,F1,2.231534799997462,0.2829426735257618,0.2861413428331754,0.1511627906976744,0.12380952380952381,0.13612565445026178,105,0.4022346368715084,0.3870967741935484,0.39452054794520547,186,0.2934131736526946,0.3475177304964539,0.3181818181818182,141,"{""n_estimators"": 300, ""min_samples_split"": 10, ""min_samples_leaf"": 4, ""max_features"": 0.6, ""max_depth"": null, ""class_weight"": ""balanced_subsample"", ""bootstrap"": true}"
A,Random_Forest,27,F2,3.013724300006288,0.3390786785495164,0.3389827409682609,0.2867647058823529,0.3023255813953488,0.2943396226415094,129,0.3829787234042553,0.375,0.37894736842105264,144,0.34838709677419355,0.33962264150943394,0.34394904458598724,159,"{""n_estimators"": 300, ""min_samples_split"": 10, ""min_samples_leaf"": 4, ""max_features"": 0.6, ""max_depth"": null, ""class_weight"": ""balanced_subsample"", ""bootstrap"": true}"
A,Random_Forest,27,F3,3.738985699994373,0.3878017474177304,0.3894048904116018,0.39669421487603307,0.3356643356643357,0.36363636363636365,143,0.3888888888888889,0.45,0.41721854304635764,140,0.3825503355704698,0.3825503355704698,0.3825503355704698,149,"{""n_estimators"": 300, ""min_samples_split"": 10, ""min_samples_leaf"": 4, ""max_features"": 0.6, ""max_depth"": null, ""class_weight"": ""balanced_subsample"", ""bootstrap"": true}"
A,Random_Forest,27,F4,4.536679400000139,0.3515552438866061,0.3532727170921759,0.4166666666666667,0.4368932038834951,0.4265402843601896,206,0.32903225806451614,0.2712765957446808,0.29737609329446063,188,0.3121951219512195,0.3516483516483517,0.330749354005168,182,"{""n_estimators"": 300, ""min_samples_split"": 10, ""min_samples_leaf"": 4, ""max_features"": 0.6, ""max_depth"": null, ""class_weight"": ""balanced_subsample"", ""bootstrap"": true}"
A,Random_Forest,28,F1,1.2404870000027586,0.28754617491153023,0.29984747960039654,0.1206896551724138,0.06666666666666667,0.08588957055214724,105,0.40865384615384615,0.45698924731182794,0.43147208121827413,186,0.3192771084337349,0.375886524822695,0.34527687296416937,141,"{""n_estimators"": 300, ""min_samples_split"": 2, ""min_samples_leaf"": 8, ""max_features"": 0.4, ""max_depth"": 8, ""class_weight"": ""balanced"", ""bootstrap"": true}"
A,Random_Forest,28,F2,1.536449100007303,0.3517777123605796,0.3519473290754554,0.29457364341085274,0.29457364341085274,0.29457364341085274,129,0.3972602739726027,0.4027777777777778,0.4,144,0.3630573248407643,0.3584905660377358,0.36075949367088606,159,"{""n_estimators"": 300, ""min_samples_split"": 2, ""min_samples_leaf"": 8, ""max_features"": 0.4, ""max_depth"": 8, ""class_weight"": ""balanced"", ""bootstrap"": true}"
A,Random_Forest,28,F3,1.7597253999992972,0.39099715697965376,0.3939351476264228,0.41509433962264153,0.3076923076923077,0.3534136546184739,143,0.39520958083832336,0.4714285714285714,0.42996742671009774,140,0.37735849056603776,0.40268456375838924,0.38961038961038963,149,"{""n_estimators"": 300, ""min_samples_split"": 2, ""min_samples_leaf"": 8, ""max_features"": 0.4, ""max_depth"": 8, ""class_weight"": ""balanced"", ""bootstrap"": true}"
A,Random_Forest,28,F4,1.981939000004786,0.35797890365886076,0.35904378276821985,0.42152466367713004,0.4563106796116505,0.4382284382284382,206,0.3559322033898305,0.3351063829787234,0.3452054794520548,188,0.29545454545454547,0.2857142857142857,0.2905027932960894,182,"{""n_estimators"": 300, ""min_samples_split"": 2, ""min_samples_leaf"": 8, ""max_features"": 0.4, ""max_depth"": 8, ""class_weight"": ""balanced"", ""bootstrap"": true}"
A,Random_Forest,29,F1,3.834275200002594,0.3167811650840245,0.32126025427329474,0.19101123595505617,0.1619047619047619,0.17525773195876287,105,0.42168674698795183,0.3763440860215054,0.3977272727272727,186,0.3389830508474576,0.425531914893617,0.37735849056603776,141,"{""n_estimators"": 500, ""min_samples_split"": 6, ""min_samples_leaf"": 1, ""max_features"": 0.6, ""max_depth"": 16, ""class_weight"": null, ""bootstrap"": true}"
A,Random_Forest,29,F2,5.134959400005755,0.33774377901409647,0.33834893471795624,0.30434782608695654,0.32558139534883723,0.3146067415730337,129,0.375,0.375,0.375,144,0.3333333333333333,0.31446540880503143,0.32362459546925565,159,"{""n_estimators"": 500, ""min_samples_split"": 6, ""min_samples_leaf"": 1, ""max_features"": 0.6, ""max_depth"": 16, ""class_weight"": null, ""bootstrap"": true}"
A,Random_Forest,29,F3,6.323488800000632,0.38126236846078204,0.38221811745301676,0.3898305084745763,0.32167832167832167,0.3524904214559387,143,0.4066666666666667,0.4357142857142857,0.4206896551724138,140,0.35365853658536583,0.38926174496644295,0.3706070287539936,149,"{""n_estimators"": 500, ""min_samples_split"": 6, ""min_samples_leaf"": 1, ""max_features"": 0.6, ""max_depth"": 16, ""class_weight"": null, ""bootstrap"": true}"
A,Random_Forest,29,F4,7.383625100002973,0.35567255903835565,0.35730402627737884,0.41509433962264153,0.42718446601941745,0.42105263157894735,206,0.3270440251572327,0.2765957446808511,0.29971181556195964,188,0.32682926829268294,0.36813186813186816,0.3462532299741602,182,"{""n_estimators"": 500, ""min_samples_split"": 6, ""min_samples_leaf"": 1, ""max_features"": 0.6, ""max_depth"": 16, ""class_weight"": null, ""bootstrap"": true}"
A,Random_Forest,30,F1,2.53343589999713,0.32169645404939523,0.322786547700755,0.21212121212121213,0.2,0.20588235294117646,105,0.4101123595505618,0.3924731182795699,0.4010989010989011,186,0.3419354838709677,0.375886524822695,0.3581081081081081,141,"{""n_estimators"": 300, ""min_samples_split"": 4, ""min_samples_leaf"": 8, ""max_features"": 0.8, ""max_depth"": 32, ""class_weight"": null, ""bootstrap"": true}"
A,Random_Forest,30,F2,3.482052699997439,0.34360307653873473,0.3443182926234703,0.2898550724637681,0.31007751937984496,0.299625468164794,129,0.3825503355704698,0.3958333333333333,0.3890784982935154,144,0.3586206896551724,0.3270440251572327,0.34210526315789475,159,"{""n_estimators"": 300, ""min_samples_split"": 4, ""min_samples_leaf"": 8, ""max_features"": 0.8, ""max_depth"": 32, ""class_weight"": null, ""bootstrap"": true}"
A,Random_Forest,30,F3,4.566234699988854,0.360772544253458,0.36179625743384136,0.3709677419354839,0.32167832167832167,0.3445692883895131,143,0.38064516129032255,0.42142857142857143,0.4,140,0.3333333333333333,0.3422818791946309,0.33774834437086093,149,"{""n_estimators"": 300, ""min_samples_split"": 4, ""min_samples_leaf"": 8, ""max_features"": 0.8, ""max_depth"": 32, ""class_weight"": null, ""bootstrap"": true}"
A,Random_Forest,30,F4,5.249232799993479,0.34438272574960127,0.34533702887348827,0.4077669902912621,0.4077669902912621,0.4077669902912621,206,0.325,0.2765957446808511,0.2988505747126437,188,0.3047619047619048,0.3516483516483517,0.32653061224489793,182,"{""n_estimators"": 300, ""min_samples_split"": 4, ""min_samples_leaf"": 8, ""max_features"": 0.8, ""max_depth"": 32, ""class_weight"": null, ""bootstrap"": true}"
A,XGBoost,1,F1,12.118512999993982,0.32723445684978403,0.32980248608251356,0.20388349514563106,0.2,0.20192307692307693,105,0.4233128834355828,0.3709677419354839,0.3954154727793696,186,0.35542168674698793,0.41843971631205673,0.38436482084690554,141,"{""subsample"": 0.75, ""reg_lambda"": 5.0, ""reg_alpha"": 0.5, ""n_estimators"": 800, ""min_child_weight"": 5, ""max_depth"": 6, ""learning_rate"": 0.05, ""gamma"": 0.1, ""colsample_bytree"": 0.7}"
A,XGBoost,1,F2,13.985604999994393,0.3185242979756328,0.319713608957795,0.2838709677419355,0.34108527131782945,0.30985915492957744,129,0.33064516129032256,0.2847222222222222,0.30597014925373134,144,0.3464052287581699,0.3333333333333333,0.33974358974358976,159,"{""subsample"": 0.75, ""reg_lambda"": 5.0, ""reg_alpha"": 0.5, ""n_estimators"": 800, ""min_child_weight"": 5, ""max_depth"": 6, ""learning_rate"": 0.05, ""gamma"": 0.1, ""colsample_bytree"": 0.7}"
A,XGBoost,1,F3,16.252007699993555,0.3447922968340391,0.3451795408171247,0.3543307086614173,0.3146853146853147,0.3333333333333333,143,0.35333333333333333,0.37857142857142856,0.36551724137931035,140,0.32903225806451614,0.3422818791946309,0.3355263157894737,149,"{""subsample"": 0.75, ""reg_lambda"": 5.0, ""reg_alpha"": 0.5, ""n_estimators"": 800, ""min_child_weight"": 5, ""max_depth"": 6, ""learning_rate"": 0.05, ""gamma"": 0.1, ""colsample_bytree"": 0.7}"
A,XGBoost,1,F4,16.675694000005024,0.3524827775290018,0.35774118809648653,0.4199134199134199,0.470873786407767,0.4439359267734554,206,0.30935251798561153,0.22872340425531915,0.26299694189602446,188,0.3300970873786408,0.37362637362637363,0.35051546391752575,182,"{""subsample"": 0.75, ""reg_lambda"": 5.0, ""reg_alpha"": 0.5, ""n_estimators"": 800, ""min_child_weight"": 5, ""max_depth"": 6, ""learning_rate"": 0.05, ""gamma"": 0.1, ""colsample_bytree"": 0.7}"
A,XGBoost,2,F1,2.4145243000093615,0.3002087366494146,0.3019293830549836,0.22580645161290322,0.2,0.21212121212121213,105,0.38095238095238093,0.34408602150537637,0.3615819209039548,186,0.2982456140350877,0.3617021276595745,0.3269230769230769,141,"{""subsample"": 0.75, ""reg_lambda"": 2.0, ""reg_alpha"": 0.1, ""n_estimators"": 300, ""min_child_weight"": 5, ""max_depth"": 4, ""learning_rate"": 0.1, ""gamma"": 0.1, ""colsample_bytree"": 0.85}"
A,XGBoost,2,F2,2.519523199996911,0.3217655745899413,0.32258198852648173,0.2709677419354839,0.32558139534883723,0.29577464788732394,129,0.35251798561151076,0.3402777777777778,0.3462897526501767,144,0.34782608695652173,0.3018867924528302,0.32323232323232326,159,"{""subsample"": 0.75, ""reg_lambda"": 2.0, ""reg_alpha"": 0.1, ""n_estimators"": 300, ""min_child_weight"": 5, ""max_depth"": 4, ""learning_rate"": 0.1, ""gamma"": 0.1, ""colsample_bytree"": 0.85}"
A,XGBoost,2,F3,2.7599501000077,0.36116252965808343,0.36068361169032315,0.3984375,0.35664335664335667,0.3763837638376384,143,0.32432432432432434,0.34285714285714286,0.3333333333333333,140,0.36538461538461536,0.3825503355704698,0.3737704918032787,149,"{""subsample"": 0.75, ""reg_lambda"": 2.0, ""reg_alpha"": 0.1, ""n_estimators"": 300, ""min_child_weight"": 5, ""max_depth"": 4, ""learning_rate"": 0.1, ""gamma"": 0.1, ""colsample_bytree"": 0.85}"
A,XGBoost,2,F4,2.8105724999913946,0.31972799419582754,0.32127610391398864,0.3805309734513274,0.4174757281553398,0.39814814814814814,206,0.28823529411764703,0.26063829787234044,0.2737430167597765,188,0.28888888888888886,0.2857142857142857,0.287292817679558,182,"{""subsample"": 0.75, ""reg_lambda"": 2.0, ""reg_alpha"": 0.1, ""n_estimators"": 300, ""min_child_weight"": 5, ""max_depth"": 4, ""learning_rate"": 0.1, ""gamma"": 0.1, ""colsample_bytree"": 0.85}"
A,XGBoost,3,F1,4.471822200008319,0.292667246203753,0.29674151060561493,0.14606741573033707,0.12380952380952381,0.13402061855670103,105,0.3954802259887006,0.3763440860215054,0.3856749311294766,186,0.3313253012048193,0.3900709219858156,0.3583061889250814,141,"{""subsample"": 1.0, ""reg_lambda"": 0.1, ""reg_alpha"": 0.0, ""n_estimators"": 800, ""min_child_weight"": 1, ""max_depth"": 3, ""learning_rate"": 0.02, ""gamma"": 0.1, ""colsample_bytree"": 0.85}"
A,XGBoost,3,F2,4.500964500010014,0.3177970200007127,0.3172911283376399,0.24305555555555555,0.2713178294573643,0.2564102564102564,129,0.33783783783783783,0.3472222222222222,0.3424657534246575,144,0.37857142857142856,0.3333333333333333,0.35451505016722407,159,"{""subsample"": 1.0, ""reg_lambda"": 0.1, ""reg_alpha"": 0.0, ""n_estimators"": 800, ""min_child_weight"": 1, ""max_depth"": 3, ""learning_rate"": 0.02, ""gamma"": 0.1, ""colsample_bytree"": 0.85}"
A,XGBoost,3,F3,4.773701899990556,0.39300489857994236,0.39645991592300317,0.411214953271028,0.3076923076923077,0.352,143,0.40236686390532544,0.4857142857142857,0.4401294498381877,140,0.3782051282051282,0.3959731543624161,0.38688524590163936,149,"{""subsample"": 1.0, ""reg_lambda"": 0.1, ""reg_alpha"": 0.0, ""n_estimators"": 800, ""min_child_weight"": 1, ""max_depth"": 3, ""learning_rate"": 0.02, ""gamma"": 0.1, ""colsample_bytree"": 0.85}"
A,XGBoost,3,F4,4.960842000000412,0.36077744868607087,0.3637969480770555,0.42660550458715596,0.45145631067961167,0.4386792452830189,206,0.3076923076923077,0.2553191489361702,0.27906976744186046,188,0.3465346534653465,0.38461538461538464,0.3645833333333333,182,"{""subsample"": 1.0, ""reg_lambda"": 0.1, ""reg_alpha"": 0.0, ""n_estimators"": 800, ""min_child_weight"": 1, ""max_depth"": 3, ""learning_rate"": 0.02, ""gamma"": 0.1, ""colsample_bytree"": 0.85}"
A,XGBoost,4,F1,2.140022299994598,0.31195478079487465,0.31555054417099715,0.21176470588235294,0.17142857142857143,0.18947368421052632,105,0.39655172413793105,0.3709677419354839,0.38333333333333336,186,0.32947976878612717,0.40425531914893614,0.3630573248407643,141,"{""subsample"": 0.65, ""reg_lambda"": 1.0, ""reg_alpha"": 0.001, ""n_estimators"": 300, ""min_child_weight"": 5, ""max_depth"": 4, ""learning_rate"": 0.02, ""gamma"": 0.5, ""colsample_bytree"": 0.55}"
A,XGBoost,4,F2,2.2916154000122333,0.3414385242110381,0.3415159345391903,0.2635135135135135,0.3023255813953488,0.2815884476534296,129,0.37333333333333335,0.3888888888888889,0.38095238095238093,144,0.39552238805970147,0.3333333333333333,0.36177474402730375,159,"{""subsample"": 0.65, ""reg_lambda"": 1.0, ""reg_alpha"": 0.001, ""n_estimators"": 300, ""min_child_weight"": 5, ""max_depth"": 4, ""learning_rate"": 0.02, ""gamma"": 0.5, ""colsample_bytree"": 0.55}"
A,XGBoost,4,F3,2.23169549999875,0.3825227506231513,0.38455515401824125,0.42718446601941745,0.3076923076923077,0.35772357723577236,143,0.3772455089820359,0.45,0.41042345276872966,140,0.36419753086419754,0.3959731543624161,0.37942122186495175,149,"{""subsample"": 0.65, ""reg_lambda"": 1.0, ""reg_alpha"": 0.001, ""n_estimators"": 300, ""min_child_weight"": 5, ""max_depth"": 4, ""learning_rate"": 0.02, ""gamma"": 0.5, ""colsample_bytree"": 0.55}"
A,XGBoost,4,F4,2.351991999996244,0.34694378279313076,0.3508290752145328,0.42677824267782427,0.49514563106796117,0.4584269662921348,206,0.3141025641025641,0.26063829787234044,0.28488372093023256,188,0.2983425414364641,0.2967032967032967,0.2975206611570248,182,"{""subsample"": 0.65, ""reg_lambda"": 1.0, ""reg_alpha"": 0.001, ""n_estimators"": 300, ""min_child_weight"": 5, ""max_depth"": 4, ""learning_rate"": 0.02, ""gamma"": 0.5, ""colsample_bytree"": 0.55}"
A,XGBoost,5,F1,2.419202500008396,0.3101798959248048,0.3140057304092994,0.19047619047619047,0.1523809523809524,0.1693121693121693,105,0.4101123595505618,0.3924731182795699,0.4010989010989011,186,0.32941176470588235,0.3971631205673759,0.36012861736334406,141,"{""subsample"": 0.65, ""reg_lambda"": 0.5, ""reg_alpha"": 0.0, ""n_estimators"": 200, ""min_child_weight"": 5, ""max_depth"": 5, ""learning_rate"": 0.03, ""gamma"": 1.0, ""colsample_bytree"": 1.0}"
A,XGBoost,5,F2,2.452945999990334,0.30792315939915144,0.30815477061089175,0.25316455696202533,0.31007751937984496,0.2787456445993031,129,0.3409090909090909,0.3125,0.32608695652173914,144,0.3380281690140845,0.3018867924528302,0.31893687707641194,159,"{""subsample"": 0.65, ""reg_lambda"": 0.5, ""reg_alpha"": 0.0, ""n_estimators"": 200, ""min_child_weight"": 5, ""max_depth"": 5, ""learning_rate"": 0.03, ""gamma"": 1.0, ""colsample_bytree"": 1.0}"
A,XGBoost,5,F3,2.5907178000052227,0.3851742663968421,0.3866923903836656,0.40350877192982454,0.32167832167832167,0.35797665369649806,143,0.38125,0.4357142857142857,0.4066666666666667,140,0.379746835443038,0.40268456375838924,0.39087947882736157,149,"{""subsample"": 0.65, ""reg_lambda"": 0.5, ""reg_alpha"": 0.0, ""n_estimators"": 200, ""min_child_weight"": 5, ""max_depth"": 5, ""learning_rate"": 0.03, ""gamma"": 1.0, ""colsample_bytree"": 1.0}"
A,XGBoost,5,F4,2.7693683999968925,0.3437216183949183,0.3474379025917964,0.4279661016949153,0.49029126213592233,0.45701357466063347,206,0.3057324840764331,0.2553191489361702,0.2782608695652174,188,0.29508196721311475,0.2967032967032967,0.2958904109589041,182,"{""subsample"": 0.65, ""reg_lambda"": 0.5, ""reg_alpha"": 0.0, ""n_estimators"": 200, ""min_child_weight"": 5, ""max_depth"": 5, ""learning_rate"": 0.03, ""gamma"": 1.0, ""colsample_bytree"": 1.0}"
A,XGBoost,6,F1,3.9041612000000896,0.32434709204219186,0.32817269666960813,0.22448979591836735,0.20952380952380953,0.21674876847290642,105,0.4166666666666667,0.34946236559139787,0.38011695906432746,186,0.33707865168539325,0.425531914893617,0.3761755485893417,141,"{""subsample"": 1.0, ""reg_lambda"": 10.0, ""reg_alpha"": 0.0, ""n_estimators"": 450, ""min_child_weight"": 2, ""max_depth"": 4, ""learning_rate"": 0.05, ""gamma"": 0.05, ""colsample_bytree"": 0.85}"
A,XGBoost,6,F2,3.864829500002088,0.33890661310016146,0.33945504851055525,0.3055555555555556,0.34108527131782945,0.32234432234432236,129,0.3333333333333333,0.3125,0.3225806451612903,144,0.3790849673202614,0.36477987421383645,0.3717948717948718,159,"{""subsample"": 1.0, ""reg_lambda"": 10.0, ""reg_alpha"": 0.0, ""n_estimators"": 450, ""min_child_weight"": 2, ""max_depth"": 4, ""learning_rate"": 0.05, ""gamma"": 0.05, ""colsample_bytree"": 0.85}"
A,XGBoost,6,F3,4.396271199992043,0.39459986463402846,0.3941486924708401,0.42857142857142855,0.3986013986013986,0.41304347826086957,143,0.4097222222222222,0.42142857142857143,0.4154929577464789,140,0.34838709677419355,0.3624161073825503,0.35526315789473684,149,"{""subsample"": 1.0, ""reg_lambda"": 10.0, ""reg_alpha"": 0.0, ""n_estimators"": 450, ""min_child_weight"": 2, ""max_depth"": 4, ""learning_rate"": 0.05, ""gamma"": 0.05, ""colsample_bytree"": 0.85}"
A,XGBoost,6,F4,4.359004800004186,0.37856155510025663,0.3819061541639521,0.46153846153846156,0.49514563106796117,0.477751756440281,206,0.3246753246753247,0.26595744680851063,0.29239766081871343,188,0.3482587064676617,0.38461538461538464,0.36553524804177545,182,"{""subsample"": 1.0, ""reg_lambda"": 10.0, ""reg_alpha"": 0.0, ""n_estimators"": 450, ""min_child_weight"": 2, ""max_depth"": 4, ""learning_rate"": 0.05, ""gamma"": 0.05, ""colsample_bytree"": 0.85}"
A,XGBoost,7,F1,2.4039725000038743,0.30781684518241764,0.30984083406869956,0.19,0.18095238095238095,0.18536585365853658,105,0.422360248447205,0.3655913978494624,0.3919308357348703,186,0.3157894736842105,0.3829787234042553,0.34615384615384615,141,"{""subsample"": 0.85, ""reg_lambda"": 5.0, ""reg_alpha"": 0.01, ""n_estimators"": 600, ""min_child_weight"": 8, ""max_depth"": 2, ""learning_rate"": 0.1, ""gamma"": 1.0, ""colsample_bytree"": 1.0}"
A,XGBoost,7,F2,2.5543138999928487,0.33712940012135945,0.336769497667918,0.271523178807947,0.3178294573643411,0.29285714285714287,129,0.3656716417910448,0.3402777777777778,0.35251798561151076,144,0.38095238095238093,0.3522012578616352,0.3660130718954248,159,"{""subsample"": 0.85, ""reg_lambda"": 5.0, ""reg_alpha"": 0.01, ""n_estimators"": 600, ""min_child_weight"": 8, ""max_depth"": 2, ""learning_rate"": 0.1, ""gamma"": 1.0, ""colsample_bytree"": 1.0}"
A,XGBoost,7,F3,2.7837213999882806,0.37513227513227515,0.37525695780729346,0.4015748031496063,0.35664335664335667,0.37777777777777777,143,0.36363636363636365,0.4,0.38095238095238093,140,0.36423841059602646,0.3691275167785235,0.36666666666666664,149,"{""subsample"": 0.85, ""reg_lambda"": 5.0, ""reg_alpha"": 0.01, ""n_estimators"": 600, ""min_child_weight"": 8, ""max_depth"": 2, ""learning_rate"": 0.1, ""gamma"": 1.0, ""colsample_bytree"": 1.0}"
A,XGBoost,7,F4,3.086538899995503,0.3681946413495237,0.3697433703114348,0.4311111111111111,0.470873786407767,0.45011600928074247,206,0.34545454545454546,0.30319148936170215,0.32294617563739375,188,0.3279569892473118,0.33516483516483514,0.33152173913043476,182,"{""subsample"": 0.85, ""reg_lambda"": 5.0, ""reg_alpha"": 0.01, ""n_estimators"": 600, ""min_child_weight"": 8, ""max_depth"": 2, ""learning_rate"": 0.1, ""gamma"": 1.0, ""colsample_bytree"": 1.0}"
A,XGBoost,8,F1,1.6035048000048846,0.3169143484382749,0.3183830658779183,0.25,0.21904761904761905,0.233502538071066,105,0.3941176470588235,0.3602150537634409,0.37640449438202245,186,0.31176470588235294,0.375886524822695,0.3408360128617363,141,"{""subsample"": 0.65, ""reg_lambda"": 0.1, ""reg_alpha"": 0.01, ""n_estimators"": 200, ""min_child_weight"": 5, ""max_depth"": 4, ""learning_rate"": 0.08, ""gamma"": 0.25, ""colsample_bytree"": 0.55}"
A,XGBoost,8,F2,1.6831451999896672,0.31004828669023493,0.3104187996684706,0.2532467532467532,0.3023255813953488,0.2756183745583039,129,0.34285714285714286,0.3333333333333333,0.3380281690140845,144,0.34057971014492755,0.29559748427672955,0.3164983164983165,159,"{""subsample"": 0.65, ""reg_lambda"": 0.1, ""reg_alpha"": 0.01, ""n_estimators"": 200, ""min_child_weight"": 5, ""max_depth"": 4, ""learning_rate"": 0.08, ""gamma"": 0.25, ""colsample_bytree"": 0.55}"
A,XGBoost,8,F3,1.8076820999995107,0.3626364283019312,0.3633642643709758,0.3813559322033898,0.3146853146853147,0.3448275862068966,143,0.35714285714285715,0.39285714285714285,0.3741496598639456,140,0.35625,0.3825503355704698,0.36893203883495146,149,"{""subsample"": 0.65, ""reg_lambda"": 0.1, ""reg_alpha"": 0.01, ""n_estimators"": 200, ""min_child_weight"": 5, ""max_depth"": 4, ""learning_rate"": 0.08, ""gamma"": 0.25, ""colsample_bytree"": 0.55}"
A,XGBoost,8,F4,1.8859871000022395,0.3289002001557248,0.33344645439253995,0.4107883817427386,0.48058252427184467,0.4429530201342282,206,0.2972972972972973,0.23404255319148937,0.2619047619047619,188,0.27807486631016043,0.2857142857142857,0.28184281842818426,182,"{""subsample"": 0.65, ""reg_lambda"": 0.1, ""reg_alpha"": 0.01, ""n_estimators"": 200, ""min_child_weight"": 5, ""max_depth"": 4, ""learning_rate"": 0.08, ""gamma"": 0.25, ""colsample_bytree"": 0.55}"
A,XGBoost,9,F1,3.344242299994221,0.29898621664937086,0.30440566068568814,0.14772727272727273,0.12380952380952381,0.13471502590673576,105,0.40588235294117647,0.3709677419354839,0.38764044943820225,186,0.3390804597701149,0.41843971631205673,0.3746031746031746,141,"{""subsample"": 1.0, ""reg_lambda"": 10.0, ""reg_alpha"": 0.1, ""n_estimators"": 600, ""min_child_weight"": 8, ""max_depth"": 3, ""learning_rate"": 0.03, ""gamma"": 0.0, ""colsample_bytree"": 0.7}"
A,XGBoost,9,F2,3.2951814999978524,0.3241249791955109,0.32521675361188307,0.2857142857142857,0.34108527131782945,0.31095406360424027,129,0.34814814814814815,0.3263888888888889,0.33691756272401435,144,0.34265734265734266,0.3081761006289308,0.32450331125827814,159,"{""subsample"": 1.0, ""reg_lambda"": 10.0, ""reg_alpha"": 0.1, ""n_estimators"": 600, ""min_child_weight"": 8, ""max_depth"": 3, ""learning_rate"": 0.03, ""gamma"": 0.0, ""colsample_bytree"": 0.7}"
A,XGBoost,9,F3,3.4474997999932384,0.38054135721271304,0.3825057492842728,0.40707964601769914,0.32167832167832167,0.359375,143,0.3684210526315789,0.45,0.40514469453376206,140,0.3783783783783784,0.37583892617449666,0.3771043771043771,149,"{""subsample"": 1.0, ""reg_lambda"": 10.0, ""reg_alpha"": 0.1, ""n_estimators"": 600, ""min_child_weight"": 8, ""max_depth"": 3, ""learning_rate"": 0.03, ""gamma"": 0.0, ""colsample_bytree"": 0.7}"
A,XGBoost,9,F4,3.545002900005784,0.36701320722768443,0.36866890941462316,0.42152466367713004,0.4563106796116505,0.4382284382284382,206,0.3395061728395062,0.2925531914893617,0.3142857142857143,188,0.3403141361256545,0.35714285714285715,0.3485254691689008,182,"{""subsample"": 1.0, ""reg_lambda"": 10.0, ""reg_alpha"": 0.1, ""n_estimators"": 600, ""min_child_weight"": 8, ""max_depth"": 3, ""learning_rate"": 0.03, ""gamma"": 0.0, ""colsample_bytree"": 0.7}"
A,XGBoost,10,F1,3.4834034999948926,0.3100824413315226,0.31276813630966,0.21782178217821782,0.20952380952380953,0.21359223300970873,105,0.39622641509433965,0.3387096774193548,0.3652173913043478,186,0.31976744186046513,0.3900709219858156,0.3514376996805112,141,"{""subsample"": 1.0, ""reg_lambda"": 10.0, ""reg_alpha"": 0.1, ""n_estimators"": 450, ""min_child_weight"": 8, ""max_depth"": 4, ""learning_rate"": 0.08, ""gamma"": 0.0, ""colsample_bytree"": 0.7}"
A,XGBoost,10,F2,3.5431555999966804,0.3213943626414956,0.320733386963093,0.25,0.31007751937984496,0.2768166089965398,129,0.3543307086614173,0.3125,0.33210332103321033,144,0.3724137931034483,0.33962264150943394,0.35526315789473684,159,"{""subsample"": 1.0, ""reg_lambda"": 10.0, ""reg_alpha"": 0.1, ""n_estimators"": 450, ""min_child_weight"": 8, ""max_depth"": 4, ""learning_rate"": 0.08, ""gamma"": 0.0, ""colsample_bytree"": 0.7}"
A,XGBoost,10,F3,3.650114499992924,0.36863240177525314,0.36840173249569225,0.4112903225806452,0.35664335664335667,0.38202247191011235,143,0.3548387096774194,0.39285714285714285,0.3728813559322034,140,0.3464052287581699,0.35570469798657717,0.3509933774834437,149,"{""subsample"": 1.0, ""reg_lambda"": 10.0, ""reg_alpha"": 0.1, ""n_estimators"": 450, ""min_child_weight"": 8, ""max_depth"": 4, ""learning_rate"": 0.08, ""gamma"": 0.0, ""colsample_bytree"": 0.7}"
A,XGBoost,10,F4,3.747827099999995,0.3708660611040069,0.3749688822504356,0.4353448275862069,0.49029126213592233,0.4611872146118721,206,0.3032258064516129,0.25,0.27405247813411077,188,0.37037037037037035,0.38461538461538464,0.37735849056603776,182,"{""subsample"": 1.0, ""reg_lambda"": 10.0, ""reg_alpha"": 0.1, ""n_estimators"": 450, ""min_child_weight"": 8, ""max_depth"": 4, ""learning_rate"": 0.08, ""gamma"": 0.0, ""colsample_bytree"": 0.7}"
A,XGBoost,11,F1,7.215631800005212,0.33726189347770735,0.3412981664869105,0.22093023255813954,0.18095238095238095,0.19895287958115182,105,0.43103448275862066,0.4032258064516129,0.4166666666666667,186,0.36046511627906974,0.4397163120567376,0.3961661341853035,141,"{""subsample"": 0.75, ""reg_lambda"": 1.0, ""reg_alpha"": 0.0, ""n_estimators"": 200, ""min_child_weight"": 2, ""max_depth"": 8, ""learning_rate"": 0.03, ""gamma"": 0.25, ""colsample_bytree"": 0.7}"
A,XGBoost,11,F2,7.688468300009845,0.3282825302732981,0.3281145889197666,0.272108843537415,0.31007751937984496,0.2898550724637681,129,0.37037037037037035,0.3472222222222222,0.35842293906810035,144,0.3466666666666667,0.3270440251572327,0.3365695792880259,159,"{""subsample"": 0.75, ""reg_lambda"": 1.0, ""reg_alpha"": 0.0, ""n_estimators"": 200, ""min_child_weight"": 2, ""max_depth"": 8, ""learning_rate"": 0.03, ""gamma"": 0.25, ""colsample_bytree"": 0.7}"
A,XGBoost,11,F3,8.017942300008144,0.3759788496630602,0.3756384555042273,0.4297520661157025,0.36363636363636365,0.3939393939393939,143,0.3717948717948718,0.4142857142857143,0.3918918918918919,140,0.33548387096774196,0.348993288590604,0.34210526315789475,149,"{""subsample"": 0.75, ""reg_lambda"": 1.0, ""reg_alpha"": 0.0, ""n_estimators"": 200, ""min_child_weight"": 2, ""max_depth"": 8, ""learning_rate"": 0.03, ""gamma"": 0.25, ""colsample_bytree"": 0.7}"
A,XGBoost,11,F4,8.831170200006454,0.36208593128777106,0.3635046871464967,0.43661971830985913,0.45145631067961167,0.4439140811455847,206,0.3231707317073171,0.28191489361702127,0.30113636363636365,188,0.32663316582914576,0.35714285714285715,0.34120734908136485,182,"{""subsample"": 0.75, ""reg_lambda"": 1.0, ""reg_alpha"": 0.0, ""n_estimators"": 200, ""min_child_weight"": 2, ""max_depth"": 8, ""learning_rate"": 0.03, ""gamma"": 0.25, ""colsample_bytree"": 0.7}"
A,XGBoost,12,F1,1.4892947000043932,0.3116444563461512,0.31497859267248424,0.21176470588235294,0.17142857142857143,0.18947368421052632,105,0.4117647058823529,0.3763440860215054,0.39325842696629215,186,0.3163841807909605,0.3971631205673759,0.3522012578616352,141,"{""subsample"": 1.0, ""reg_lambda"": 1.0, ""reg_alpha"": 0.5, ""n_estimators"": 300, ""min_child_weight"": 8, ""max_depth"": 3, ""learning_rate"": 0.1, ""gamma"": 0.25, ""colsample_bytree"": 0.55}"
A,XGBoost,12,F2,1.6233334999997169,0.3213848059778292,0.32122093023255816,0.2578616352201258,0.3178294573643411,0.2847222222222222,129,0.3435114503816794,0.3125,0.32727272727272727,144,0.3732394366197183,0.3333333333333333,0.3521594684385382,159,"{""subsample"": 1.0, ""reg_lambda"": 1.0, ""reg_alpha"": 0.5, ""n_estimators"": 300, ""min_child_weight"": 8, ""max_depth"": 3, ""learning_rate"": 0.1, ""gamma"": 0.25, ""colsample_bytree"": 0.55}"
A,XGBoost,12,F3,1.5931218000041554,0.3983487702938273,0.3986289996357111,0.42857142857142855,0.3776223776223776,0.40148698884758366,143,0.3935483870967742,0.4357142857142857,0.4135593220338983,140,0.37748344370860926,0.3825503355704698,0.38,149,"{""subsample"": 1.0, ""reg_lambda"": 1.0, ""reg_alpha"": 0.5, ""n_estimators"": 300, ""min_child_weight"": 8, ""max_depth"": 3, ""learning_rate"": 0.1, ""gamma"": 0.25, ""colsample_bytree"": 0.55}"
A,XGBoost,12,F4,1.664166300004581,0.36836129113402544,0.37182911077767516,0.43946188340807174,0.47572815533980584,0.4568764568764569,206,0.3333333333333333,0.26063829787234044,0.29253731343283584,188,0.33495145631067963,0.3791208791208791,0.3556701030927835,182,"{""subsample"": 1.0, ""reg_lambda"": 1.0, ""reg_alpha"": 0.5, ""n_estimators"": 300, ""min_child_weight"": 8, ""max_depth"": 3, ""learning_rate"": 0.1, ""gamma"": 0.25, ""colsample_bytree"": 0.55}"
A,XGBoost,13,F1,5.409188599995105,0.29921939762365296,0.30136614700787656,0.21686746987951808,0.17142857142857143,0.19148936170212766,105,0.3791208791208791,0.3709677419354839,0.375,186,0.30538922155688625,0.3617021276595745,0.33116883116883117,141,"{""subsample"": 1.0, ""reg_lambda"": 10.0, ""reg_alpha"": 0.01, ""n_estimators"": 300, ""min_child_weight"": 3, ""max_depth"": 8, ""learning_rate"": 0.03, ""gamma"": 1.0, ""colsample_bytree"": 1.0}"
A,XGBoost,13,F2,5.713714100013021,0.2967246466376304,0.2963054377325987,0.2302158273381295,0.24806201550387597,0.23880597014925373,129,0.3333333333333333,0.3263888888888889,0.3298245614035088,144,0.32894736842105265,0.31446540880503143,0.3215434083601286,159,"{""subsample"": 1.0, ""reg_lambda"": 10.0, ""reg_alpha"": 0.01, ""n_estimators"": 300, ""min_child_weight"": 3, ""max_depth"": 8, ""learning_rate"": 0.03, ""gamma"": 1.0, ""colsample_bytree"": 1.0}"
A,XGBoost,13,F3,6.271510299993679,0.39145173425308344,0.391729858508382,0.4369747899159664,0.36363636363636365,0.3969465648854962,143,0.37888198757763975,0.4357142857142857,0.4053156146179402,140,0.3684210526315789,0.37583892617449666,0.37209302325581395,149,"{""subsample"": 1.0, ""reg_lambda"": 10.0, ""reg_alpha"": 0.01, ""n_estimators"": 300, ""min_child_weight"": 3, ""max_depth"": 8, ""learning_rate"": 0.03, ""gamma"": 1.0, ""colsample_bytree"": 1.0}"
A,XGBoost,13,F4,7.336572900007013,0.3670180586873583,0.3725481294165451,0.4444444444444444,0.46601941747572817,0.4549763033175355,206,0.32116788321167883,0.23404255319148937,0.27076923076923076,188,0.34080717488789236,0.4175824175824176,0.37530864197530867,182,"{""subsample"": 1.0, ""reg_lambda"": 10.0, ""reg_alpha"": 0.01, ""n_estimators"": 300, ""min_child_weight"": 3, ""max_depth"": 8, ""learning_rate"": 0.03, ""gamma"": 1.0, ""colsample_bytree"": 1.0}"
A,XGBoost,14,F1,7.155122399999527,0.30892081586509024,0.31507337320652357,0.20253164556962025,0.1523809523809524,0.17391304347826086,105,0.39644970414201186,0.3602150537634409,0.37746478873239436,186,0.33152173913043476,0.4326241134751773,0.37538461538461537,141,"{""subsample"": 1.0, ""reg_lambda"": 5.0, ""reg_alpha"": 0.0, ""n_estimators"": 450, ""min_child_weight"": 2, ""max_depth"": 8, ""learning_rate"": 0.02, ""gamma"": 1.0, ""colsample_bytree"": 0.55}"
A,XGBoost,14,F2,7.706097100002808,0.32755014861947146,0.32681955211024977,0.2535211267605634,0.27906976744186046,0.2656826568265683,129,0.38686131386861317,0.3680555555555556,0.37722419928825623,144,0.3464052287581699,0.3333333333333333,0.33974358974358976,159,"{""subsample"": 1.0, ""reg_lambda"": 5.0, ""reg_alpha"": 0.0, ""n_estimators"": 450, ""min_child_weight"": 2, ""max_depth"": 8, ""learning_rate"": 0.02, ""gamma"": 1.0, ""colsample_bytree"": 0.55}"
A,XGBoost,14,F3,8.594772399999783,0.38376367797551453,0.38426148795276305,0.4392523364485981,0.32867132867132864,0.376,143,0.3619631901840491,0.42142857142857143,0.38943894389438943,140,0.37037037037037035,0.40268456375838924,0.3858520900321543,149,"{""subsample"": 1.0, ""reg_lambda"": 5.0, ""reg_alpha"": 0.0, ""n_estimators"": 450, ""min_child_weight"": 2, ""max_depth"": 8, ""learning_rate"": 0.02, ""gamma"": 1.0, ""colsample_bytree"": 0.55}"
A,XGBoost,14,F4,9.150699500009068,0.3341287229896439,0.3368680826850627,0.4026548672566372,0.441747572815534,0.4212962962962963,206,0.30666666666666664,0.24468085106382978,0.27218934911242604,188,0.295,0.3241758241758242,0.3089005235602094,182,"{""subsample"": 1.0, ""reg_lambda"": 5.0, ""reg_alpha"": 0.0, ""n_estimators"": 450, ""min_child_weight"": 2, ""max_depth"": 8, ""learning_rate"": 0.02, ""gamma"": 1.0, ""colsample_bytree"": 0.55}"
A,XGBoost,15,F1,9.560687999997754,0.2722570145393814,0.2735017594317526,0.16129032258064516,0.14285714285714285,0.15151515151515152,105,0.38857142857142857,0.3655913978494624,0.3767313019390582,186,0.2682926829268293,0.3120567375886525,0.28852459016393445,141,"{""subsample"": 1.0, ""reg_lambda"": 0.1, ""reg_alpha"": 0.5, ""n_estimators"": 300, ""min_child_weight"": 5, ""max_depth"": 8, ""learning_rate"": 0.01, ""gamma"": 0.25, ""colsample_bytree"": 0.55}"
A,XGBoost,15,F2,9.807209999999031,0.3167738298092608,0.3169772723579218,0.26666666666666666,0.31007751937984496,0.2867383512544803,129,0.34558823529411764,0.3263888888888889,0.3357142857142857,144,0.3424657534246575,0.31446540880503143,0.32786885245901637,159,"{""subsample"": 1.0, ""reg_lambda"": 0.1, ""reg_alpha"": 0.5, ""n_estimators"": 300, ""min_child_weight"": 5, ""max_depth"": 8, ""learning_rate"": 0.01, ""gamma"": 0.25, ""colsample_bytree"": 0.55}"
A,XGBoost,15,F3,10.523421699996106,0.39229526840960277,0.39392911339220066,0.42342342342342343,0.32867132867132864,0.3700787401574803,143,0.39263803680981596,0.45714285714285713,0.42244224422442245,140,0.37341772151898733,0.3959731543624161,0.38436482084690554,149,"{""subsample"": 1.0, ""reg_lambda"": 0.1, ""reg_alpha"": 0.5, ""n_estimators"": 300, ""min_child_weight"": 5, ""max_depth"": 8, ""learning_rate"": 0.01, ""gamma"": 0.25, ""colsample_bytree"": 0.55}"
A,XGBoost,15,F4,11.506708699991577,0.38157916062461683,0.3838721527732063,0.44642857142857145,0.4854368932038835,0.46511627906976744,206,0.34810126582278483,0.2925531914893617,0.3179190751445087,188,0.35051546391752575,0.37362637362637363,0.3617021276595745,182,"{""subsample"": 1.0, ""reg_lambda"": 0.1, ""reg_alpha"": 0.5, ""n_estimators"": 300, ""min_child_weight"": 5, ""max_depth"": 8, ""learning_rate"": 0.01, ""gamma"": 0.25, ""colsample_bytree"": 0.55}"
A,XGBoost,16,F1,2.6475511000026017,0.2907173827760919,0.29559760760858905,0.16666666666666666,0.12380952380952381,0.14207650273224043,105,0.3891891891891892,0.3870967741935484,0.3881401617250674,186,0.3136094674556213,0.375886524822695,0.3419354838709677,141,"{""subsample"": 0.85, ""reg_lambda"": 2.0, ""reg_alpha"": 0.1, ""n_estimators"": 300, ""min_child_weight"": 1, ""max_depth"": 4, ""learning_rate"": 0.01, ""gamma"": 0.5, ""colsample_bytree"": 0.85}"
A,XGBoost,16,F2,2.754625899993698,0.3244697011994044,0.32776518290998324,0.27972027972027974,0.31007751937984496,0.29411764705882354,129,0.3515151515151515,0.4027777777777778,0.37540453074433655,144,0.3467741935483871,0.27044025157232704,0.303886925795053,159,"{""subsample"": 0.85, ""reg_lambda"": 2.0, ""reg_alpha"": 0.1, ""n_estimators"": 300, ""min_child_weight"": 1, ""max_depth"": 4, ""learning_rate"": 0.01, ""gamma"": 0.5, ""colsample_bytree"": 0.85}"
A,XGBoost,16,F3,2.9245855000044685,0.3743491770965764,0.38262375208683935,0.40229885057471265,0.24475524475524477,0.30434782608695654,143,0.3817204301075269,0.5071428571428571,0.43558282208588955,140,0.3710691823899371,0.3959731543624161,0.38311688311688313,149,"{""subsample"": 0.85, ""reg_lambda"": 2.0, ""reg_alpha"": 0.1, ""n_estimators"": 300, ""min_child_weight"": 1, ""max_depth"": 4, ""learning_rate"": 0.01, ""gamma"": 0.5, ""colsample_bytree"": 0.85}"
A,XGBoost,16,F4,2.8641508000000613,0.38266582303776486,0.38300823324578753,0.4386792452830189,0.45145631067961167,0.4449760765550239,206,0.3657142857142857,0.3404255319148936,0.3526170798898072,188,0.3439153439153439,0.35714285714285715,0.3504043126684636,182,"{""subsample"": 0.85, ""reg_lambda"": 2.0, ""reg_alpha"": 0.1, ""n_estimators"": 300, ""min_child_weight"": 1, ""max_depth"": 4, ""learning_rate"": 0.01, ""gamma"": 0.5, ""colsample_bytree"": 0.85}"
A,XGBoost,17,F1,13.66629959999409,0.30306347885055307,0.3052663115120219,0.21296296296296297,0.21904761904761905,0.215962441314554,105,0.40397350993377484,0.3279569892473118,0.3620178041543027,186,0.30057803468208094,0.36879432624113473,0.33121019108280253,141,"{""subsample"": 0.75, ""reg_lambda"": 2.0, ""reg_alpha"": 1.0, ""n_estimators"": 800, ""min_child_weight"": 3, ""max_depth"": 6, ""learning_rate"": 0.08, ""gamma"": 0.0, ""colsample_bytree"": 1.0}"
A,XGBoost,17,F2,16.962152099993546,0.3231643752089849,0.3228298230217932,0.26490066225165565,0.31007751937984496,0.2857142857142857,129,0.36,0.3125,0.3345724907063197,144,0.3525641025641026,0.34591194968553457,0.3492063492063492,159,"{""subsample"": 0.75, ""reg_lambda"": 2.0, ""reg_alpha"": 1.0, ""n_estimators"": 800, ""min_child_weight"": 3, ""max_depth"": 6, ""learning_rate"": 0.08, ""gamma"": 0.0, ""colsample_bytree"": 1.0}"
A,XGBoost,17,F3,17.307804600000964,0.3380131292282995,0.33798673362431747,0.35658914728682173,0.32167832167832167,0.3382352941176471,143,0.3310810810810811,0.35,0.3402777777777778,140,0.32903225806451614,0.3422818791946309,0.3355263157894737,149,"{""subsample"": 0.75, ""reg_lambda"": 2.0, ""reg_alpha"": 1.0, ""n_estimators"": 800, ""min_child_weight"": 3, ""max_depth"": 6, ""learning_rate"": 0.08, ""gamma"": 0.0, ""colsample_bytree"": 1.0}"
A,XGBoost,17,F4,19.328458300005877,0.33993470650396423,0.3417984962087421,0.4017467248908297,0.44660194174757284,0.42298850574712643,206,0.3132530120481928,0.2765957446808511,0.2937853107344633,188,0.30386740331491713,0.3021978021978022,0.30303030303030304,182,"{""subsample"": 0.75, ""reg_lambda"": 2.0, ""reg_alpha"": 1.0, ""n_estimators"": 800, ""min_child_weight"": 3, ""max_depth"": 6, ""learning_rate"": 0.08, ""gamma"": 0.0, ""colsample_bytree"": 1.0}"
A,XGBoost,18,F1,3.118895199993858,0.30365413883431863,0.30461701038228145,0.20652173913043478,0.18095238095238095,0.19289340101522842,105,0.4147727272727273,0.3924731182795699,0.40331491712707185,186,0.2926829268292683,0.3404255319148936,0.31475409836065577,141,"{""subsample"": 0.75, ""reg_lambda"": 10.0, ""reg_alpha"": 0.1, ""n_estimators"": 200, ""min_child_weight"": 2, ""max_depth"": 5, ""learning_rate"": 0.01, ""gamma"": 0.5, ""colsample_bytree"": 0.85}"
A,XGBoost,18,F2,3.14126319999923,0.3268316864959333,0.32959245445533286,0.2765957446808511,0.3023255813953488,0.28888888888888886,129,0.36875,0.4097222222222222,0.3881578947368421,144,0.33587786259541985,0.27672955974842767,0.30344827586206896,159,"{""subsample"": 0.75, ""reg_lambda"": 10.0, ""reg_alpha"": 0.1, ""n_estimators"": 200, ""min_child_weight"": 2, ""max_depth"": 5, ""learning_rate"": 0.01, ""gamma"": 0.5, ""colsample_bytree"": 0.85}"
A,XGBoost,18,F3,3.220167899999069,0.37067592925300435,0.3762378561036279,0.40404040404040403,0.27972027972027974,0.3305785123966942,143,0.38461538461538464,0.5,0.43478260869565216,140,0.3443708609271523,0.348993288590604,0.3466666666666667,149,"{""subsample"": 0.75, ""reg_lambda"": 10.0, ""reg_alpha"": 0.1, ""n_estimators"": 200, ""min_child_weight"": 2, ""max_depth"": 5, ""learning_rate"": 0.01, ""gamma"": 0.5, ""colsample_bytree"": 0.85}"
A,XGBoost,18,F4,3.4060456000006525,0.35544292163382263,0.3563336064885332,0.4339622641509434,0.44660194174757284,0.44019138755980863,206,0.3253012048192771,0.2872340425531915,0.3050847457627119,188,0.30808080808080807,0.33516483516483514,0.32105263157894737,182,"{""subsample"": 0.75, ""reg_lambda"": 10.0, ""reg_alpha"": 0.1, ""n_estimators"": 200, ""min_child_weight"": 2, ""max_depth"": 5, ""learning_rate"": 0.01, ""gamma"": 0.5, ""colsample_bytree"": 0.85}"
A,XGBoost,19,F1,7.646091400005389,0.3060392065633078,0.30786896318811213,0.23076923076923078,0.22857142857142856,0.22966507177033493,105,0.389937106918239,0.3333333333333333,0.35942028985507246,186,0.30177514792899407,0.3617021276595745,0.32903225806451614,141,"{""subsample"": 0.65, ""reg_lambda"": 10.0, ""reg_alpha"": 0.01, ""n_estimators"": 800, ""min_child_weight"": 3, ""max_depth"": 6, ""learning_rate"": 0.1, ""gamma"": 0.25, ""colsample_bytree"": 1.0}"
A,XGBoost,19,F2,8.671835400004056,0.30055858680523867,0.3012103261664472,0.26666666666666666,0.31007751937984496,0.2867383512544803,129,0.3157894736842105,0.2916666666666667,0.30324909747292417,144,0.3221476510067114,0.3018867924528302,0.3116883116883117,159,"{""subsample"": 0.65, ""reg_lambda"": 10.0, ""reg_alpha"": 0.01, ""n_estimators"": 800, ""min_child_weight"": 3, ""max_depth"": 6, ""learning_rate"": 0.1, ""gamma"": 0.25, ""colsample_bytree"": 1.0}"
A,XGBoost,19,F3,9.618739300000016,0.3409851551956815,0.3426168909390386,0.3418803418803419,0.27972027972027974,0.3076923076923077,143,0.3375,0.38571428571428573,0.36,140,0.34838709677419355,0.3624161073825503,0.35526315789473684,149,"{""subsample"": 0.65, ""reg_lambda"": 10.0, ""reg_alpha"": 0.01, ""n_estimators"": 800, ""min_child_weight"": 3, ""max_depth"": 6, ""learning_rate"": 0.1, ""gamma"": 0.25, ""colsample_bytree"": 1.0}"
A,XGBoost,19,F4,10.86768480000319,0.33700558916439993,0.33977404541337614,0.4051724137931034,0.4563106796116505,0.4292237442922374,206,0.3137254901960784,0.2553191489361702,0.28152492668621704,188,0.2931937172774869,0.3076923076923077,0.3002680965147453,182,"{""subsample"": 0.65, ""reg_lambda"": 10.0, ""reg_alpha"": 0.01, ""n_estimators"": 800, ""min_child_weight"": 3, ""max_depth"": 6, ""learning_rate"": 0.1, ""gamma"": 0.25, ""colsample_bytree"": 1.0}"
A,XGBoost,20,F1,3.2673191000067163,0.30683448580670336,0.30960224858646274,0.18556701030927836,0.17142857142857143,0.1782178217821782,105,0.39644970414201186,0.3602150537634409,0.37746478873239436,186,0.3373493975903614,0.3971631205673759,0.36482084690553745,141,"{""subsample"": 0.75, ""reg_lambda"": 5.0, ""reg_alpha"": 0.5, ""n_estimators"": 600, ""min_child_weight"": 8, ""max_depth"": 3, ""learning_rate"": 0.05, ""gamma"": 1.0, ""colsample_bytree"": 0.7}"
A,XGBoost,20,F2,3.3636923000012757,0.32689519658905547,0.3262152015991419,0.25517241379310346,0.2868217054263566,0.27007299270072993,129,0.3404255319148936,0.3333333333333333,0.3368421052631579,144,0.3904109589041096,0.3584905660377358,0.3737704918032787,159,"{""subsample"": 0.75, ""reg_lambda"": 5.0, ""reg_alpha"": 0.5, ""n_estimators"": 600, ""min_child_weight"": 8, ""max_depth"": 3, ""learning_rate"": 0.05, ""gamma"": 1.0, ""colsample_bytree"": 0.7}"
A,XGBoost,20,F3,3.4452021999895805,0.3321327193266923,0.33323689733085704,0.3333333333333333,0.27972027972027974,0.3041825095057034,143,0.33116883116883117,0.36428571428571427,0.3469387755102041,140,0.33544303797468356,0.35570469798657717,0.34527687296416937,149,"{""subsample"": 0.75, ""reg_lambda"": 5.0, ""reg_alpha"": 0.5, ""n_estimators"": 600, ""min_child_weight"": 8, ""max_depth"": 3, ""learning_rate"": 0.05, ""gamma"": 1.0, ""colsample_bytree"": 0.7}"
A,XGBoost,20,F4,3.614489700004924,0.3593033743971416,0.36267160162016604,0.42424242424242425,0.47572815533980584,0.448512585812357,206,0.3310810810810811,0.26063829787234044,0.2916666666666667,188,0.3248730964467005,0.3516483516483517,0.33773087071240104,182,"{""subsample"": 0.75, ""reg_lambda"": 5.0, ""reg_alpha"": 0.5, ""n_estimators"": 600, ""min_child_weight"": 8, ""max_depth"": 3, ""learning_rate"": 0.05, ""gamma"": 1.0, ""colsample_bytree"": 0.7}"
A,XGBoost,21,F1,3.0543899000040255,0.29369403744403744,0.3016406837271628,0.14666666666666667,0.10476190476190476,0.12222222222222222,105,0.398876404494382,0.3817204301075269,0.3901098901098901,186,0.329608938547486,0.41843971631205673,0.36875,141,"{""subsample"": 0.75, ""reg_lambda"": 5.0, ""reg_alpha"": 0.01, ""n_estimators"": 800, ""min_child_weight"": 3, ""max_depth"": 2, ""learning_rate"": 0.02, ""gamma"": 1.0, ""colsample_bytree"": 0.55}"
A,XGBoost,21,F2,3.0955536999972537,0.3461042311661507,0.3462471356832919,0.2867132867132867,0.3178294573643411,0.3014705882352941,129,0.375,0.375,0.375,144,0.3793103448275862,0.34591194968553457,0.3618421052631579,159,"{""subsample"": 0.75, ""reg_lambda"": 5.0, ""reg_alpha"": 0.01, ""n_estimators"": 800, ""min_child_weight"": 3, ""max_depth"": 2, ""learning_rate"": 0.02, ""gamma"": 1.0, ""colsample_bytree"": 0.55}"
A,XGBoost,21,F3,3.370716799996444,0.35177702796825633,0.3552407324219405,0.36036036036036034,0.27972027972027974,0.31496062992125984,143,0.38323353293413176,0.45714285714285713,0.4169381107491857,140,0.3181818181818182,0.3288590604026846,0.3234323432343234,149,"{""subsample"": 0.75, ""reg_lambda"": 5.0, ""reg_alpha"": 0.01, ""n_estimators"": 800, ""min_child_weight"": 3, ""max_depth"": 2, ""learning_rate"": 0.02, ""gamma"": 1.0, ""colsample_bytree"": 0.55}"
A,XGBoost,21,F4,3.3277249000093434,0.35468614137384274,0.3582515570224721,0.41735537190082644,0.49029126213592233,0.45089285714285715,206,0.32903225806451614,0.2712765957446808,0.29737609329446063,188,0.31843575418994413,0.3131868131868132,0.3157894736842105,182,"{""subsample"": 0.75, ""reg_lambda"": 5.0, ""reg_alpha"": 0.01, ""n_estimators"": 800, ""min_child_weight"": 3, ""max_depth"": 2, ""learning_rate"": 0.02, ""gamma"": 1.0, ""colsample_bytree"": 0.55}"
A,XGBoost,22,F1,2.3506328999937978,0.30554936068986027,0.3105925417524594,0.16470588235294117,0.13333333333333333,0.14736842105263157,105,0.42857142857142855,0.3870967741935484,0.4067796610169492,186,0.3240223463687151,0.41134751773049644,0.3625,141,"{""subsample"": 0.65, ""reg_lambda"": 5.0, ""reg_alpha"": 0.5, ""n_estimators"": 300, ""min_child_weight"": 2, ""max_depth"": 4, ""learning_rate"": 0.05, ""gamma"": 0.25, ""colsample_bytree"": 0.55}"
A,XGBoost,22,F2,2.413465299992822,0.32760291152072196,0.3272410738953082,0.2684563758389262,0.31007751937984496,0.28776978417266186,129,0.36220472440944884,0.3194444444444444,0.33948339483394835,144,0.358974358974359,0.3522012578616352,0.35555555555555557,159,"{""subsample"": 0.65, ""reg_lambda"": 5.0, ""reg_alpha"": 0.5, ""n_estimators"": 300, ""min_child_weight"": 2, ""max_depth"": 4, ""learning_rate"": 0.05, ""gamma"": 0.25, ""colsample_bytree"": 0.55}"
A,XGBoost,22,F3,2.4312484999973094,0.34647387401736046,0.3473727614667212,0.36134453781512604,0.3006993006993007,0.3282442748091603,143,0.34394904458598724,0.38571428571428573,0.36363636363636365,140,0.33974358974358976,0.35570469798657717,0.3475409836065574,149,"{""subsample"": 0.65, ""reg_lambda"": 5.0, ""reg_alpha"": 0.5, ""n_estimators"": 300, ""min_child_weight"": 2, ""max_depth"": 4, ""learning_rate"": 0.05, ""gamma"": 0.25, ""colsample_bytree"": 0.55}"
A,XGBoost,22,F4,2.64226169999165,0.33837164893076266,0.3415090727629459,0.41304347826086957,0.46116504854368934,0.43577981651376146,206,0.2929936305732484,0.24468085106382978,0.26666666666666666,188,0.30687830687830686,0.31868131868131866,0.31266846361185985,182,"{""subsample"": 0.65, ""reg_lambda"": 5.0, ""reg_alpha"": 0.5, ""n_estimators"": 300, ""min_child_weight"": 2, ""max_depth"": 4, ""learning_rate"": 0.05, ""gamma"": 0.25, ""colsample_bytree"": 0.55}"
A,XGBoost,23,F1,5.726735000003828,0.3046695147093205,0.30649519016025534,0.21052631578947367,0.19047619047619047,0.2,105,0.40119760479041916,0.3602150537634409,0.37960339943342775,186,0.3058823529411765,0.36879432624113473,0.33440514469453375,141,"{""subsample"": 1.0, ""reg_lambda"": 0.5, ""reg_alpha"": 0.01, ""n_estimators"": 800, ""min_child_weight"": 2, ""max_depth"": 5, ""learning_rate"": 0.1, ""gamma"": 0.05, ""colsample_bytree"": 1.0}"
A,XGBoost,23,F2,6.328019799999311,0.32541875107843343,0.32477390180878557,0.25,0.2868217054263566,0.26714801444043323,129,0.3669064748201439,0.3541666666666667,0.36042402826855124,144,0.36551724137931035,0.3333333333333333,0.34868421052631576,159,"{""subsample"": 1.0, ""reg_lambda"": 0.5, ""reg_alpha"": 0.01, ""n_estimators"": 800, ""min_child_weight"": 2, ""max_depth"": 5, ""learning_rate"": 0.1, ""gamma"": 0.05, ""colsample_bytree"": 1.0}"
A,XGBoost,23,F3,7.540242799994303,0.3779582085941516,0.3773442441227676,0.4251968503937008,0.3776223776223776,0.4,143,0.34868421052631576,0.37857142857142856,0.363013698630137,140,0.3660130718954248,0.37583892617449666,0.3708609271523179,149,"{""subsample"": 1.0, ""reg_lambda"": 0.5, ""reg_alpha"": 0.01, ""n_estimators"": 800, ""min_child_weight"": 2, ""max_depth"": 5, ""learning_rate"": 0.1, ""gamma"": 0.05, ""colsample_bytree"": 1.0}"
A,XGBoost,23,F4,9.001931799997692,0.3660575955609813,0.3693574723837067,0.4488888888888889,0.49029126213592233,0.46867749419953597,206,0.3202614379084967,0.26063829787234044,0.2873900293255132,188,0.3282828282828283,0.35714285714285715,0.34210526315789475,182,"{""subsample"": 1.0, ""reg_lambda"": 0.5, ""reg_alpha"": 0.01, ""n_estimators"": 800, ""min_child_weight"": 2, ""max_depth"": 5, ""learning_rate"": 0.1, ""gamma"": 0.05, ""colsample_bytree"": 1.0}"
A,XGBoost,24,F1,3.4921597999928053,0.31104772249432006,0.3145776819078123,0.17582417582417584,0.1523809523809524,0.16326530612244897,105,0.43636363636363634,0.3870967741935484,0.41025641025641024,186,0.32386363636363635,0.40425531914893614,0.35962145110410093,141,"{""subsample"": 0.65, ""reg_lambda"": 10.0, ""reg_alpha"": 0.05, ""n_estimators"": 800, ""min_child_weight"": 5, ""max_depth"": 2, ""learning_rate"": 0.05, ""gamma"": 0.0, ""colsample_bytree"": 0.85}"
A,XGBoost,24,F2,3.643196600009105,0.31624681021051315,0.31568223554840485,0.24161073825503357,0.27906976744186046,0.2589928057553957,129,0.3546099290780142,0.3472222222222222,0.3508771929824561,144,0.3591549295774648,0.32075471698113206,0.3388704318936877,159,"{""subsample"": 0.65, ""reg_lambda"": 10.0, ""reg_alpha"": 0.05, ""n_estimators"": 800, ""min_child_weight"": 5, ""max_depth"": 2, ""learning_rate"": 0.05, ""gamma"": 0.0, ""colsample_bytree"": 0.85}"
A,XGBoost,24,F3,3.6613197999977274,0.3598105071777669,0.3613708439211795,0.3805309734513274,0.3006993006993007,0.3359375,143,0.3558282208588957,0.4142857142857143,0.38283828382838286,140,0.3525641025641026,0.3691275167785235,0.36065573770491804,149,"{""subsample"": 0.65, ""reg_lambda"": 10.0, ""reg_alpha"": 0.05, ""n_estimators"": 800, ""min_child_weight"": 5, ""max_depth"": 2, ""learning_rate"": 0.05, ""gamma"": 0.0, ""colsample_bytree"": 0.85}"
A,XGBoost,24,F4,3.9141387999989092,0.3729453793969923,0.37508294913789647,0.41702127659574467,0.47572815533980584,0.4444444444444444,206,0.3660130718954248,0.2978723404255319,0.3284457478005865,188,0.3404255319148936,0.3516483516483517,0.34594594594594597,182,"{""subsample"": 0.65, ""reg_lambda"": 10.0, ""reg_alpha"": 0.05, ""n_estimators"": 800, ""min_child_weight"": 5, ""max_depth"": 2, ""learning_rate"": 0.05, ""gamma"": 0.0, ""colsample_bytree"": 0.85}"
A,XGBoost,25,F1,14.508490799998981,0.2925212895247317,0.29575121743961824,0.19767441860465115,0.1619047619047619,0.17801047120418848,105,0.38235294117647056,0.34946236559139787,0.3651685393258427,186,0.30113636363636365,0.375886524822695,0.334384858044164,141,"{""subsample"": 0.75, ""reg_lambda"": 0.5, ""reg_alpha"": 0.05, ""n_estimators"": 800, ""min_child_weight"": 3, ""max_depth"": 6, ""learning_rate"": 0.01, ""gamma"": 0.5, ""colsample_bytree"": 0.7}"
A,XGBoost,25,F2,15.051946199993836,0.32548436400611563,0.325093852079372,0.26174496644295303,0.3023255813953488,0.2805755395683453,129,0.35555555555555557,0.3333333333333333,0.34408602150537637,144,0.36486486486486486,0.33962264150943394,0.3517915309446254,159,"{""subsample"": 0.75, ""reg_lambda"": 0.5, ""reg_alpha"": 0.05, ""n_estimators"": 800, ""min_child_weight"": 3, ""max_depth"": 6, ""learning_rate"": 0.01, ""gamma"": 0.5, ""colsample_bytree"": 0.7}"
A,XGBoost,25,F3,15.915916099998867,0.373816987610091,0.37512521036010965,0.3813559322033898,0.3146853146853147,0.3448275862068966,143,0.38064516129032255,0.42142857142857143,0.4,140,0.36477987421383645,0.38926174496644295,0.37662337662337664,149,"{""subsample"": 0.75, ""reg_lambda"": 0.5, ""reg_alpha"": 0.05, ""n_estimators"": 800, ""min_child_weight"": 3, ""max_depth"": 6, ""learning_rate"": 0.01, ""gamma"": 0.5, ""colsample_bytree"": 0.7}"
A,XGBoost,25,F4,16.40424739998707,0.3519813121442914,0.3547943655875902,0.40350877192982454,0.44660194174757284,0.423963133640553,206,0.3310810810810811,0.26063829787234044,0.2916666666666667,188,0.325,0.35714285714285715,0.3403141361256545,182,"{""subsample"": 0.75, ""reg_lambda"": 0.5, ""reg_alpha"": 0.05, ""n_estimators"": 800, ""min_child_weight"": 3, ""max_depth"": 6, ""learning_rate"": 0.01, ""gamma"": 0.5, ""colsample_bytree"": 0.7}"
A,XGBoost,26,F1,10.698139400003129,0.28206369229977085,0.2850835049187829,0.15384615384615385,0.13333333333333333,0.14285714285714285,105,0.38953488372093026,0.3602150537634409,0.3743016759776536,186,0.30177514792899407,0.3617021276595745,0.32903225806451614,141,"{""subsample"": 1.0, ""reg_lambda"": 0.1, ""reg_alpha"": 0.1, ""n_estimators"": 600, ""min_child_weight"": 5, ""max_depth"": 6, ""learning_rate"": 0.01, ""gamma"": 0.0, ""colsample_bytree"": 0.85}"
A,XGBoost,26,F2,10.363448599993717,0.32093830568351345,0.3209009799619716,0.2653061224489796,0.3023255813953488,0.2826086956521739,129,0.34532374100719426,0.3333333333333333,0.3392226148409894,144,0.3561643835616438,0.3270440251572327,0.34098360655737703,159,"{""subsample"": 1.0, ""reg_lambda"": 0.1, ""reg_alpha"": 0.1, ""n_estimators"": 600, ""min_child_weight"": 5, ""max_depth"": 6, ""learning_rate"": 0.01, ""gamma"": 0.0, ""colsample_bytree"": 0.85}"
A,XGBoost,26,F3,11.374119000000064,0.4001196172248804,0.4028337434377703,0.41284403669724773,0.3146853146853147,0.35714285714285715,143,0.39634146341463417,0.4642857142857143,0.4276315789473684,140,0.4025157232704403,0.42953020134228187,0.4155844155844156,149,"{""subsample"": 1.0, ""reg_lambda"": 0.1, ""reg_alpha"": 0.1, ""n_estimators"": 600, ""min_child_weight"": 5, ""max_depth"": 6, ""learning_rate"": 0.01, ""gamma"": 0.0, ""colsample_bytree"": 0.85}"
A,XGBoost,26,F4,13.488575800001854,0.38225863284002815,0.3853938012686205,0.4358974358974359,0.49514563106796117,0.4636363636363636,206,0.33974358974358976,0.28191489361702127,0.3081395348837209,188,0.3709677419354839,0.3791208791208791,0.375,182,"{""subsample"": 1.0, ""reg_lambda"": 0.1, ""reg_alpha"": 0.1, ""n_estimators"": 600, ""min_child_weight"": 5, ""max_depth"": 6, ""learning_rate"": 0.01, ""gamma"": 0.0, ""colsample_bytree"": 0.85}"
A,XGBoost,27,F1,8.158398300001863,0.30109257033962084,0.30594175899598003,0.19148936170212766,0.17142857142857143,0.18090452261306533,105,0.3836477987421384,0.3279569892473118,0.3536231884057971,186,0.329608938547486,0.41843971631205673,0.36875,141,"{""subsample"": 0.85, ""reg_lambda"": 0.1, ""reg_alpha"": 0.1, ""n_estimators"": 300, ""min_child_weight"": 2, ""max_depth"": 8, ""learning_rate"": 0.05, ""gamma"": 0.25, ""colsample_bytree"": 0.7}"
A,XGBoost,27,F2,9.98515999999654,0.3053569389585832,0.30552000552549036,0.2585034013605442,0.29457364341085274,0.2753623188405797,129,0.34306569343065696,0.3263888888888889,0.33451957295373663,144,0.31756756756756754,0.29559748427672955,0.30618892508143325,159,"{""subsample"": 0.85, ""reg_lambda"": 0.1, ""reg_alpha"": 0.1, ""n_estimators"": 300, ""min_child_weight"": 2, ""max_depth"": 8, ""learning_rate"": 0.05, ""gamma"": 0.25, ""colsample_bytree"": 0.7}"
A,XGBoost,27,F3,11.206984600008582,0.3748764362575104,0.37526299204151553,0.41379310344827586,0.3356643356643357,0.37065637065637064,143,0.36477987421383645,0.4142857142857143,0.3879598662207358,140,0.35668789808917195,0.37583892617449666,0.3660130718954248,149,"{""subsample"": 0.85, ""reg_lambda"": 0.1, ""reg_alpha"": 0.1, ""n_estimators"": 300, ""min_child_weight"": 2, ""max_depth"": 8, ""learning_rate"": 0.05, ""gamma"": 0.25, ""colsample_bytree"": 0.7}"
A,XGBoost,27,F4,12.804735699988669,0.3495258507638206,0.3536818823949582,0.39473684210526316,0.4368932038834951,0.4147465437788018,206,0.2953020134228188,0.23404255319148937,0.26112759643916916,188,0.35678391959798994,0.3901098901098901,0.37270341207349084,182,"{""subsample"": 0.85, ""reg_lambda"": 0.1, ""reg_alpha"": 0.1, ""n_estimators"": 300, ""min_child_weight"": 2, ""max_depth"": 8, ""learning_rate"": 0.05, ""gamma"": 0.25, ""colsample_bytree"": 0.7}"
A,XGBoost,28,F1,1.8329402999952435,0.2919675925925926,0.29632207950670547,0.17333333333333334,0.12380952380952381,0.14444444444444443,105,0.398989898989899,0.42473118279569894,0.4114583333333333,186,0.3018867924528302,0.3404255319148936,0.32,141,"{""subsample"": 0.85, ""reg_lambda"": 1.0, ""reg_alpha"": 0.5, ""n_estimators"": 300, ""min_child_weight"": 1, ""max_depth"": 3, ""learning_rate"": 0.01, ""gamma"": 0.5, ""colsample_bytree"": 0.85}"
A,XGBoost,28,F2,1.865462200003094,0.33108274416989997,0.33497879186777824,0.2887323943661972,0.3178294573643411,0.3025830258302583,129,0.35714285714285715,0.4166666666666667,0.38461538461538464,144,0.3524590163934426,0.27044025157232704,0.30604982206405695,159,"{""subsample"": 0.85, ""reg_lambda"": 1.0, ""reg_alpha"": 0.5, ""n_estimators"": 300, ""min_child_weight"": 1, ""max_depth"": 3, ""learning_rate"": 0.01, ""gamma"": 0.5, ""colsample_bytree"": 0.85}"
A,XGBoost,28,F3,1.9580886000039754,0.402246636834275,0.4080830802307313,0.4659090909090909,0.2867132867132867,0.354978354978355,143,0.3924731182795699,0.5214285714285715,0.44785276073619634,140,0.3924050632911392,0.4161073825503356,0.40390879478827363,149,"{""subsample"": 0.85, ""reg_lambda"": 1.0, ""reg_alpha"": 0.5, ""n_estimators"": 300, ""min_child_weight"": 1, ""max_depth"": 3, ""learning_rate"": 0.01, ""gamma"": 0.5, ""colsample_bytree"": 0.85}"
A,XGBoost,28,F4,1.9762856000015745,0.3721095417047571,0.3729007341897241,0.4537037037037037,0.47572815533980584,0.46445497630331756,206,0.34444444444444444,0.32978723404255317,0.33695652173913043,188,0.31666666666666665,0.3131868131868132,0.3149171270718232,182,"{""subsample"": 0.85, ""reg_lambda"": 1.0, ""reg_alpha"": 0.5, ""n_estimators"": 300, ""min_child_weight"": 1, ""max_depth"": 3, ""learning_rate"": 0.01, ""gamma"": 0.5, ""colsample_bytree"": 0.85}"
A,XGBoost,29,F1,1.0837767000048188,0.28788334520126907,0.2936431676308135,0.16666666666666666,0.11428571428571428,0.13559322033898305,105,0.387434554973822,0.3978494623655914,0.3925729442970822,186,0.3076923076923077,0.36879432624113473,0.33548387096774196,141,"{""subsample"": 0.65, ""reg_lambda"": 5.0, ""reg_alpha"": 0.1, ""n_estimators"": 200, ""min_child_weight"": 8, ""max_depth"": 3, ""learning_rate"": 0.02, ""gamma"": 0.25, ""colsample_bytree"": 0.55}"
A,XGBoost,29,F2,1.1246897999953944,0.3432990748465438,0.3454609721612793,0.2847222222222222,0.3178294573643411,0.30036630036630035,129,0.379746835443038,0.4166666666666667,0.3973509933774834,144,0.36923076923076925,0.3018867924528302,0.33217993079584773,159,"{""subsample"": 0.65, ""reg_lambda"": 5.0, ""reg_alpha"": 0.1, ""n_estimators"": 200, ""min_child_weight"": 8, ""max_depth"": 3, ""learning_rate"": 0.02, ""gamma"": 0.25, ""colsample_bytree"": 0.55}"
A,XGBoost,29,F3,1.2206446999916807,0.39360454247580545,0.3990845843194837,0.42424242424242425,0.2937062937062937,0.34710743801652894,143,0.391304347826087,0.5142857142857142,0.4444444444444444,140,0.38926174496644295,0.38926174496644295,0.38926174496644295,149,"{""subsample"": 0.65, ""reg_lambda"": 5.0, ""reg_alpha"": 0.1, ""n_estimators"": 200, ""min_child_weight"": 8, ""max_depth"": 3, ""learning_rate"": 0.02, ""gamma"": 0.25, ""colsample_bytree"": 0.55}"
A,XGBoost,29,F4,1.2385998999961885,0.3506455629927629,0.3539075570164188,0.4358974358974359,0.49514563106796117,0.4636363636363636,206,0.33146067415730335,0.31382978723404253,0.3224043715846995,188,0.2804878048780488,0.25274725274725274,0.2658959537572254,182,"{""subsample"": 0.65, ""reg_lambda"": 5.0, ""reg_alpha"": 0.1, ""n_estimators"": 200, ""min_child_weight"": 8, ""max_depth"": 3, ""learning_rate"": 0.02, ""gamma"": 0.25, ""colsample_bytree"": 0.55}"
A,XGBoost,30,F1,2.7661364999949,0.31172510226039746,0.31907594426468827,0.1518987341772152,0.11428571428571428,0.13043478260869565,105,0.4166666666666667,0.4032258064516129,0.4098360655737705,186,0.3583815028901734,0.4397163120567376,0.39490445859872614,141,"{""subsample"": 0.75, ""reg_lambda"": 0.5, ""reg_alpha"": 0.01, ""n_estimators"": 600, ""min_child_weight"": 1, ""max_depth"": 2, ""learning_rate"": 0.02, ""gamma"": 0.1, ""colsample_bytree"": 0.55}"
A,XGBoost,30,F2,2.506456300005084,0.3625175147948502,0.36347671168316187,0.2972972972972973,0.34108527131782945,0.3176895306859206,129,0.39072847682119205,0.4097222222222222,0.4,144,0.40601503759398494,0.33962264150943394,0.3698630136986301,159,"{""subsample"": 0.75, ""reg_lambda"": 0.5, ""reg_alpha"": 0.01, ""n_estimators"": 600, ""min_child_weight"": 1, ""max_depth"": 2, ""learning_rate"": 0.02, ""gamma"": 0.1, ""colsample_bytree"": 0.55}"
A,XGBoost,30,F3,2.5330396000063047,0.3597758227683112,0.3638577306362542,0.3877551020408163,0.26573426573426573,0.3153526970954357,143,0.36627906976744184,0.45,0.40384615384615385,140,0.345679012345679,0.37583892617449666,0.36012861736334406,149,"{""subsample"": 0.75, ""reg_lambda"": 0.5, ""reg_alpha"": 0.01, ""n_estimators"": 600, ""min_child_weight"": 1, ""max_depth"": 2, ""learning_rate"": 0.02, ""gamma"": 0.1, ""colsample_bytree"": 0.55}"
A,XGBoost,30,F4,2.5175115000020014,0.37112909451251114,0.3751109456542219,0.43673469387755104,0.5194174757281553,0.4745011086474501,206,0.34394904458598724,0.2872340425531915,0.3130434782608696,188,0.3333333333333333,0.31868131868131866,0.3258426966292135,182,"{""subsample"": 0.75, ""reg_lambda"": 0.5, ""reg_alpha"": 0.01, ""n_estimators"": 600, ""min_child_weight"": 1, ""max_depth"": 2, ""learning_rate"": 0.02, ""gamma"": 0.1, ""colsample_bytree"": 0.55}"
A,SVM_RBF,1,F1,3.4311892999976408,0.32452245865744045,0.3265646958852175,0.2426470588235294,0.3142857142857143,0.27385892116182575,105,0.45222929936305734,0.3817204301075269,0.4139941690962099,186,0.28776978417266186,0.28368794326241137,0.2857142857142857,141,"{""model__gamma"": 0.002, ""model__class_weight"": null, ""model__C"": 50.0}"
A,SVM_RBF,1,F2,5.036265399990953,0.35471730988869704,0.3567059545284644,0.30864197530864196,0.3875968992248062,0.3436426116838488,129,0.39849624060150374,0.3680555555555556,0.38267148014440433,144,0.36496350364963503,0.31446540880503143,0.33783783783783783,159,"{""model__gamma"": 0.002, ""model__class_weight"": null, ""model__C"": 50.0}"
A,SVM_RBF,1,F3,7.0596023999969475,0.3519243313763862,0.3523602795414876,0.36496350364963503,0.34965034965034963,0.35714285714285715,143,0.34868421052631576,0.37857142857142856,0.363013698630137,140,0.34265734265734266,0.3288590604026846,0.3356164383561644,149,"{""model__gamma"": 0.002, ""model__class_weight"": null, ""model__C"": 50.0}"
A,SVM_RBF,1,F4,9.579639899995527,0.3205257705257705,0.3210931807296195,0.34513274336283184,0.3786407766990291,0.3611111111111111,206,0.352112676056338,0.26595744680851063,0.30303030303030304,188,0.27884615384615385,0.31868131868131866,0.29743589743589743,182,"{""model__gamma"": 0.002, ""model__class_weight"": null, ""model__C"": 50.0}"
A,SVM_RBF,2,F1,1.9886996999994153,0.3307542421917868,0.32945059973199986,0.1935483870967742,0.22857142857142856,0.2096069868995633,105,0.4785276073619632,0.41935483870967744,0.4469914040114613,186,0.3310344827586207,0.3404255319148936,0.3356643356643357,141,"{""model__gamma"": ""scale"", ""model__class_weight"": ""balanced"", ""model__C"": 10.0}"
A,SVM_RBF,2,F2,2.705146899999818,0.3339530721257376,0.33674613621958943,0.3105590062111801,0.3875968992248062,0.3448275862068966,129,0.36923076923076925,0.3333333333333333,0.35036496350364965,144,0.3262411347517731,0.2893081761006289,0.30666666666666664,159,"{""model__gamma"": ""scale"", ""model__class_weight"": ""balanced"", ""model__C"": 10.0}"
A,SVM_RBF,2,F3,3.823804800005746,0.3570399160570806,0.3567785681879641,0.3829787234042553,0.3776223776223776,0.38028169014084506,143,0.36231884057971014,0.35714285714285715,0.3597122302158273,140,0.32679738562091504,0.33557046979865773,0.33112582781456956,149,"{""model__gamma"": ""scale"", ""model__class_weight"": ""balanced"", ""model__C"": 10.0}"
A,SVM_RBF,2,F4,5.007945299992571,0.31375250924076165,0.3154641784573617,0.34934497816593885,0.3883495145631068,0.367816091954023,206,0.3409090909090909,0.2393617021276596,0.28125,188,0.26976744186046514,0.31868131868131866,0.29219143576826195,182,"{""model__gamma"": ""scale"", ""model__class_weight"": ""balanced"", ""model__C"": 10.0}"
A,SVM_RBF,3,F1,0.43952890000946354,0.30330214324548604,0.3079811746249632,0.1839080459770115,0.1523809523809524,0.16666666666666666,105,0.40119760479041916,0.3602150537634409,0.37960339943342775,186,0.3258426966292135,0.41134751773049644,0.36363636363636365,141,"{""model__gamma"": 0.002, ""model__class_weight"": null, ""model__C"": 2.0}"
A,SVM_RBF,3,F2,0.5494615999923553,0.33653316554674095,0.3368141891342857,0.28225806451612906,0.2713178294573643,0.2766798418972332,129,0.3581081081081081,0.3680555555555556,0.363013698630137,144,0.36875,0.3710691823899371,0.36990595611285265,159,"{""model__gamma"": 0.002, ""model__class_weight"": null, ""model__C"": 2.0}"
A,SVM_RBF,3,F3,0.796438000004855,0.35172234586659035,0.3529415774382217,0.41228070175438597,0.32867132867132864,0.3657587548638132,143,0.33146067415730335,0.42142857142857143,0.3710691823899371,140,0.32857142857142857,0.3087248322147651,0.31833910034602075,149,"{""model__gamma"": 0.002, ""model__class_weight"": null, ""model__C"": 2.0}"
A,SVM_RBF,3,F4,0.9834803999983706,0.34657426339445635,0.34609123232341577,0.4126984126984127,0.3786407766990291,0.3949367088607595,206,0.32972972972972975,0.324468085106383,0.32707774798927614,188,0.30198019801980197,0.33516483516483514,0.3177083333333333,182,"{""model__gamma"": 0.002, ""model__class_weight"": null, ""model__C"": 2.0}"
A,SVM_RBF,4,F1,0.5844802999927197,0.28011703034409663,0.28427296793803314,0.15476190476190477,0.12380952380952381,0.13756613756613756,105,0.3701657458563536,0.3602150537634409,0.3651226158038147,186,0.31137724550898205,0.36879432624113473,0.33766233766233766,141,"{""model__gamma"": 0.01, ""model__class_weight"": ""balanced"", ""model__C"": 0.2}"
A,SVM_RBF,4,F2,0.8491623000008985,0.32373676724192185,0.32652702614857065,0.3055555555555556,0.34108527131782945,0.32234432234432236,129,0.33974358974358976,0.3680555555555556,0.35333333333333333,144,0.32575757575757575,0.27044025157232704,0.29553264604810997,159,"{""model__gamma"": 0.01, ""model__class_weight"": ""balanced"", ""model__C"": 0.2}"
A,SVM_RBF,4,F3,1.0594679999921937,0.3339331891527418,0.33596314200341043,0.3575757575757576,0.4125874125874126,0.38311688311688313,143,0.3181818181818182,0.3,0.3088235294117647,140,0.32592592592592595,0.2953020134228188,0.30985915492957744,149,"{""model__gamma"": 0.01, ""model__class_weight"": ""balanced"", ""model__C"": 0.2}"
A,SVM_RBF,4,F4,1.57511930000328,0.3294216220212425,0.35369928563483616,0.40186915887850466,0.6262135922330098,0.48956356736242884,206,0.35802469135802467,0.30851063829787234,0.3314285714285714,188,0.24731182795698925,0.12637362637362637,0.16727272727272727,182,"{""model__gamma"": 0.01, ""model__class_weight"": ""balanced"", ""model__C"": 0.2}"
A,SVM_RBF,5,F1,1.245653299993137,0.20405237566724801,0.3300497870161563,0.2398921832884097,0.8476190476190476,0.3739495798319328,105,0.46153846153846156,0.06451612903225806,0.11320754716981132,186,0.3142857142857143,0.07801418439716312,0.125,141,"{""model__gamma"": 0.1, ""model__class_weight"": ""balanced"", ""model__C"": 100.0}"
A,SVM_RBF,5,F2,1.4825952999963192,0.27957573047498246,0.33510880340630234,0.30201342281879195,0.6976744186046512,0.4215456674473068,129,0.3218390804597701,0.19444444444444445,0.24242424242424243,144,0.3829787234042553,0.11320754716981132,0.17475728155339806,159,"{""model__gamma"": 0.1, ""model__class_weight"": ""balanced"", ""model__C"": 100.0}"
A,SVM_RBF,5,F3,1.6501513999974122,0.34019800577369247,0.3496200667341607,0.38961038961038963,0.2097902097902098,0.2727272727272727,143,0.31333333333333335,0.3357142857142857,0.32413793103448274,140,0.36585365853658536,0.5033557046979866,0.423728813559322,149,"{""model__gamma"": 0.1, ""model__class_weight"": ""balanced"", ""model__C"": 100.0}"
A,SVM_RBF,5,F4,2.1850151999969967,0.2588151124122347,0.30903519464767143,0.2638888888888889,0.09223300970873786,0.1366906474820144,206,0.358695652173913,0.17553191489361702,0.2357142857142857,188,0.2912621359223301,0.6593406593406593,0.40404040404040403,182,"{""model__gamma"": 0.1, ""model__class_weight"": ""balanced"", ""model__C"": 100.0}"
A,SVM_RBF,6,F1,0.3331897000025492,0.24811605572196072,0.3408308004052685,0.2663316582914573,0.5047619047619047,0.34868421052631576,105,0.0,0.0,0.0,186,0.3201754385964912,0.5177304964539007,0.3956639566395664,141,"{""model__gamma"": 0.0003, ""model__class_weight"": null, ""model__C"": 0.2}"
A,SVM_RBF,6,F2,0.4725170000019716,0.19161329494486554,0.325958225667528,0.2692307692307692,0.05426356589147287,0.09032258064516129,129,0.32839506172839505,0.9236111111111112,0.48451730418943534,144,0.0,0.0,0.0,159,"{""model__gamma"": 0.0003, ""model__class_weight"": null, ""model__C"": 0.2}"
A,SVM_RBF,6,F3,0.6878281999961473,0.23184373061090216,0.2794462807885627,0.15384615384615385,0.013986013986013986,0.02564102564102564,143,0.2268041237113402,0.3142857142857143,0.2634730538922156,140,0.3377777777777778,0.5100671140939598,0.40641711229946526,149,"{""model__gamma"": 0.0003, ""model__class_weight"": null, ""model__C"": 0.2}"
A,SVM_RBF,6,F4,1.0858821000001626,0.2710124995650575,0.33991213633849454,0.576271186440678,0.1650485436893204,0.25660377358490566,206,0.25,0.07446808510638298,0.11475409836065574,188,0.3080260303687636,0.7802197802197802,0.4416796267496112,182,"{""model__gamma"": 0.0003, ""model__class_weight"": null, ""model__C"": 0.2}"
A,SVM_RBF,7,F1,0.7092101000016555,0.29538527550994237,0.30195552940920134,0.17391304347826086,0.11428571428571428,0.13793103448275862,105,0.40860215053763443,0.40860215053763443,0.40860215053763443,186,0.3050847457627119,0.3829787234042553,0.33962264150943394,141,"{""model__gamma"": 0.0003, ""model__class_weight"": ""balanced"", ""model__C"": 20.0}"
A,SVM_RBF,7,F2,0.9915446000086376,0.3252409353565757,0.3254798238343653,0.2714285714285714,0.29457364341085274,0.2825278810408922,129,0.3586206896551724,0.3611111111111111,0.35986159169550175,144,0.3469387755102041,0.32075471698113206,0.3333333333333333,159,"{""model__gamma"": 0.0003, ""model__class_weight"": ""balanced"", ""model__C"": 20.0}"
A,SVM_RBF,7,F3,1.3456253999902401,0.3504810373069362,0.3560476436315363,0.36363636363636365,0.3076923076923077,0.3333333333333333,143,0.366120218579235,0.4785714285714286,0.4148606811145511,140,0.328125,0.28187919463087246,0.30324909747292417,149,"{""model__gamma"": 0.0003, ""model__class_weight"": ""balanced"", ""model__C"": 20.0}"
A,SVM_RBF,7,F4,1.924389699997846,0.36820346668013704,0.36862521214927746,0.4405940594059406,0.4320388349514563,0.4362745098039216,206,0.37373737373737376,0.39361702127659576,0.38341968911917096,188,0.2897727272727273,0.2802197802197802,0.2849162011173184,182,"{""model__gamma"": 0.0003, ""model__class_weight"": ""balanced"", ""model__C"": 20.0}"
A,SVM_RBF,8,F1,1.1211235000082524,0.2528146442759119,0.2642230719787343,0.17209302325581396,0.3523809523809524,0.23125,105,0.41836734693877553,0.22043010752688172,0.2887323943661972,186,0.2605042016806723,0.2198581560283688,0.23846153846153847,141,"{""model__gamma"": 0.05, ""model__class_weight"": ""balanced"", ""model__C"": 2.0}"
A,SVM_RBF,8,F2,1.3657844999979716,0.3059841015777368,0.3178182844977491,0.27906976744186046,0.46511627906976744,0.3488372093023256,129,0.33980582524271846,0.24305555555555555,0.2834008097165992,144,0.34210526315789475,0.24528301886792453,0.2857142857142857,159,"{""model__gamma"": 0.05, ""model__class_weight"": ""balanced"", ""model__C"": 2.0}"
A,SVM_RBF,8,F3,2.035038200003328,0.313780593458956,0.3193843069681996,0.32642487046632124,0.4405594405594406,0.375,143,0.32038834951456313,0.2357142857142857,0.2716049382716049,140,0.3088235294117647,0.28187919463087246,0.29473684210526313,149,"{""model__gamma"": 0.05, ""model__class_weight"": ""balanced"", ""model__C"": 2.0}"
A,SVM_RBF,8,F4,2.5742119000060484,0.34808722518309315,0.362755591169142,0.4032258064516129,0.6067961165048543,0.4844961240310077,206,0.36134453781512604,0.22872340425531915,0.28013029315960913,188,0.3129251700680272,0.25274725274725274,0.2796352583586626,182,"{""model__gamma"": 0.05, ""model__class_weight"": ""balanced"", ""model__C"": 2.0}"
A,SVM_RBF,9,F1,1.2579986000055214,0.28550014135998575,0.2819677310411696,0.13380281690140844,0.18095238095238095,0.15384615384615385,105,0.45,0.3387096774193548,0.38650306748466257,186,0.30666666666666664,0.3262411347517731,0.3161512027491409,141,"{""model__gamma"": 0.02, ""model__class_weight"": ""balanced"", ""model__C"": 100.0}"
A,SVM_RBF,9,F2,1.8980328000034206,0.3531154684095861,0.3574474265841093,0.3163841807909605,0.43410852713178294,0.3660130718954248,129,0.37719298245614036,0.2986111111111111,0.3333333333333333,144,0.3829787234042553,0.33962264150943394,0.36,159,"{""model__gamma"": 0.02, ""model__class_weight"": ""balanced"", ""model__C"": 100.0}"
A,SVM_RBF,9,F3,2.761080199998105,0.32813732594127926,0.3290140508261314,0.36942675159235666,0.40559440559440557,0.38666666666666666,143,0.3360655737704918,0.29285714285714287,0.31297709923664124,140,0.28104575163398693,0.28859060402684567,0.2847682119205298,149,"{""model__gamma"": 0.02, ""model__class_weight"": ""balanced"", ""model__C"": 100.0}"
A,SVM_RBF,9,F4,3.6890505999908783,0.34630451392970496,0.3497926366135414,0.3712121212121212,0.47572815533980584,0.41702127659574467,206,0.3787878787878788,0.26595744680851063,0.3125,188,0.3111111111111111,0.3076923076923077,0.30939226519337015,182,"{""model__gamma"": 0.02, ""model__class_weight"": ""balanced"", ""model__C"": 100.0}"
A,SVM_RBF,10,F1,0.851763699989533,0.2528146442759119,0.2642230719787343,0.17209302325581396,0.3523809523809524,0.23125,105,0.41836734693877553,0.22043010752688172,0.2887323943661972,186,0.2605042016806723,0.2198581560283688,0.23846153846153847,141,"{""model__gamma"": 0.05, ""model__class_weight"": ""balanced"", ""model__C"": 3.0}"
A,SVM_RBF,10,F2,1.2411033999960637,0.3059841015777368,0.3178182844977491,0.27906976744186046,0.46511627906976744,0.3488372093023256,129,0.33980582524271846,0.24305555555555555,0.2834008097165992,144,0.34210526315789475,0.24528301886792453,0.2857142857142857,159,"{""model__gamma"": 0.05, ""model__class_weight"": ""balanced"", ""model__C"": 3.0}"
A,SVM_RBF,10,F3,3.238017799987574,0.31381021165432443,0.3193843069681996,0.328125,0.4405594405594406,0.3761194029850746,143,0.32038834951456313,0.2357142857142857,0.2716049382716049,140,0.30656934306569344,0.28187919463087246,0.2937062937062937,149,"{""model__gamma"": 0.05, ""model__class_weight"": ""balanced"", ""model__C"": 3.0}"
A,SVM_RBF,10,F4,2.7389140000013867,0.345931268913485,0.360982541523752,0.4032258064516129,0.6067961165048543,0.4844961240310077,206,0.3559322033898305,0.22340425531914893,0.27450980392156865,188,0.3108108108108108,0.25274725274725274,0.2787878787878788,182,"{""model__gamma"": 0.05, ""model__class_weight"": ""balanced"", ""model__C"": 3.0}"
A,SVM_RBF,11,F1,0.9635185999941314,0.2689167726227201,0.26867122049002623,0.1518987341772152,0.22857142857142856,0.18250950570342206,105,0.42276422764227645,0.27956989247311825,0.3365695792880259,186,0.2781456953642384,0.2978723404255319,0.2876712328767123,141,"{""model__gamma"": 0.03, ""model__class_weight"": ""balanced"", ""model__C"": 20.0}"
A,SVM_RBF,11,F2,1.4883213000139222,0.3361262595997417,0.34189885914874946,0.3146067415730337,0.43410852713178294,0.36482084690553745,129,0.3482142857142857,0.2708333333333333,0.3046875,144,0.3591549295774648,0.32075471698113206,0.3388704318936877,159,"{""model__gamma"": 0.03, ""model__class_weight"": ""balanced"", ""model__C"": 20.0}"
A,SVM_RBF,11,F3,1.9110906999994768,0.32093434343434346,0.3219710937831743,0.3393939393939394,0.3916083916083916,0.36363636363636365,143,0.3448275862068966,0.2857142857142857,0.3125,140,0.2847682119205298,0.28859060402684567,0.2866666666666667,149,"{""model__gamma"": 0.03, ""model__class_weight"": ""balanced"", ""model__C"": 20.0}"
A,SVM_RBF,11,F4,2.6327394999971148,0.3544090334195504,0.3630374479889043,0.3958333333333333,0.5533980582524272,0.46153846153846156,206,0.373015873015873,0.25,0.29936305732484075,188,0.32098765432098764,0.2857142857142857,0.3023255813953488,182,"{""model__gamma"": 0.03, ""model__class_weight"": ""balanced"", ""model__C"": 20.0}"
A,SVM_RBF,12,F1,0.5306472000083886,0.2006472491909385,0.3333333333333333,0.0,0.0,0.0,105,0.4305555555555556,1.0,0.6019417475728155,186,0.0,0.0,0.0,141,"{""model__gamma"": 0.02, ""model__class_weight"": ""balanced"", ""model__C"": 0.03}"
A,SVM_RBF,12,F2,0.7834330000041518,0.17935702199661588,0.3333333333333333,0.0,0.0,0.0,129,0.0,0.0,0.0,144,0.3680555555555556,1.0,0.5380710659898477,159,"{""model__gamma"": 0.02, ""model__class_weight"": ""balanced"", ""model__C"": 0.03}"
A,SVM_RBF,12,F3,0.9621967999992194,0.16317016317016317,0.3333333333333333,0.0,0.0,0.0,143,0.32407407407407407,1.0,0.48951048951048953,140,0.0,0.0,0.0,149,"{""model__gamma"": 0.02, ""model__class_weight"": ""balanced"", ""model__C"": 0.03}"
A,SVM_RBF,12,F4,1.3983377999975346,0.175618073316283,0.3333333333333333,0.3576388888888889,1.0,0.5268542199488491,206,0.0,0.0,0.0,188,0.0,0.0,0.0,182,"{""model__gamma"": 0.02, ""model__class_weight"": ""balanced"", ""model__C"": 0.03}"
A,SVM_RBF,13,F1,0.4854248000046937,0.30657420846100086,0.31001187480254055,0.18888888888888888,0.1619047619047619,0.17435897435897435,105,0.41818181818181815,0.3709677419354839,0.39316239316239315,186,0.3163841807909605,0.3971631205673759,0.3522012578616352,141,"{""model__gamma"": 0.001, ""model__class_weight"": null, ""model__C"": 5.0}"
A,SVM_RBF,13,F2,0.6986600999953225,0.3323167435826965,0.3325258397932816,0.28776978417266186,0.31007751937984496,0.29850746268656714,129,0.35664335664335667,0.3541666666666667,0.3554006968641115,144,0.35333333333333333,0.3333333333333333,0.343042071197411,159,"{""model__gamma"": 0.001, ""model__class_weight"": null, ""model__C"": 5.0}"
A,SVM_RBF,13,F3,0.792208800005028,0.3620411660722491,0.3647025234273557,0.3983050847457627,0.32867132867132864,0.36015325670498083,143,0.35195530726256985,0.45,0.3949843260188088,140,0.34814814814814815,0.31543624161073824,0.33098591549295775,149,"{""model__gamma"": 0.001, ""model__class_weight"": null, ""model__C"": 5.0}"
A,SVM_RBF,13,F4,1.1845929999981308,0.35748597480587274,0.3572047143106842,0.43,0.4174757281553398,0.4236453201970443,206,0.33152173913043476,0.324468085106383,0.3279569892473118,188,0.3125,0.32967032967032966,0.32085561497326204,182,"{""model__gamma"": 0.001, ""model__class_weight"": null, ""model__C"": 5.0}"
A,SVM_RBF,14,F1,3.9837528000061866,0.33784811376080737,0.33863232778812735,0.2366412213740458,0.29523809523809524,0.2627118644067797,105,0.4634146341463415,0.40860215053763443,0.4342857142857143,186,0.32116788321167883,0.3120567375886525,0.31654676258992803,141,"{""model__gamma"": 0.003, ""model__class_weight"": ""balanced"", ""model__C"": 50.0}"
A,SVM_RBF,14,F2,6.226242500008084,0.3502973154418005,0.3532697901938797,0.3023255813953488,0.40310077519379844,0.34551495016611294,129,0.40625,0.3611111111111111,0.38235294117647056,144,0.3560606060606061,0.29559748427672955,0.3230240549828179,159,"{""model__gamma"": 0.003, ""model__class_weight"": ""balanced"", ""model__C"": 50.0}"
A,SVM_RBF,14,F3,9.00696159999643,0.3525262540875882,0.3525919270885714,0.4,0.3776223776223776,0.38848920863309355,143,0.34210526315789475,0.37142857142857144,0.3561643835616438,140,0.31724137931034485,0.3087248322147651,0.3129251700680272,149,"{""model__gamma"": 0.003, ""model__class_weight"": ""balanced"", ""model__C"": 50.0}"
A,SVM_RBF,14,F4,12.075195999990683,0.3154259305513372,0.3152099398226232,0.34051724137931033,0.38349514563106796,0.3607305936073059,206,0.36054421768707484,0.28191489361702127,0.3164179104477612,188,0.25888324873096447,0.2802197802197802,0.2691292875989446,182,"{""model__gamma"": 0.003, ""model__class_weight"": ""balanced"", ""model__C"": 50.0}"
A,SVM_RBF,15,F1,0.3044572000071639,0.27436076240018786,0.3081228007103093,0.19642857142857142,0.10476190476190476,0.13664596273291926,105,0.3482142857142857,0.20967741935483872,0.26174496644295303,186,0.32575757575757575,0.6099290780141844,0.4246913580246914,141,"{""model__gamma"": 0.001, ""model__class_weight"": null, ""model__C"": 0.3}"
A,SVM_RBF,15,F2,0.42497750000620726,0.33340853070513193,0.34426344400565556,0.29411764705882354,0.15503875968992248,0.20304568527918782,129,0.34054054054054056,0.4375,0.3829787234042553,144,0.39106145251396646,0.44025157232704404,0.41420118343195267,159,"{""model__gamma"": 0.001, ""model__class_weight"": null, ""model__C"": 0.3}"
A,SVM_RBF,15,F3,0.577744199996232,0.32316195972606937,0.3250494471970982,0.42168674698795183,0.24475524475524477,0.30973451327433627,143,0.2894736842105263,0.3142857142857143,0.3013698630136986,140,0.3147208121827411,0.4161073825503356,0.3583815028901734,149,"{""model__gamma"": 0.001, ""model__class_weight"": null, ""model__C"": 0.3}"
A,SVM_RBF,15,F4,0.796168700006092,0.36222889979601997,0.3653961544893171,0.4457831325301205,0.3592233009708738,0.3978494623655914,206,0.3829787234042553,0.4787234042553192,0.425531914893617,188,0.26857142857142857,0.25824175824175827,0.26330532212885155,182,"{""model__gamma"": 0.001, ""model__class_weight"": null, ""model__C"": 0.3}"
A,SVM_RBF,16,F1,1.7407327000109944,0.32997927258723103,0.32863134729984417,0.19402985074626866,0.24761904761904763,0.2175732217573222,105,0.4868421052631579,0.3978494623655914,0.4378698224852071,186,0.3287671232876712,0.3404255319148936,0.3344947735191638,141,"{""model__gamma"": 0.01, ""model__class_weight"": ""balanced"", ""model__C"": 10.0}"
A,SVM_RBF,16,F2,2.6390423999982886,0.3419316663875318,0.34647770302114306,0.3313253012048193,0.4263565891472868,0.3728813559322034,129,0.33858267716535434,0.2986111111111111,0.3173431734317343,144,0.3597122302158273,0.31446540880503143,0.33557046979865773,159,"{""model__gamma"": 0.01, ""model__class_weight"": ""balanced"", ""model__C"": 10.0}"
A,SVM_RBF,16,F3,3.920334400012507,0.33794387228391704,0.33858781039989094,0.36774193548387096,0.3986013986013986,0.3825503355704698,143,0.35384615384615387,0.32857142857142857,0.34074074074074073,140,0.2925170068027211,0.28859060402684567,0.2905405405405405,149,"{""model__gamma"": 0.01, ""model__class_weight"": ""balanced"", ""model__C"": 10.0}"
A,SVM_RBF,16,F4,5.323308499995619,0.32321396950319725,0.3252693908033714,0.34,0.41262135922330095,0.37280701754385964,206,0.3533834586466165,0.25,0.29283489096573206,188,0.29533678756476683,0.3131868131868132,0.304,182,"{""model__gamma"": 0.01, ""model__class_weight"": ""balanced"", ""model__C"": 10.0}"
A,SVM_RBF,17,F1,0.3600635000038892,0.17065534046666123,0.30814349990739837,0.23387096774193547,0.8285714285714286,0.36477987421383645,105,0.16666666666666666,0.010752688172043012,0.020202020202020204,186,0.25,0.0851063829787234,0.12698412698412698,141,"{""model__gamma"": 0.02, ""model__class_weight"": null, ""model__C"": 0.2}"
A,SVM_RBF,17,F2,0.46102390000305604,0.23598875312626874,0.329400484292981,0.29253731343283584,0.7596899224806202,0.4224137931034483,129,0.35555555555555557,0.2222222222222222,0.27350427350427353,144,0.14285714285714285,0.006289308176100629,0.012048192771084338,159,"{""model__gamma"": 0.02, ""model__class_weight"": null, ""model__C"": 0.2}"
A,SVM_RBF,17,F3,0.671417499994277,0.36524409785279355,0.3675147000650356,0.36627906976744184,0.4405594405594406,0.4,143,0.36283185840707965,0.29285714285714287,0.3241106719367589,140,0.3741496598639456,0.3691275167785235,0.3716216216216216,149,"{""model__gamma"": 0.02, ""model__class_weight"": null, ""model__C"": 0.2}"
A,SVM_RBF,17,F4,0.8817205999948783,0.310786847038557,0.3347679656293579,0.3815789473684211,0.5631067961165048,0.4549019607843137,206,0.3283582089552239,0.11702127659574468,0.17254901960784313,188,0.28780487804878047,0.3241758241758242,0.3049095607235142,182,"{""model__gamma"": 0.02, ""model__class_weight"": null, ""model__C"": 0.2}"
A,SVM_RBF,18,F1,0.43986559999757446,0.2795134575569358,0.2851782854528222,0.13793103448275862,0.11428571428571428,0.125,105,0.3902439024390244,0.34408602150537637,0.3657142857142857,186,0.30939226519337015,0.3971631205673759,0.34782608695652173,141,"{""model__gamma"": 0.005, ""model__class_weight"": null, ""model__C"": 1.0}"
A,SVM_RBF,18,F2,0.578293799990206,0.32877217625663074,0.3291638226642615,0.2956521739130435,0.26356589147286824,0.2786885245901639,129,0.3356164383561644,0.3402777777777778,0.33793103448275863,144,0.3567251461988304,0.3836477987421384,0.3696969696969697,159,"{""model__gamma"": 0.005, ""model__class_weight"": null, ""model__C"": 1.0}"
A,SVM_RBF,18,F3,0.7646125000028405,0.3389532296890047,0.3385180814711016,0.41904761904761906,0.3076923076923077,0.3548387096774194,143,0.3157894736842105,0.38571428571428573,0.34726688102893893,140,0.3076923076923077,0.3221476510067114,0.31475409836065577,149,"{""model__gamma"": 0.005, ""model__class_weight"": null, ""model__C"": 1.0}"
A,SVM_RBF,18,F4,1.1325563999998849,0.3575833585535883,0.3571666920148639,0.4416243654822335,0.4223300970873786,0.4317617866004963,206,0.3372093023255814,0.30851063829787234,0.32222222222222224,188,0.2995169082125604,0.34065934065934067,0.31876606683804626,182,"{""model__gamma"": 0.005, ""model__class_weight"": null, ""model__C"": 1.0}"
A,SVM_RBF,19,F1,0.3679552999965381,0.32586955139202944,0.32767700537089695,0.2222222222222222,0.20952380952380953,0.21568627450980393,105,0.4069767441860465,0.3763440860215054,0.39106145251396646,186,0.34782608695652173,0.3971631205673759,0.3708609271523179,141,"{""model__gamma"": 0.0005, ""model__class_weight"": null, ""model__C"": 3.0}"
A,SVM_RBF,19,F2,0.5368410000082804,0.36384709040959046,0.3683907415533128,0.3228346456692913,0.3178294573643411,0.3203125,129,0.38764044943820225,0.4791666666666667,0.42857142857142855,144,0.3858267716535433,0.3081761006289308,0.34265734265734266,159,"{""model__gamma"": 0.0005, ""model__class_weight"": null, ""model__C"": 3.0}"
A,SVM_RBF,19,F3,0.6452852999937022,0.35360778495497364,0.35823483004691054,0.39823008849557523,0.3146853146853147,0.3515625,143,0.34554973821989526,0.4714285714285714,0.3987915407854985,140,0.3359375,0.28859060402684567,0.3104693140794224,149,"{""model__gamma"": 0.0005, ""model__class_weight"": null, ""model__C"": 3.0}"
A,SVM_RBF,19,F4,1.0701457999966806,0.37932879077741327,0.3807367321104152,0.44751381215469616,0.3932038834951456,0.4186046511627907,206,0.375,0.44680851063829785,0.4077669902912621,188,0.3216374269005848,0.3021978021978022,0.311614730878187,182,"{""model__gamma"": 0.0005, ""model__class_weight"": null, ""model__C"": 3.0}"
A,SVM_RBF,20,F1,0.8555543000111356,0.2940871917058407,0.2951694610582737,0.16842105263157894,0.1523809523809524,0.16,105,0.41621621621621624,0.41397849462365593,0.41509433962264153,186,0.29605263157894735,0.3191489361702128,0.30716723549488056,141,"{""model__gamma"": ""scale"", ""model__class_weight"": ""balanced"", ""model__C"": 3.0}"
A,SVM_RBF,20,F2,1.169179600008647,0.3126519177687142,0.31217395543854515,0.25757575757575757,0.26356589147286824,0.26053639846743293,129,0.35555555555555557,0.3333333333333333,0.34408602150537637,144,0.32727272727272727,0.33962264150943394,0.3333333333333333,159,"{""model__gamma"": ""scale"", ""model__class_weight"": ""balanced"", ""model__C"": 3.0}"
A,SVM_RBF,20,F3,1.7743711000075564,0.3478404357353384,0.34764832482953295,0.3888888888888889,0.34265734265734266,0.3643122676579926,143,0.33548387096774196,0.37142857142857144,0.3525423728813559,140,0.32450331125827814,0.3288590604026846,0.32666666666666666,149,"{""model__gamma"": ""scale"", ""model__class_weight"": ""balanced"", ""model__C"": 3.0}"
A,SVM_RBF,20,F4,3.1808053999993717,0.34856361941101327,0.35167502400512113,0.4072398190045249,0.4368932038834951,0.4215456674473068,206,0.3381294964028777,0.25,0.2874617737003058,188,0.3101851851851852,0.36813186813186816,0.33668341708542715,182,"{""model__gamma"": ""scale"", ""model__class_weight"": ""balanced"", ""model__C"": 3.0}"
A,MLP,1,F1,1.7198290999949677,0.3052715863173379,0.30907169548212793,0.23255813953488372,0.2857142857142857,0.2564102564102564,105,0.4057971014492754,0.3010752688172043,0.345679012345679,186,0.2909090909090909,0.3404255319148936,0.3137254901960784,141,"{""model__validation_fraction"": 0.12, ""model__n_iter_no_change"": 20, ""model__learning_rate_init"": 0.003, ""model__hidden_layer_sizes"": [256, 128, 64], ""model__batch_size"": 128, ""model__alpha"": 0.001, ""model__activation"": ""tanh""}"
A,MLP,1,F2,2.112722899997607,0.33284562607031637,0.33901625956803666,0.33532934131736525,0.43410852713178294,0.3783783783783784,129,0.3333333333333333,0.3125,0.3225806451612903,144,0.33076923076923076,0.27044025157232704,0.2975778546712803,159,"{""model__validation_fraction"": 0.12, ""model__n_iter_no_change"": 20, ""model__learning_rate_init"": 0.003, ""model__hidden_layer_sizes"": [256, 128, 64], ""model__batch_size"": 128, ""model__alpha"": 0.001, ""model__activation"": ""tanh""}"
A,MLP,1,F3,4.1125710000051185,0.3340923898479269,0.3335942580909024,0.363013698630137,0.3706293706293706,0.36678200692041524,143,0.3515625,0.32142857142857145,0.3358208955223881,140,0.2911392405063291,0.3087248322147651,0.2996742671009772,149,"{""model__validation_fraction"": 0.12, ""model__n_iter_no_change"": 20, ""model__learning_rate_init"": 0.003, ""model__hidden_layer_sizes"": [256, 128, 64], ""model__batch_size"": 128, ""model__alpha"": 0.001, ""model__activation"": ""tanh""}"
A,MLP,1,F4,2.4371441999974195,0.33518908587104007,0.3359457109715321,0.36681222707423583,0.4077669902912621,0.38620689655172413,206,0.33532934131736525,0.2978723404255319,0.3154929577464789,188,0.3055555555555556,0.3021978021978022,0.30386740331491713,182,"{""model__validation_fraction"": 0.12, ""model__n_iter_no_change"": 20, ""model__learning_rate_init"": 0.003, ""model__hidden_layer_sizes"": [256, 128, 64], ""model__batch_size"": 128, ""model__alpha"": 0.001, ""model__activation"": ""tanh""}"
A,MLP,2,F1,0.4727333000046201,0.32548121544852204,0.325857654889913,0.24545454545454545,0.2571428571428571,0.25116279069767444,105,0.4114285714285714,0.3870967741935484,0.3988919667590028,186,0.3197278911564626,0.3333333333333333,0.3263888888888889,141,"{""model__validation_fraction"": 0.15, ""model__n_iter_no_change"": 10, ""model__learning_rate_init"": 0.001, ""model__hidden_layer_sizes"": [128, 64, 32], ""model__batch_size"": 64, ""model__alpha"": 0.03, ""model__activation"": ""tanh""}"
A,MLP,2,F2,0.7620286000019405,0.3167453358608172,0.32186794077974423,0.26436781609195403,0.35658914728682173,0.30363036303630364,129,0.3971631205673759,0.3888888888888889,0.3929824561403509,144,0.29914529914529914,0.22012578616352202,0.2536231884057971,159,"{""model__validation_fraction"": 0.15, ""model__n_iter_no_change"": 10, ""model__learning_rate_init"": 0.001, ""model__hidden_layer_sizes"": [128, 64, 32], ""model__batch_size"": 64, ""model__alpha"": 0.03, ""model__activation"": ""tanh""}"
A,MLP,2,F3,0.7390626999986125,0.36895655486097106,0.3716274776677461,0.37267080745341613,0.4195804195804196,0.39473684210526316,143,0.37333333333333335,0.4,0.38620689655172413,140,0.36363636363636365,0.2953020134228188,0.32592592592592595,149,"{""model__validation_fraction"": 0.15, ""model__n_iter_no_change"": 10, ""model__learning_rate_init"": 0.001, ""model__hidden_layer_sizes"": [128, 64, 32], ""model__batch_size"": 64, ""model__alpha"": 0.03, ""model__activation"": ""tanh""}"
A,MLP,2,F4,2.4458065000071656,0.34812242608352345,0.3490456214583461,0.3939393939393939,0.441747572815534,0.41647597254004576,206,0.36538461538461536,0.30319148936170215,0.3313953488372093,188,0.291005291005291,0.3021978021978022,0.29649595687331537,182,"{""model__validation_fraction"": 0.15, ""model__n_iter_no_change"": 10, ""model__learning_rate_init"": 0.001, ""model__hidden_layer_sizes"": [128, 64, 32], ""model__batch_size"": 64, ""model__alpha"": 0.03, ""model__activation"": ""tanh""}"
A,MLP,3,F1,2.057519099995261,0.3025754962218649,0.30343715614820627,0.2125984251968504,0.2571428571428571,0.23275862068965517,105,0.4088397790055249,0.3978494623655914,0.4032697547683924,186,0.2903225806451613,0.2553191489361702,0.27169811320754716,141,"{""model__validation_fraction"": 0.15, ""model__n_iter_no_change"": 20, ""model__learning_rate_init"": 0.002, ""model__hidden_layer_sizes"": [192, 96], ""model__batch_size"": 64, ""model__alpha"": 0.03, ""model__activation"": ""tanh""}"
A,MLP,3,F2,4.7002141999983,0.3167021492813209,0.31651918482765345,0.2624113475177305,0.2868217054263566,0.2740740740740741,129,0.3559322033898305,0.2916666666666667,0.32061068702290074,144,0.34104046242774566,0.3710691823899371,0.35542168674698793,159,"{""model__validation_fraction"": 0.15, ""model__n_iter_no_change"": 20, ""model__learning_rate_init"": 0.002, ""model__hidden_layer_sizes"": [192, 96], ""model__batch_size"": 64, ""model__alpha"": 0.03, ""model__activation"": ""tanh""}"
A,MLP,3,F3,1.9392872000025818,0.3288549154248412,0.3358596660610083,0.34444444444444444,0.21678321678321677,0.26609442060085836,143,0.35772357723577236,0.3142857142857143,0.33460076045627374,140,0.3242009132420091,0.47651006711409394,0.3858695652173913,149,"{""model__validation_fraction"": 0.15, ""model__n_iter_no_change"": 20, ""model__learning_rate_init"": 0.002, ""model__hidden_layer_sizes"": [192, 96], ""model__batch_size"": 64, ""model__alpha"": 0.03, ""model__activation"": ""tanh""}"
A,MLP,3,F4,4.2364777000038885,0.3495013329588368,0.34959930931837563,0.3744075829383886,0.38349514563106796,0.37889688249400477,206,0.3592814371257485,0.3191489361702128,0.3380281690140845,188,0.3181818181818182,0.34615384615384615,0.33157894736842103,182,"{""model__validation_fraction"": 0.15, ""model__n_iter_no_change"": 20, ""model__learning_rate_init"": 0.002, ""model__hidden_layer_sizes"": [192, 96], ""model__batch_size"": 64, ""model__alpha"": 0.03, ""model__activation"": ""tanh""}"
A,MLP,4,F1,0.8904291999933776,0.3276542463559845,0.3282032007495288,0.25217391304347825,0.2761904761904762,0.2636363636363636,105,0.43646408839779005,0.42473118279569894,0.4305177111716621,186,0.29411764705882354,0.28368794326241137,0.2888086642599278,141,"{""model__validation_fraction"": 0.2, ""model__n_iter_no_change"": 15, ""model__learning_rate_init"": 0.001, ""model__hidden_layer_sizes"": [128, 64], ""model__batch_size"": 32, ""model__alpha"": 0.01, ""model__activation"": ""tanh""}"
A,MLP,4,F2,1.1945608999958495,0.3070202952466406,0.30870833536476366,0.2753623188405797,0.29457364341085274,0.2846441947565543,129,0.33548387096774196,0.3611111111111111,0.34782608695652173,144,0.30935251798561153,0.27044025157232704,0.28859060402684567,159,"{""model__validation_fraction"": 0.2, ""model__n_iter_no_change"": 15, ""model__learning_rate_init"": 0.001, ""model__hidden_layer_sizes"": [128, 64], ""model__batch_size"": 32, ""model__alpha"": 0.01, ""model__activation"": ""tanh""}"
A,MLP,4,F3,1.4248207999917213,0.33332536505381954,0.3331309629967348,0.36,0.3146853146853147,0.3358208955223881,143,0.3219178082191781,0.3357142857142857,0.32867132867132864,140,0.32298136645962733,0.348993288590604,0.33548387096774196,149,"{""model__validation_fraction"": 0.2, ""model__n_iter_no_change"": 15, ""model__learning_rate_init"": 0.001, ""model__hidden_layer_sizes"": [128, 64], ""model__batch_size"": 32, ""model__alpha"": 0.01, ""model__activation"": ""tanh""}"
A,MLP,4,F4,2.4713876999885542,0.3642701246863234,0.36821169603652565,0.4117647058823529,0.5097087378640777,0.455531453362256,206,0.375,0.2872340425531915,0.3253012048192771,188,0.3163841807909605,0.3076923076923077,0.31197771587743733,182,"{""model__validation_fraction"": 0.2, ""model__n_iter_no_change"": 15, ""model__learning_rate_init"": 0.001, ""model__hidden_layer_sizes"": [128, 64], ""model__batch_size"": 32, ""model__alpha"": 0.01, ""model__activation"": ""tanh""}"
A,MLP,5,F1,2.8658489999943413,0.35092987050425317,0.3517676024882614,0.25,0.2761904761904762,0.26244343891402716,105,0.4573170731707317,0.4032258064516129,0.42857142857142855,186,0.34868421052631576,0.375886524822695,0.36177474402730375,141,"{""model__validation_fraction"": 0.15, ""model__n_iter_no_change"": 20, ""model__learning_rate_init"": 0.0001, ""model__hidden_layer_sizes"": [192, 96, 48], ""model__batch_size"": 128, ""model__alpha"": 0.0003, ""model__activation"": ""relu""}"
A,MLP,5,F2,2.1334473000024445,0.370310753409345,0.3712794354248939,0.31788079470198677,0.37209302325581395,0.34285714285714286,129,0.40714285714285714,0.3958333333333333,0.4014084507042254,144,0.3900709219858156,0.34591194968553457,0.36666666666666664,159,"{""model__validation_fraction"": 0.15, ""model__n_iter_no_change"": 20, ""model__learning_rate_init"": 0.0001, ""model__hidden_layer_sizes"": [192, 96, 48], ""model__batch_size"": 128, ""model__alpha"": 0.0003, ""model__activation"": ""relu""}"
A,MLP,5,F3,3.610179099996458,0.35200096246439827,0.35834076438103285,0.3669724770642202,0.27972027972027974,0.31746031746031744,143,0.3867403314917127,0.5,0.43613707165109034,140,0.30985915492957744,0.2953020134228188,0.3024054982817869,149,"{""model__validation_fraction"": 0.15, ""model__n_iter_no_change"": 20, ""model__learning_rate_init"": 0.0001, ""model__hidden_layer_sizes"": [192, 96, 48], ""model__batch_size"": 128, ""model__alpha"": 0.0003, ""model__activation"": ""relu""}"
A,MLP,5,F4,3.2143107000010787,0.38569600109585406,0.3869710644653838,0.45495495495495497,0.49029126213592233,0.4719626168224299,206,0.3652694610778443,0.324468085106383,0.3436619718309859,188,0.33689839572192515,0.34615384615384615,0.34146341463414637,182,"{""model__validation_fraction"": 0.15, ""model__n_iter_no_change"": 20, ""model__learning_rate_init"": 0.0001, ""model__hidden_layer_sizes"": [192, 96, 48], ""model__batch_size"": 128, ""model__alpha"": 0.0003, ""model__activation"": ""relu""}"
A,MLP,6,F1,0.274601299999631,0.34180644848837066,0.34430172892767263,0.23157894736842105,0.20952380952380953,0.22,105,0.47435897435897434,0.3978494623655914,0.4327485380116959,186,0.3314917127071823,0.425531914893617,0.37267080745341613,141,"{""model__validation_fraction"": 0.15, ""model__n_iter_no_change"": 15, ""model__learning_rate_init"": 0.0003, ""model__hidden_layer_sizes"": [64], ""model__batch_size"": 128, ""model__alpha"": 0.1, ""model__activation"": ""tanh""}"
A,MLP,6,F2,0.4315128000016557,0.3192301165478756,0.3213946175223051,0.27976190476190477,0.3643410852713178,0.3164983164983165,129,0.3387096774193548,0.2916666666666667,0.31343283582089554,144,0.35,0.3081761006289308,0.3277591973244147,159,"{""model__validation_fraction"": 0.15, ""model__n_iter_no_change"": 15, ""model__learning_rate_init"": 0.0003, ""model__hidden_layer_sizes"": [64], ""model__batch_size"": 128, ""model__alpha"": 0.1, ""model__activation"": ""tanh""}"
A,MLP,6,F3,0.7020136000064667,0.372618337348609,0.37415828019854863,0.42857142857142855,0.3986013986013986,0.41304347826086957,143,0.36809815950920244,0.42857142857142855,0.39603960396039606,140,0.3235294117647059,0.2953020134228188,0.3087719298245614,149,"{""model__validation_fraction"": 0.15, ""model__n_iter_no_change"": 15, ""model__learning_rate_init"": 0.0003, ""model__hidden_layer_sizes"": [64], ""model__batch_size"": 128, ""model__alpha"": 0.1, ""model__activation"": ""tanh""}"
A,MLP,6,F4,0.46127379999961704,0.38788183659249703,0.391853429913748,0.4574898785425101,0.5485436893203883,0.4988962472406181,206,0.39072847682119205,0.31382978723404253,0.3480825958702065,188,0.3202247191011236,0.3131868131868132,0.31666666666666665,182,"{""model__validation_fraction"": 0.15, ""model__n_iter_no_change"": 15, ""model__learning_rate_init"": 0.0003, ""model__hidden_layer_sizes"": [64], ""model__batch_size"": 128, ""model__alpha"": 0.1, ""model__activation"": ""tanh""}"
A,MLP,7,F1,1.6565749000001233,0.33059919190203757,0.33223409702476275,0.21818181818181817,0.22857142857142856,0.22325581395348837,105,0.46,0.3709677419354839,0.4107142857142857,186,0.32558139534883723,0.3971631205673759,0.35782747603833864,141,"{""model__validation_fraction"": 0.12, ""model__n_iter_no_change"": 10, ""model__learning_rate_init"": 0.002, ""model__hidden_layer_sizes"": [192, 96], ""model__batch_size"": 32, ""model__alpha"": 0.003, ""model__activation"": ""relu""}"
A,MLP,7,F2,1.4840898999973433,0.34570569350313773,0.3458398339102596,0.2932330827067669,0.3023255813953488,0.29770992366412213,129,0.36153846153846153,0.3263888888888889,0.34306569343065696,144,0.38461538461538464,0.4088050314465409,0.39634146341463417,159,"{""model__validation_fraction"": 0.12, ""model__n_iter_no_change"": 10, ""model__learning_rate_init"": 0.002, ""model__hidden_layer_sizes"": [192, 96], ""model__batch_size"": 32, ""model__alpha"": 0.003, ""model__activation"": ""relu""}"
A,MLP,7,F3,2.766989800002193,0.36134187679981294,0.3604020140932893,0.43243243243243246,0.3356643356643357,0.3779527559055118,143,0.3310344827586207,0.34285714285714286,0.3368421052631579,140,0.3409090909090909,0.40268456375838924,0.36923076923076925,149,"{""model__validation_fraction"": 0.12, ""model__n_iter_no_change"": 10, ""model__learning_rate_init"": 0.002, ""model__hidden_layer_sizes"": [192, 96], ""model__batch_size"": 32, ""model__alpha"": 0.003, ""model__activation"": ""relu""}"
A,MLP,7,F4,1.773241799994139,0.34635618287574693,0.3463630633636831,0.385,0.3737864077669903,0.3793103448275862,206,0.3488372093023256,0.3191489361702128,0.3333333333333333,188,0.3088235294117647,0.34615384615384615,0.32642487046632124,182,"{""model__validation_fraction"": 0.12, ""model__n_iter_no_change"": 10, ""model__learning_rate_init"": 0.002, ""model__hidden_layer_sizes"": [192, 96], ""model__batch_size"": 32, ""model__alpha"": 0.003, ""model__activation"": ""relu""}"
A,MLP,8,F1,1.3935903999954462,0.28351039855772325,0.28489503328213006,0.19130434782608696,0.20952380952380953,0.2,105,0.3918918918918919,0.3118279569892473,0.3473053892215569,186,0.2781065088757396,0.3333333333333333,0.3032258064516129,141,"{""model__validation_fraction"": 0.12, ""model__n_iter_no_change"": 20, ""model__learning_rate_init"": 0.003, ""model__hidden_layer_sizes"": [192, 96], ""model__batch_size"": 64, ""model__alpha"": 0.03, ""model__activation"": ""tanh""}"
A,MLP,8,F2,1.3748283000022639,0.34238068196072263,0.34845733183820066,0.31666666666666665,0.4418604651162791,0.36893203883495146,129,0.3333333333333333,0.2638888888888889,0.29457364341085274,144,0.391304347826087,0.33962264150943394,0.36363636363636365,159,"{""model__validation_fraction"": 0.12, ""model__n_iter_no_change"": 20, ""model__learning_rate_init"": 0.003, ""model__hidden_layer_sizes"": [192, 96], ""model__batch_size"": 64, ""model__alpha"": 0.03, ""model__activation"": ""tanh""}"
A,MLP,8,F3,2.615736300009303,0.345302907448164,0.3450796407172246,0.3790322580645161,0.32867132867132864,0.352059925093633,143,0.3072289156626506,0.36428571428571427,0.3333333333333333,140,0.3591549295774648,0.3422818791946309,0.35051546391752575,149,"{""model__validation_fraction"": 0.12, ""model__n_iter_no_change"": 20, ""model__learning_rate_init"": 0.003, ""model__hidden_layer_sizes"": [192, 96], ""model__batch_size"": 64, ""model__alpha"": 0.03, ""model__activation"": ""tanh""}"
A,MLP,8,F4,2.3156458000012208,0.33713145807541084,0.34272559706354383,0.40625,0.5048543689320388,0.45021645021645024,206,0.3374233128834356,0.2925531914893617,0.31339031339031337,188,0.267515923566879,0.23076923076923078,0.24778761061946902,182,"{""model__validation_fraction"": 0.12, ""model__n_iter_no_change"": 20, ""model__learning_rate_init"": 0.003, ""model__hidden_layer_sizes"": [192, 96], ""model__batch_size"": 64, ""model__alpha"": 0.03, ""model__activation"": ""tanh""}"
A,MLP,9,F1,2.0291878999996698,0.2676605358384166,0.28266278829079106,0.16494845360824742,0.1523809523809524,0.15841584158415842,105,0.33884297520661155,0.22043010752688172,0.2671009771986971,186,0.3130841121495327,0.475177304964539,0.37746478873239436,141,"{""model__validation_fraction"": 0.2, ""model__n_iter_no_change"": 20, ""model__learning_rate_init"": 0.0003, ""model__hidden_layer_sizes"": [256, 128, 64], ""model__batch_size"": 64, ""model__alpha"": 0.001, ""model__activation"": ""tanh""}"
A,MLP,9,F2,2.0405102000077022,0.3380064412535271,0.3407206295808753,0.3067484662576687,0.3875968992248062,0.3424657534246575,129,0.3533834586466165,0.3263888888888889,0.33935018050541516,144,0.3602941176470588,0.3081761006289308,0.33220338983050846,159,"{""model__validation_fraction"": 0.2, ""model__n_iter_no_change"": 20, ""model__learning_rate_init"": 0.0003, ""model__hidden_layer_sizes"": [256, 128, 64], ""model__batch_size"": 64, ""model__alpha"": 0.001, ""model__activation"": ""tanh""}"
A,MLP,9,F3,2.4318961999961175,0.3593101802142454,0.36274095032484294,0.381294964028777,0.3706293706293706,0.375886524822695,143,0.35260115606936415,0.4357142857142857,0.38977635782747605,140,0.35,0.28187919463087246,0.31226765799256506,149,"{""model__validation_fraction"": 0.2, ""model__n_iter_no_change"": 20, ""model__learning_rate_init"": 0.0003, ""model__hidden_layer_sizes"": [256, 128, 64], ""model__batch_size"": 64, ""model__alpha"": 0.001, ""model__activation"": ""tanh""}"
A,MLP,9,F4,5.466288099996746,0.3248771353805097,0.32490070694987033,0.36065573770491804,0.32038834951456313,0.3393316195372751,206,0.3389830508474576,0.3191489361702128,0.3287671232876712,188,0.2824074074074074,0.33516483516483514,0.3065326633165829,182,"{""model__validation_fraction"": 0.2, ""model__n_iter_no_change"": 20, ""model__learning_rate_init"": 0.0003, ""model__hidden_layer_sizes"": [256, 128, 64], ""model__batch_size"": 64, ""model__alpha"": 0.001, ""model__activation"": ""tanh""}"
A,MLP,10,F1,0.3173340999928769,0.3163469171932353,0.3176128378599209,0.23076923076923078,0.2857142857142857,0.2553191489361702,105,0.40229885057471265,0.3763440860215054,0.3888888888888889,186,0.3203125,0.2907801418439716,0.3048327137546468,141,"{""model__validation_fraction"": 0.15, ""model__n_iter_no_change"": 10, ""model__learning_rate_init"": 0.001, ""model__hidden_layer_sizes"": [96], ""model__batch_size"": 64, ""model__alpha"": 1e-05, ""model__activation"": ""tanh""}"
A,MLP,10,F2,0.3421063999994658,0.35138089774690995,0.3641298165212163,0.358974358974359,0.43410852713178294,0.3929824561403509,129,0.34782608695652173,0.4444444444444444,0.3902439024390244,144,0.3695652173913043,0.2138364779874214,0.27091633466135456,159,"{""model__validation_fraction"": 0.15, ""model__n_iter_no_change"": 10, ""model__learning_rate_init"": 0.001, ""model__hidden_layer_sizes"": [96], ""model__batch_size"": 64, ""model__alpha"": 1e-05, ""model__activation"": ""tanh""}"
A,MLP,10,F3,0.7759781000058865,0.3408510354592102,0.34718089516747236,0.35664335664335667,0.35664335664335667,0.35664335664335667,143,0.35795454545454547,0.45,0.3987341772151899,140,0.30973451327433627,0.2348993288590604,0.26717557251908397,149,"{""model__validation_fraction"": 0.15, ""model__n_iter_no_change"": 10, ""model__learning_rate_init"": 0.001, ""model__hidden_layer_sizes"": [96], ""model__batch_size"": 64, ""model__alpha"": 1e-05, ""model__activation"": ""tanh""}"
A,MLP,10,F4,0.5286869999981718,0.34396883564231917,0.3455171145730948,0.3662551440329218,0.4320388349514563,0.39643652561247217,206,0.33513513513513515,0.32978723404255317,0.3324396782841823,188,0.33783783783783783,0.27472527472527475,0.30303030303030304,182,"{""model__validation_fraction"": 0.15, ""model__n_iter_no_change"": 10, ""model__learning_rate_init"": 0.001, ""model__hidden_layer_sizes"": [96], ""model__batch_size"": 64, ""model__alpha"": 1e-05, ""model__activation"": ""tanh""}"
A,MLP,11,F1,0.5836167999950703,0.3137358361430882,0.3139610637208441,0.20454545454545456,0.2571428571428571,0.22784810126582278,105,0.422360248447205,0.3655913978494624,0.3919308357348703,186,0.3237410071942446,0.3191489361702128,0.32142857142857145,141,"{""model__validation_fraction"": 0.2, ""model__n_iter_no_change"": 15, ""model__learning_rate_init"": 0.003, ""model__hidden_layer_sizes"": [96], ""model__batch_size"": 128, ""model__alpha"": 1e-05, ""model__activation"": ""tanh""}"
A,MLP,11,F2,0.5017017000063788,0.2930044228701947,0.2961297190125624,0.24203821656050956,0.29457364341085274,0.26573426573426573,129,0.33766233766233766,0.3611111111111111,0.348993288590604,144,0.30578512396694213,0.23270440251572327,0.2642857142857143,159,"{""model__validation_fraction"": 0.2, ""model__n_iter_no_change"": 15, ""model__learning_rate_init"": 0.003, ""model__hidden_layer_sizes"": [96], ""model__batch_size"": 128, ""model__alpha"": 1e-05, ""model__activation"": ""tanh""}"
A,MLP,11,F3,0.5307024000067031,0.3447885153890706,0.349236334135663,0.36220472440944884,0.32167832167832167,0.34074074074074073,143,0.38011695906432746,0.4642857142857143,0.4180064308681672,140,0.291044776119403,0.26174496644295303,0.2756183745583039,149,"{""model__validation_fraction"": 0.2, ""model__n_iter_no_change"": 15, ""model__learning_rate_init"": 0.003, ""model__hidden_layer_sizes"": [96], ""model__batch_size"": 128, ""model__alpha"": 1e-05, ""model__activation"": ""tanh""}"
A,MLP,11,F4,0.4444672000099672,0.359212961426419,0.3623940956103732,0.3891213389121339,0.45145631067961167,0.41797752808988764,206,0.36363636363636365,0.3829787234042553,0.37305699481865284,188,0.33093525179856115,0.25274725274725274,0.2866043613707165,182,"{""model__validation_fraction"": 0.2, ""model__n_iter_no_change"": 15, ""model__learning_rate_init"": 0.003, ""model__hidden_layer_sizes"": [96], ""model__batch_size"": 128, ""model__alpha"": 1e-05, ""model__activation"": ""tanh""}"
A,MLP,12,F1,0.8626482999970904,0.3248270525329749,0.3286999814796658,0.2727272727272727,0.3142857142857143,0.2920353982300885,105,0.3881578947368421,0.3172043010752688,0.34911242603550297,186,0.31446540880503143,0.3546099290780142,0.3333333333333333,141,"{""model__validation_fraction"": 0.2, ""model__n_iter_no_change"": 20, ""model__learning_rate_init"": 0.0005, ""model__hidden_layer_sizes"": [96], ""model__batch_size"": 32, ""model__alpha"": 0.01, ""model__activation"": ""tanh""}"
A,MLP,12,F2,2.0728023999981815,0.30749352576161587,0.30951582890481527,0.26973684210526316,0.3178294573643411,0.2918149466192171,129,0.3202614379084967,0.3402777777777778,0.32996632996632996,144,0.33858267716535434,0.27044025157232704,0.3006993006993007,159,"{""model__validation_fraction"": 0.2, ""model__n_iter_no_change"": 20, ""model__learning_rate_init"": 0.0005, ""model__hidden_layer_sizes"": [96], ""model__batch_size"": 32, ""model__alpha"": 0.01, ""model__activation"": ""tanh""}"
A,MLP,12,F3,1.1919653000077233,0.33449234488315877,0.33708182198115083,0.3248407643312102,0.35664335664335667,0.34,143,0.3618421052631579,0.39285714285714285,0.3767123287671233,140,0.3170731707317073,0.26174496644295303,0.2867647058823529,149,"{""model__validation_fraction"": 0.2, ""model__n_iter_no_change"": 20, ""model__learning_rate_init"": 0.0005, ""model__hidden_layer_sizes"": [96], ""model__batch_size"": 32, ""model__alpha"": 0.01, ""model__activation"": ""tanh""}"
A,MLP,12,F4,1.5399910999985877,0.3742746750965929,0.37599964588190166,0.4267241379310345,0.48058252427184467,0.4520547945205479,206,0.38636363636363635,0.3617021276595745,0.37362637362637363,188,0.30952380952380953,0.2857142857142857,0.29714285714285715,182,"{""model__validation_fraction"": 0.2, ""model__n_iter_no_change"": 20, ""model__learning_rate_init"": 0.0005, ""model__hidden_layer_sizes"": [96], ""model__batch_size"": 32, ""model__alpha"": 0.01, ""model__activation"": ""tanh""}"
A,MLP,13,F1,1.06992620001256,0.3639990839345013,0.36381671405693367,0.29,0.2761904761904762,0.28292682926829266,105,0.4603174603174603,0.46774193548387094,0.464,186,0.34265734265734266,0.3475177304964539,0.34507042253521125,141,"{""model__validation_fraction"": 0.2, ""model__n_iter_no_change"": 15, ""model__learning_rate_init"": 0.0005, ""model__hidden_layer_sizes"": [192, 96], ""model__batch_size"": 64, ""model__alpha"": 1e-05, ""model__activation"": ""tanh""}"
A,MLP,13,F2,1.0576880000007804,0.3273646612442928,0.33159950758129786,0.27717391304347827,0.3953488372093023,0.3258785942492013,129,0.4112903225806452,0.3541666666666667,0.3805970149253731,144,0.31451612903225806,0.24528301886792453,0.2756183745583039,159,"{""model__validation_fraction"": 0.2, ""model__n_iter_no_change"": 15, ""model__learning_rate_init"": 0.0005, ""model__hidden_layer_sizes"": [192, 96], ""model__batch_size"": 64, ""model__alpha"": 1e-05, ""model__activation"": ""tanh""}"
A,MLP,13,F3,1.4841343000007328,0.336610305958132,0.33951272441205327,0.3448275862068966,0.34965034965034963,0.3472222222222222,143,0.35625,0.40714285714285714,0.38,140,0.30708661417322836,0.26174496644295303,0.2826086956521739,149,"{""model__validation_fraction"": 0.2, ""model__n_iter_no_change"": 15, ""model__learning_rate_init"": 0.0005, ""model__hidden_layer_sizes"": [192, 96], ""model__batch_size"": 64, ""model__alpha"": 1e-05, ""model__activation"": ""tanh""}"
A,MLP,13,F4,1.8793611000000965,0.3427607485306337,0.3464599161769168,0.388,0.470873786407767,0.42543859649122806,206,0.35555555555555557,0.2553191489361702,0.29721362229102166,188,0.29842931937172773,0.3131868131868132,0.30563002680965146,182,"{""model__validation_fraction"": 0.2, ""model__n_iter_no_change"": 15, ""model__learning_rate_init"": 0.0005, ""model__hidden_layer_sizes"": [192, 96], ""model__batch_size"": 64, ""model__alpha"": 1e-05, ""model__activation"": ""tanh""}"
A,MLP,14,F1,1.225855099997716,0.32199050674730784,0.32420062969136404,0.2214765100671141,0.3142857142857143,0.25984251968503935,105,0.45222929936305734,0.3817204301075269,0.4139941690962099,186,0.30952380952380953,0.2765957446808511,0.29213483146067415,141,"{""model__validation_fraction"": 0.15, ""model__n_iter_no_change"": 20, ""model__learning_rate_init"": 0.002, ""model__hidden_layer_sizes"": [128], ""model__batch_size"": 32, ""model__alpha"": 0.0003, ""model__activation"": ""tanh""}"
A,MLP,14,F2,2.0136200999986613,0.3032654619087591,0.3060796645702306,0.27564102564102566,0.3333333333333333,0.3017543859649123,129,0.3310344827586207,0.3333333333333333,0.33217993079584773,144,0.3053435114503817,0.25157232704402516,0.27586206896551724,159,"{""model__validation_fraction"": 0.15, ""model__n_iter_no_change"": 20, ""model__learning_rate_init"": 0.002, ""model__hidden_layer_sizes"": [128], ""model__batch_size"": 32, ""model__alpha"": 0.0003, ""model__activation"": ""tanh""}"
A,MLP,14,F3,2.139509000000544,0.3546909064035768,0.3545414317226398,0.39705882352941174,0.3776223776223776,0.3870967741935484,143,0.33112582781456956,0.35714285714285715,0.3436426116838488,140,0.33793103448275863,0.3288590604026846,0.3333333333333333,149,"{""model__validation_fraction"": 0.15, ""model__n_iter_no_change"": 20, ""model__learning_rate_init"": 0.002, ""model__hidden_layer_sizes"": [128], ""model__batch_size"": 32, ""model__alpha"": 0.0003, ""model__activation"": ""tanh""}"
A,MLP,14,F4,2.297295000011218,0.35919057794057796,0.3616807519410288,0.38549618320610685,0.49029126213592233,0.43162393162393164,206,0.4166666666666667,0.2925531914893617,0.34375,188,0.3021978021978022,0.3021978021978022,0.3021978021978022,182,"{""model__validation_fraction"": 0.15, ""model__n_iter_no_change"": 20, ""model__learning_rate_init"": 0.002, ""model__hidden_layer_sizes"": [128], ""model__batch_size"": 32, ""model__alpha"": 0.0003, ""model__activation"": ""tanh""}"
A,MLP,15,F1,0.7301397999981418,0.3289493575207861,0.32904097351592204,0.23809523809523808,0.23809523809523808,0.23809523809523808,105,0.4367816091954023,0.40860215053763443,0.4222222222222222,186,0.3137254901960784,0.3404255319148936,0.32653061224489793,141,"{""model__validation_fraction"": 0.12, ""model__n_iter_no_change"": 10, ""model__learning_rate_init"": 0.0005, ""model__hidden_layer_sizes"": [192, 96, 48], ""model__batch_size"": 128, ""model__alpha"": 0.03, ""model__activation"": ""relu""}"
A,MLP,15,F2,0.5876015000103507,0.38537495343344,0.3855685160808022,0.362962962962963,0.3798449612403101,0.3712121212121212,129,0.3925925925925926,0.3680555555555556,0.37992831541218636,144,0.4012345679012346,0.4088050314465409,0.40498442367601245,159,"{""model__validation_fraction"": 0.12, ""model__n_iter_no_change"": 10, ""model__learning_rate_init"": 0.0005, ""model__hidden_layer_sizes"": [192, 96, 48], ""model__batch_size"": 128, ""model__alpha"": 0.03, ""model__activation"": ""relu""}"
A,MLP,15,F3,1.4734167999995407,0.3468247546156138,0.3480056855895782,0.36904761904761907,0.43356643356643354,0.3987138263665595,143,0.39316239316239315,0.32857142857142857,0.35797665369649806,140,0.2857142857142857,0.28187919463087246,0.28378378378378377,149,"{""model__validation_fraction"": 0.12, ""model__n_iter_no_change"": 10, ""model__learning_rate_init"": 0.0005, ""model__hidden_layer_sizes"": [192, 96, 48], ""model__batch_size"": 128, ""model__alpha"": 0.03, ""model__activation"": ""relu""}"
A,MLP,15,F4,1.0968052999960491,0.3842345778272552,0.3858966035685722,0.42424242424242425,0.47572815533980584,0.448512585812357,206,0.37579617834394907,0.31382978723404253,0.34202898550724636,188,0.35638297872340424,0.36813186813186816,0.3621621621621622,182,"{""model__validation_fraction"": 0.12, ""model__n_iter_no_change"": 10, ""model__learning_rate_init"": 0.0005, ""model__hidden_layer_sizes"": [192, 96, 48], ""model__batch_size"": 128, ""model__alpha"": 0.03, ""model__activation"": ""relu""}"
A,MLP,16,F1,0.9051332000090042,0.3249906715112055,0.32857360743428005,0.24742268041237114,0.22857142857142856,0.2376237623762376,105,0.3987341772151899,0.3387096774193548,0.36627906976744184,186,0.3333333333333333,0.41843971631205673,0.3710691823899371,141,"{""model__validation_fraction"": 0.12, ""model__n_iter_no_change"": 10, ""model__learning_rate_init"": 0.0001, ""model__hidden_layer_sizes"": [128, 64], ""model__batch_size"": 128, ""model__alpha"": 0.03, ""model__activation"": ""relu""}"
A,MLP,16,F2,0.7081300999998348,0.33129754197011785,0.33443132140477466,0.3246753246753247,0.3875968992248062,0.35335689045936397,129,0.33098591549295775,0.3263888888888889,0.32867132867132864,144,0.3382352941176471,0.2893081761006289,0.31186440677966104,159,"{""model__validation_fraction"": 0.12, ""model__n_iter_no_change"": 10, ""model__learning_rate_init"": 0.0001, ""model__hidden_layer_sizes"": [128, 64], ""model__batch_size"": 128, ""model__alpha"": 0.03, ""model__activation"": ""relu""}"
A,MLP,16,F3,0.5933520000107819,0.3525117203820225,0.35274177723842154,0.4015748031496063,0.35664335664335667,0.37777777777777777,143,0.34591194968553457,0.39285714285714285,0.36789297658862874,140,0.3150684931506849,0.3087248322147651,0.31186440677966104,149,"{""model__validation_fraction"": 0.12, ""model__n_iter_no_change"": 10, ""model__learning_rate_init"": 0.0001, ""model__hidden_layer_sizes"": [128, 64], ""model__batch_size"": 128, ""model__alpha"": 0.03, ""model__activation"": ""relu""}"
A,MLP,16,F4,1.5101570000115316,0.36626432391138275,0.37146837188150966,0.421875,0.5242718446601942,0.4675324675324675,206,0.32894736842105265,0.26595744680851063,0.29411764705882354,188,0.35119047619047616,0.3241758241758242,0.33714285714285713,182,"{""model__validation_fraction"": 0.12, ""model__n_iter_no_change"": 10, ""model__learning_rate_init"": 0.0001, ""model__hidden_layer_sizes"": [128, 64], ""model__batch_size"": 128, ""model__alpha"": 0.03, ""model__activation"": ""relu""}"
A,MLP,17,F1,0.4608367999899201,0.33420040300964465,0.33998431218746933,0.2358490566037736,0.23809523809523808,0.23696682464454977,105,0.4552238805970149,0.3279569892473118,0.38125,186,0.3333333333333333,0.45390070921985815,0.3843843843843844,141,"{""model__validation_fraction"": 0.15, ""model__n_iter_no_change"": 15, ""model__learning_rate_init"": 0.002, ""model__hidden_layer_sizes"": [96], ""model__batch_size"": 64, ""model__alpha"": 0.0001, ""model__activation"": ""relu""}"
A,MLP,17,F2,0.5460251000040444,0.2979263589351396,0.3000260023077048,0.21774193548387097,0.20930232558139536,0.2134387351778656,129,0.3393939393939394,0.3888888888888889,0.36245954692556637,144,0.3356643356643357,0.3018867924528302,0.31788079470198677,159,"{""model__validation_fraction"": 0.15, ""model__n_iter_no_change"": 15, ""model__learning_rate_init"": 0.002, ""model__hidden_layer_sizes"": [96], ""model__batch_size"": 64, ""model__alpha"": 0.0001, ""model__activation"": ""relu""}"
A,MLP,17,F3,0.6613280999881681,0.3210765423698418,0.32582037649151746,0.328,0.2867132867132867,0.30597014925373134,143,0.3446327683615819,0.4357142857142857,0.38485804416403785,140,0.2923076923076923,0.2550335570469799,0.2724014336917563,149,"{""model__validation_fraction"": 0.15, ""model__n_iter_no_change"": 15, ""model__learning_rate_init"": 0.002, ""model__hidden_layer_sizes"": [96], ""model__batch_size"": 64, ""model__alpha"": 0.0001, ""model__activation"": ""relu""}"
A,MLP,17,F4,1.196936000007554,0.34309990988691347,0.35455242272015663,0.3969465648854962,0.5048543689320388,0.4444444444444444,206,0.3287671232876712,0.3829787234042553,0.3538083538083538,188,0.3368421052631579,0.17582417582417584,0.23104693140794225,182,"{""model__validation_fraction"": 0.15, ""model__n_iter_no_change"": 15, ""model__learning_rate_init"": 0.002, ""model__hidden_layer_sizes"": [96], ""model__batch_size"": 64, ""model__alpha"": 0.0001, ""model__activation"": ""relu""}"
A,MLP,18,F1,1.2975282999977935,0.3034056083744516,0.3058469784619407,0.19801980198019803,0.19047619047619047,0.1941747572815534,105,0.4050632911392405,0.34408602150537637,0.37209302325581395,186,0.31213872832369943,0.3829787234042553,0.34394904458598724,141,"{""model__validation_fraction"": 0.15, ""model__n_iter_no_change"": 20, ""model__learning_rate_init"": 0.0003, ""model__hidden_layer_sizes"": [128, 64], ""model__batch_size"": 128, ""model__alpha"": 0.01, ""model__activation"": ""relu""}"
A,MLP,18,F2,0.7737884999951348,0.33808641514470766,0.34093900833698987,0.30864197530864196,0.3875968992248062,0.3436426116838488,129,0.35555555555555557,0.3333333333333333,0.34408602150537637,144,0.35555555555555557,0.3018867924528302,0.32653061224489793,159,"{""model__validation_fraction"": 0.15, ""model__n_iter_no_change"": 20, ""model__learning_rate_init"": 0.0003, ""model__hidden_layer_sizes"": [128, 64], ""model__batch_size"": 128, ""model__alpha"": 0.01, ""model__activation"": ""relu""}"
A,MLP,18,F3,1.5809012999961851,0.3634485310181816,0.36661414647991825,0.3652173913043478,0.2937062937062937,0.32558139534883723,143,0.38323353293413176,0.45714285714285713,0.4169381107491857,140,0.3466666666666667,0.348993288590604,0.34782608695652173,149,"{""model__validation_fraction"": 0.15, ""model__n_iter_no_change"": 20, ""model__learning_rate_init"": 0.0003, ""model__hidden_layer_sizes"": [128, 64], ""model__batch_size"": 128, ""model__alpha"": 0.01, ""model__activation"": ""relu""}"
A,MLP,18,F4,1.7774390999984462,0.3733560897528614,0.37639121877915516,0.4139344262295082,0.49029126213592233,0.4488888888888889,206,0.3698630136986301,0.2872340425531915,0.32335329341317365,188,0.34408602150537637,0.3516483516483517,0.34782608695652173,182,"{""model__validation_fraction"": 0.15, ""model__n_iter_no_change"": 20, ""model__learning_rate_init"": 0.0003, ""model__hidden_layer_sizes"": [128, 64], ""model__batch_size"": 128, ""model__alpha"": 0.01, ""model__activation"": ""relu""}"
A,MLP,19,F1,2.543138999986695,0.3153678379781894,0.31502761708664245,0.20353982300884957,0.21904761904761905,0.21100917431192662,105,0.41621621621621624,0.41397849462365593,0.41509433962264153,186,0.3283582089552239,0.3120567375886525,0.32,141,"{""model__validation_fraction"": 0.15, ""model__n_iter_no_change"": 20, ""model__learning_rate_init"": 0.0003, ""model__hidden_layer_sizes"": [128, 64], ""model__batch_size"": 32, ""model__alpha"": 0.01, ""model__activation"": ""tanh""}"
A,MLP,19,F2,2.12865710000915,0.29609285429833104,0.29782494758909855,0.27564102564102566,0.3333333333333333,0.3017543859649123,129,0.30708661417322836,0.2708333333333333,0.2878228782287823,144,0.3087248322147651,0.2893081761006289,0.2987012987012987,159,"{""model__validation_fraction"": 0.15, ""model__n_iter_no_change"": 20, ""model__learning_rate_init"": 0.0003, ""model__hidden_layer_sizes"": [128, 64], ""model__batch_size"": 32, ""model__alpha"": 0.01, ""model__activation"": ""tanh""}"
A,MLP,19,F3,3.3583017000055406,0.3473596472961687,0.3482115200236005,0.40145985401459855,0.38461538461538464,0.39285714285714285,143,0.3132530120481928,0.37142857142857144,0.33986928104575165,140,0.3333333333333333,0.28859060402684567,0.30935251798561153,149,"{""model__validation_fraction"": 0.15, ""model__n_iter_no_change"": 20, ""model__learning_rate_init"": 0.0003, ""model__hidden_layer_sizes"": [128, 64], ""model__batch_size"": 32, ""model__alpha"": 0.01, ""model__activation"": ""tanh""}"
A,MLP,19,F4,3.23589229999925,0.33893293811882685,0.34455709889504565,0.37410071942446044,0.5048543689320388,0.4297520661157025,206,0.3793103448275862,0.2925531914893617,0.3303303303303303,188,0.28104575163398693,0.23626373626373626,0.25671641791044775,182,"{""model__validation_fraction"": 0.15, ""model__n_iter_no_change"": 20, ""model__learning_rate_init"": 0.0003, ""model__hidden_layer_sizes"": [128, 64], ""model__batch_size"": 32, ""model__alpha"": 0.01, ""model__activation"": ""tanh""}"
A,MLP,20,F1,1.4138555999961682,0.2923821109550306,0.29660315281454613,0.22058823529411764,0.2857142857142857,0.24896265560165975,105,0.37857142857142856,0.2849462365591398,0.32515337423312884,186,0.28846153846153844,0.3191489361702128,0.30303030303030304,141,"{""model__validation_fraction"": 0.12, ""model__n_iter_no_change"": 15, ""model__learning_rate_init"": 0.001, ""model__hidden_layer_sizes"": [192, 96], ""model__batch_size"": 64, ""model__alpha"": 0.1, ""model__activation"": ""tanh""}"
A,MLP,20,F2,3.404933900004835,0.2866523954966718,0.2873214372775584,0.23121387283236994,0.31007751937984496,0.26490066225165565,129,0.32432432432432434,0.25,0.2823529411764706,144,0.32432432432432434,0.3018867924528302,0.3127035830618892,159,"{""model__validation_fraction"": 0.12, ""model__n_iter_no_change"": 15, ""model__learning_rate_init"": 0.001, ""model__hidden_layer_sizes"": [192, 96], ""model__batch_size"": 64, ""model__alpha"": 0.1, ""model__activation"": ""tanh""}"
A,MLP,20,F3,2.7488420000008773,0.3110973084363379,0.3103221163623848,0.34285714285714286,0.3356643356643357,0.3392226148409894,143,0.3230769230769231,0.3,0.3111111111111111,140,0.2716049382716049,0.2953020134228188,0.2829581993569132,149,"{""model__validation_fraction"": 0.12, ""model__n_iter_no_change"": 15, ""model__learning_rate_init"": 0.001, ""model__hidden_layer_sizes"": [192, 96], ""model__batch_size"": 64, ""model__alpha"": 0.1, ""model__activation"": ""tanh""}"
A,MLP,20,F4,1.9082616999949096,0.3348559195707175,0.3397992044449388,0.36231884057971014,0.4854368932038835,0.4149377593360996,206,0.37254901960784315,0.30319148936170215,0.3343108504398827,188,0.2857142857142857,0.23076923076923078,0.2553191489361702,182,"{""model__validation_fraction"": 0.12, ""model__n_iter_no_change"": 15, ""model__learning_rate_init"": 0.001, ""model__hidden_layer_sizes"": [192, 96], ""model__batch_size"": 64, ""model__alpha"": 0.1, ""model__activation"": ""tanh""}"
