zone_id,target_period_start,fold,modelo,y_real,y_pred
babahoyo,2005-01-01,1,Logistic_Regression,Alta,Alta
cuenca,2005-01-01,1,Logistic_Regression,Baja,Media
esmeraldas,2005-01-01,1,Logistic_Regression,Alta,Alta
guayaquil,2005-01-01,1,Logistic_Regression,Media,Alta
loja,2005-01-01,1,Logistic_Regression,Baja,Media
machala,2005-01-01,1,Logistic_Regression,Media,Media
portoviejo,2005-01-01,1,Logistic_Regression,Baja,Alta
puyo,2005-01-01,1,Logistic_Regression,Media,Alta
quito,2005-01-01,1,Logistic_Regression,Media,Alta
riobamba,2005-01-01,1,Logistic_Regression,Baja,Media
salinas,2005-01-01,1,Logistic_Regression,Baja,Baja
tena,2005-01-01,1,Logistic_Regression,Alta,Alta
babahoyo,2005-02-01,1,Logistic_Regression,Alta,Alta
cuenca,2005-02-01,1,Logistic_Regression,Alta,Media
esmeraldas,2005-02-01,1,Logistic_Regression,Alta,Alta
guayaquil,2005-02-01,1,Logistic_Regression,Media,Alta
loja,2005-02-01,1,Logistic_Regression,Alta,Media
machala,2005-02-01,1,Logistic_Regression,Media,Media
portoviejo,2005-02-01,1,Logistic_Regression,Alta,Alta
puyo,2005-02-01,1,Logistic_Regression,Alta,Media
quito,2005-02-01,1,Logistic_Regression,Alta,Alta
riobamba,2005-02-01,1,Logistic_Regression,Alta,Media
salinas,2005-02-01,1,Logistic_Regression,Baja,Baja
tena,2005-02-01,1,Logistic_Regression,Alta,Alta
babahoyo,2005-03-01,1,Logistic_Regression,Alta,Alta
cuenca,2005-03-01,1,Logistic_Regression,Media,Media
esmeraldas,2005-03-01,1,Logistic_Regression,Alta,Alta
guayaquil,2005-03-01,1,Logistic_Regression,Alta,Alta
loja,2005-03-01,1,Logistic_Regression,Alta,Media
machala,2005-03-01,1,Logistic_Regression,Media,Alta
portoviejo,2005-03-01,1,Logistic_Regression,Media,Alta
puyo,2005-03-01,1,Logistic_Regression,Baja,Alta
quito,2005-03-01,1,Logistic_Regression,Alta,Alta
riobamba,2005-03-01,1,Logistic_Regression,Media,Media
salinas,2005-03-01,1,Logistic_Regression,Baja,Baja
tena,2005-03-01,1,Logistic_Regression,Media,Alta
babahoyo,2005-04-01,1,Logistic_Regression,Alta,Alta
cuenca,2005-04-01,1,Logistic_Regression,Media,Media
esmeraldas,2005-04-01,1,Logistic_Regression,Alta,Alta
guayaquil,2005-04-01,1,Logistic_Regression,Alta,Alta
loja,2005-04-01,1,Logistic_Regression,Media,Media
machala,2005-04-01,1,Logistic_Regression,Media,Alta
portoviejo,2005-04-01,1,Logistic_Regression,Media,Alta
puyo,2005-04-01,1,Logistic_Regression,Alta,Media
quito,2005-04-01,1,Logistic_Regression,Media,Alta
riobamba,2005-04-01,1,Logistic_Regression,Alta,Media
salinas,2005-04-01,1,Logistic_Regression,Baja,Baja
tena,2005-04-01,1,Logistic_Regression,Alta,Alta
babahoyo,2005-05-01,1,Logistic_Regression,Media,Alta
cuenca,2005-05-01,1,Logistic_Regression,Media,Baja
esmeraldas,2005-05-01,1,Logistic_Regression,Alta,Alta
guayaquil,2005-05-01,1,Logistic_Regression,Baja,Alta
loja,2005-05-01,1,Logistic_Regression,Media,Media
machala,2005-05-01,1,Logistic_Regression,Media,Media
portoviejo,2005-05-01,1,Logistic_Regression,Baja,Alta
puyo,2005-05-01,1,Logistic_Regression,Media,Alta
quito,2005-05-01,1,Logistic_Regression,Media,Media
riobamba,2005-05-01,1,Logistic_Regression,Media,Media
salinas,2005-05-01,1,Logistic_Regression,Baja,Baja
tena,2005-05-01,1,Logistic_Regression,Alta,Alta
babahoyo,2005-06-01,1,Logistic_Regression,Alta,Media
cuenca,2005-06-01,1,Logistic_Regression,Baja,Baja
esmeraldas,2005-06-01,1,Logistic_Regression,Media,Baja
guayaquil,2005-06-01,1,Logistic_Regression,Media,Baja
loja,2005-06-01,1,Logistic_Regression,Baja,Baja
machala,2005-06-01,1,Logistic_Regression,Baja,Baja
portoviejo,2005-06-01,1,Logistic_Regression,Baja,Baja
puyo,2005-06-01,1,Logistic_Regression,Media,Media
quito,2005-06-01,1,Logistic_Regression,Media,Media
riobamba,2005-06-01,1,Logistic_Regression,Baja,Baja
salinas,2005-06-01,1,Logistic_Regression,Baja,Baja
tena,2005-06-01,1,Logistic_Regression,Alta,Alta
babahoyo,2005-07-01,1,Logistic_Regression,Baja,Media
cuenca,2005-07-01,1,Logistic_Regression,Baja,Baja
esmeraldas,2005-07-01,1,Logistic_Regression,Baja,Baja
guayaquil,2005-07-01,1,Logistic_Regression,Media,Baja
loja,2005-07-01,1,Logistic_Regression,Baja,Baja
machala,2005-07-01,1,Logistic_Regression,Baja,Baja
portoviejo,2005-07-01,1,Logistic_Regression,Baja,Baja
puyo,2005-07-01,1,Logistic_Regression,Media,Media
quito,2005-07-01,1,Logistic_Regression,Baja,Media
riobamba,2005-07-01,1,Logistic_Regression,Baja,Baja
salinas,2005-07-01,1,Logistic_Regression,Baja,Baja
tena,2005-07-01,1,Logistic_Regression,Alta,Media
babahoyo,2005-08-01,1,Logistic_Regression,Baja,Baja
cuenca,2005-08-01,1,Logistic_Regression,Baja,Baja
esmeraldas,2005-08-01,1,Logistic_Regression,Baja,Baja
guayaquil,2005-08-01,1,Logistic_Regression,Baja,Baja
loja,2005-08-01,1,Logistic_Regression,Baja,Baja
machala,2005-08-01,1,Logistic_Regression,Baja,Baja
portoviejo,2005-08-01,1,Logistic_Regression,Baja,Baja
puyo,2005-08-01,1,Logistic_Regression,Media,Media
quito,2005-08-01,1,Logistic_Regression,Media,Media
riobamba,2005-08-01,1,Logistic_Regression,Baja,Baja
salinas,2005-08-01,1,Logistic_Regression,Baja,Baja
tena,2005-08-01,1,Logistic_Regression,Alta,Alta
babahoyo,2005-09-01,1,Logistic_Regression,Baja,Baja
cuenca,2005-09-01,1,Logistic_Regression,Baja,Baja
esmeraldas,2005-09-01,1,Logistic_Regression,Media,Baja
guayaquil,2005-09-01,1,Logistic_Regression,Baja,Baja
loja,2005-09-01,1,Logistic_Regression,Baja,Baja
machala,2005-09-01,1,Logistic_Regression,Baja,Baja
portoviejo,2005-09-01,1,Logistic_Regression,Baja,Baja
puyo,2005-09-01,1,Logistic_Regression,Baja,Baja
quito,2005-09-01,1,Logistic_Regression,Alta,Media
riobamba,2005-09-01,1,Logistic_Regression,Baja,Baja
salinas,2005-09-01,1,Logistic_Regression,Baja,Baja
tena,2005-09-01,1,Logistic_Regression,Media,Media
babahoyo,2005-10-01,1,Logistic_Regression,Media,Media
cuenca,2005-10-01,1,Logistic_Regression,Media,Baja
esmeraldas,2005-10-01,1,Logistic_Regression,Baja,Baja
guayaquil,2005-10-01,1,Logistic_Regression,Baja,Baja
loja,2005-10-01,1,Logistic_Regression,Baja,Media
machala,2005-10-01,1,Logistic_Regression,Baja,Baja
portoviejo,2005-10-01,1,Logistic_Regression,Baja,Baja
puyo,2005-10-01,1,Logistic_Regression,Media,Media
quito,2005-10-01,1,Logistic_Regression,Alta,Alta
riobamba,2005-10-01,1,Logistic_Regression,Media,Media
salinas,2005-10-01,1,Logistic_Regression,Baja,Baja
tena,2005-10-01,1,Logistic_Regression,Media,Media
babahoyo,2005-11-01,1,Logistic_Regression,Media,Media
cuenca,2005-11-01,1,Logistic_Regression,Media,Media
esmeraldas,2005-11-01,1,Logistic_Regression,Baja,Baja
guayaquil,2005-11-01,1,Logistic_Regression,Media,Baja
loja,2005-11-01,1,Logistic_Regression,Media,Media
machala,2005-11-01,1,Logistic_Regression,Media,Baja
portoviejo,2005-11-01,1,Logistic_Regression,Baja,Baja
puyo,2005-11-01,1,Logistic_Regression,Media,Media
quito,2005-11-01,1,Logistic_Regression,Media,Alta
riobamba,2005-11-01,1,Logistic_Regression,Media,Media
salinas,2005-11-01,1,Logistic_Regression,Baja,Baja
tena,2005-11-01,1,Logistic_Regression,Alta,Alta
babahoyo,2005-12-01,1,Logistic_Regression,Alta,Media
cuenca,2005-12-01,1,Logistic_Regression,Alta,Media
esmeraldas,2005-12-01,1,Logistic_Regression,Alta,Media
guayaquil,2005-12-01,1,Logistic_Regression,Alta,Media
loja,2005-12-01,1,Logistic_Regression,Alta,Media
machala,2005-12-01,1,Logistic_Regression,Media,Media
portoviejo,2005-12-01,1,Logistic_Regression,Media,Baja
puyo,2005-12-01,1,Logistic_Regression,Alta,Alta
quito,2005-12-01,1,Logistic_Regression,Alta,Alta
riobamba,2005-12-01,1,Logistic_Regression,Media,Media
salinas,2005-12-01,1,Logistic_Regression,Baja,Baja
tena,2005-12-01,1,Logistic_Regression,Alta,Alta
babahoyo,2006-01-01,1,Logistic_Regression,Alta,Alta
cuenca,2006-01-01,1,Logistic_Regression,Media,Media
esmeraldas,2006-01-01,1,Logistic_Regression,Alta,Alta
guayaquil,2006-01-01,1,Logistic_Regression,Media,Media
loja,2006-01-01,1,Logistic_Regression,Media,Media
machala,2006-01-01,1,Logistic_Regression,Media,Media
portoviejo,2006-01-01,1,Logistic_Regression,Media,Media
puyo,2006-01-01,1,Logistic_Regression,Alta,Alta
quito,2006-01-01,1,Logistic_Regression,Alta,Alta
riobamba,2006-01-01,1,Logistic_Regression,Media,Alta
salinas,2006-01-01,1,Logistic_Regression,Baja,Baja
tena,2006-01-01,1,Logistic_Regression,Alta,Alta
babahoyo,2006-02-01,1,Logistic_Regression,Alta,Alta
cuenca,2006-02-01,1,Logistic_Regression,Media,Media
esmeraldas,2006-02-01,1,Logistic_Regression,Alta,Alta
guayaquil,2006-02-01,1,Logistic_Regression,Alta,Alta
loja,2006-02-01,1,Logistic_Regression,Media,Media
machala,2006-02-01,1,Logistic_Regression,Alta,Media
portoviejo,2006-02-01,1,Logistic_Regression,Alta,Alta
puyo,2006-02-01,1,Logistic_Regression,Media,Alta
quito,2006-02-01,1,Logistic_Regression,Alta,Alta
riobamba,2006-02-01,1,Logistic_Regression,Media,Media
salinas,2006-02-01,1,Logistic_Regression,Alta,Baja
tena,2006-02-01,1,Logistic_Regression,Alta,Alta
babahoyo,2006-03-01,1,Logistic_Regression,Alta,Alta
cuenca,2006-03-01,1,Logistic_Regression,Media,Media
esmeraldas,2006-03-01,1,Logistic_Regression,Media,Alta
guayaquil,2006-03-01,1,Logistic_Regression,Alta,Alta
loja,2006-03-01,1,Logistic_Regression,Media,Media
machala,2006-03-01,1,Logistic_Regression,Alta,Alta
portoviejo,2006-03-01,1,Logistic_Regression,Alta,Alta
puyo,2006-03-01,1,Logistic_Regression,Media,Media
quito,2006-03-01,1,Logistic_Regression,Alta,Alta
riobamba,2006-03-01,1,Logistic_Regression,Media,Media
salinas,2006-03-01,1,Logistic_Regression,Media,Media
tena,2006-03-01,1,Logistic_Regression,Alta,Alta
babahoyo,2006-04-01,1,Logistic_Regression,Alta,Alta
cuenca,2006-04-01,1,Logistic_Regression,Media,Media
esmeraldas,2006-04-01,1,Logistic_Regression,Media,Alta
guayaquil,2006-04-01,1,Logistic_Regression,Media,Alta
loja,2006-04-01,1,Logistic_Regression,Media,Media
machala,2006-04-01,1,Logistic_Regression,Media,Alta
portoviejo,2006-04-01,1,Logistic_Regression,Baja,Alta
puyo,2006-04-01,1,Logistic_Regression,Media,Media
quito,2006-04-01,1,Logistic_Regression,Alta,Alta
riobamba,2006-04-01,1,Logistic_Regression,Media,Media
salinas,2006-04-01,1,Logistic_Regression,Baja,Baja
tena,2006-04-01,1,Logistic_Regression,Alta,Alta
babahoyo,2006-05-01,1,Logistic_Regression,Alta,Alta
cuenca,2006-05-01,1,Logistic_Regression,Baja,Media
esmeraldas,2006-05-01,1,Logistic_Regression,Media,Baja
guayaquil,2006-05-01,1,Logistic_Regression,Media,Media
loja,2006-05-01,1,Logistic_Regression,Baja,Media
machala,2006-05-01,1,Logistic_Regression,Baja,Baja
portoviejo,2006-05-01,1,Logistic_Regression,Baja,Baja
puyo,2006-05-01,1,Logistic_Regression,Alta,Media
quito,2006-05-01,1,Logistic_Regression,Alta,Alta
riobamba,2006-05-01,1,Logistic_Regression,Media,Media
salinas,2006-05-01,1,Logistic_Regression,Baja,Baja
tena,2006-05-01,1,Logistic_Regression,Alta,Alta
babahoyo,2006-06-01,1,Logistic_Regression,Alta,Media
cuenca,2006-06-01,1,Logistic_Regression,Baja,Baja
esmeraldas,2006-06-01,1,Logistic_Regression,Media,Baja
guayaquil,2006-06-01,1,Logistic_Regression,Media,Baja
loja,2006-06-01,1,Logistic_Regression,Baja,Baja
machala,2006-06-01,1,Logistic_Regression,Baja,Baja
portoviejo,2006-06-01,1,Logistic_Regression,Baja,Baja
puyo,2006-06-01,1,Logistic_Regression,Media,Media
quito,2006-06-01,1,Logistic_Regression,Alta,Media
riobamba,2006-06-01,1,Logistic_Regression,Media,Baja
salinas,2006-06-01,1,Logistic_Regression,Baja,Baja
tena,2006-06-01,1,Logistic_Regression,Media,Alta
babahoyo,2006-07-01,1,Logistic_Regression,Media,Media
cuenca,2006-07-01,1,Logistic_Regression,Baja,Baja
esmeraldas,2006-07-01,1,Logistic_Regression,Media,Baja
guayaquil,2006-07-01,1,Logistic_Regression,Media,Baja
loja,2006-07-01,1,Logistic_Regression,Baja,Baja
machala,2006-07-01,1,Logistic_Regression,Baja,Baja
portoviejo,2006-07-01,1,Logistic_Regression,Baja,Baja
puyo,2006-07-01,1,Logistic_Regression,Media,Media
quito,2006-07-01,1,Logistic_Regression,Media,Media
riobamba,2006-07-01,1,Logistic_Regression,Baja,Baja
salinas,2006-07-01,1,Logistic_Regression,Baja,Baja
tena,2006-07-01,1,Logistic_Regression,Media,Media
babahoyo,2006-08-01,1,Logistic_Regression,Alta,Media
cuenca,2006-08-01,1,Logistic_Regression,Baja,Baja
esmeraldas,2006-08-01,1,Logistic_Regression,Baja,Baja
guayaquil,2006-08-01,1,Logistic_Regression,Media,Baja
loja,2006-08-01,1,Logistic_Regression,Baja,Baja
machala,2006-08-01,1,Logistic_Regression,Baja,Baja
portoviejo,2006-08-01,1,Logistic_Regression,Baja,Baja
puyo,2006-08-01,1,Logistic_Regression,Baja,Baja
quito,2006-08-01,1,Logistic_Regression,Media,Media
riobamba,2006-08-01,1,Logistic_Regression,Baja,Baja
salinas,2006-08-01,1,Logistic_Regression,Baja,Baja
tena,2006-08-01,1,Logistic_Regression,Media,Media
babahoyo,2006-09-01,1,Logistic_Regression,Alta,Media
cuenca,2006-09-01,1,Logistic_Regression,Baja,Baja
esmeraldas,2006-09-01,1,Logistic_Regression,Media,Baja
guayaquil,2006-09-01,1,Logistic_Regression,Alta,Baja
loja,2006-09-01,1,Logistic_Regression,Baja,Baja
machala,2006-09-01,1,Logistic_Regression,Media,Baja
portoviejo,2006-09-01,1,Logistic_Regression,Baja,Baja
puyo,2006-09-01,1,Logistic_Regression,Media,Baja
quito,2006-09-01,1,Logistic_Regression,Media,Media
riobamba,2006-09-01,1,Logistic_Regression,Baja,Baja
salinas,2006-09-01,1,Logistic_Regression,Baja,Baja
tena,2006-09-01,1,Logistic_Regression,Alta,Media
babahoyo,2006-10-01,1,Logistic_Regression,Media,Alta
cuenca,2006-10-01,1,Logistic_Regression,Media,Baja
esmeraldas,2006-10-01,1,Logistic_Regression,Baja,Baja
guayaquil,2006-10-01,1,Logistic_Regression,Media,Media
loja,2006-10-01,1,Logistic_Regression,Media,Media
machala,2006-10-01,1,Logistic_Regression,Baja,Baja
portoviejo,2006-10-01,1,Logistic_Regression,Baja,Baja
puyo,2006-10-01,1,Logistic_Regression,Media,Media
quito,2006-10-01,1,Logistic_Regression,Alta,Alta
riobamba,2006-10-01,1,Logistic_Regression,Media,Media
salinas,2006-10-01,1,Logistic_Regression,Baja,Baja
tena,2006-10-01,1,Logistic_Regression,Media,Alta
babahoyo,2006-11-01,1,Logistic_Regression,Alta,Media
cuenca,2006-11-01,1,Logistic_Regression,Media,Media
esmeraldas,2006-11-01,1,Logistic_Regression,Alta,Media
guayaquil,2006-11-01,1,Logistic_Regression,Baja,Media
loja,2006-11-01,1,Logistic_Regression,Media,Media
machala,2006-11-01,1,Logistic_Regression,Media,Baja
portoviejo,2006-11-01,1,Logistic_Regression,Baja,Baja
puyo,2006-11-01,1,Logistic_Regression,Alta,Media
quito,2006-11-01,1,Logistic_Regression,Alta,Alta
riobamba,2006-11-01,1,Logistic_Regression,Media,Media
salinas,2006-11-01,1,Logistic_Regression,Baja,Baja
tena,2006-11-01,1,Logistic_Regression,Alta,Alta
babahoyo,2006-12-01,1,Logistic_Regression,Alta,Alta
cuenca,2006-12-01,1,Logistic_Regression,Alta,Media
esmeraldas,2006-12-01,1,Logistic_Regression,Alta,Alta
guayaquil,2006-12-01,1,Logistic_Regression,Alta,Media
loja,2006-12-01,1,Logistic_Regression,Alta,Media
machala,2006-12-01,1,Logistic_Regression,Media,Media
portoviejo,2006-12-01,1,Logistic_Regression,Media,Baja
puyo,2006-12-01,1,Logistic_Regression,Alta,Alta
quito,2006-12-01,1,Logistic_Regression,Alta,Alta
riobamba,2006-12-01,1,Logistic_Regression,Media,Alta
salinas,2006-12-01,1,Logistic_Regression,Baja,Baja
tena,2006-12-01,1,Logistic_Regression,Alta,Alta
babahoyo,2007-01-01,1,Logistic_Regression,Alta,Alta
cuenca,2007-01-01,1,Logistic_Regression,Media,Media
esmeraldas,2007-01-01,1,Logistic_Regression,Alta,Alta
guayaquil,2007-01-01,1,Logistic_Regression,Media,Alta
loja,2007-01-01,1,Logistic_Regression,Alta,Alta
machala,2007-01-01,1,Logistic_Regression,Media,Media
portoviejo,2007-01-01,1,Logistic_Regression,Media,Alta
puyo,2007-01-01,1,Logistic_Regression,Baja,Alta
quito,2007-01-01,1,Logistic_Regression,Alta,Alta
riobamba,2007-01-01,1,Logistic_Regression,Baja,Media
salinas,2007-01-01,1,Logistic_Regression,Baja,Baja
tena,2007-01-01,1,Logistic_Regression,Media,Alta
babahoyo,2007-02-01,1,Logistic_Regression,Media,Alta
cuenca,2007-02-01,1,Logistic_Regression,Media,Media
esmeraldas,2007-02-01,1,Logistic_Regression,Media,Alta
guayaquil,2007-02-01,1,Logistic_Regression,Media,Alta
loja,2007-02-01,1,Logistic_Regression,Media,Media
machala,2007-02-01,1,Logistic_Regression,Media,Alta
portoviejo,2007-02-01,1,Logistic_Regression,Alta,Alta
puyo,2007-02-01,1,Logistic_Regression,Media,Media
quito,2007-02-01,1,Logistic_Regression,Media,Alta
riobamba,2007-02-01,1,Logistic_Regression,Baja,Media
salinas,2007-02-01,1,Logistic_Regression,Baja,Baja
tena,2007-02-01,1,Logistic_Regression,Media,Alta
babahoyo,2007-03-01,1,Logistic_Regression,Alta,Alta
cuenca,2007-03-01,1,Logistic_Regression,Media,Media
esmeraldas,2007-03-01,1,Logistic_Regression,Alta,Alta
guayaquil,2007-03-01,1,Logistic_Regression,Alta,Alta
loja,2007-03-01,1,Logistic_Regression,Media,Media
machala,2007-03-01,1,Logistic_Regression,Alta,Media
portoviejo,2007-03-01,1,Logistic_Regression,Alta,Alta
puyo,2007-03-01,1,Logistic_Regression,Media,Media
quito,2007-03-01,1,Logistic_Regression,Alta,Alta
riobamba,2007-03-01,1,Logistic_Regression,Media,Media
salinas,2007-03-01,1,Logistic_Regression,Media,Baja
tena,2007-03-01,1,Logistic_Regression,Alta,Alta
babahoyo,2007-04-01,1,Logistic_Regression,Alta,Alta
cuenca,2007-04-01,1,Logistic_Regression,Media,Media
esmeraldas,2007-04-01,1,Logistic_Regression,Alta,Alta
guayaquil,2007-04-01,1,Logistic_Regression,Alta,Alta
loja,2007-04-01,1,Logistic_Regression,Media,Media
machala,2007-04-01,1,Logistic_Regression,Media,Alta
portoviejo,2007-04-01,1,Logistic_Regression,Media,Alta
puyo,2007-04-01,1,Logistic_Regression,Media,Alta
quito,2007-04-01,1,Logistic_Regression,Alta,Alta
riobamba,2007-04-01,1,Logistic_Regression,Media,Media
salinas,2007-04-01,1,Logistic_Regression,Media,Baja
tena,2007-04-01,1,Logistic_Regression,Media,Alta
babahoyo,2007-05-01,1,Logistic_Regression,Alta,Alta
cuenca,2007-05-01,1,Logistic_Regression,Baja,Baja
esmeraldas,2007-05-01,1,Logistic_Regression,Alta,Alta
guayaquil,2007-05-01,1,Logistic_Regression,Media,Media
loja,2007-05-01,1,Logistic_Regression,Baja,Media
machala,2007-05-01,1,Logistic_Regression,Baja,Media
portoviejo,2007-05-01,1,Logistic_Regression,Baja,Media
puyo,2007-05-01,1,Logistic_Regression,Alta,Media
quito,2007-05-01,1,Logistic_Regression,Media,Alta
riobamba,2007-05-01,1,Logistic_Regression,Media,Media
salinas,2007-05-01,1,Logistic_Regression,Baja,Baja
tena,2007-05-01,1,Logistic_Regression,Alta,Alta
babahoyo,2007-06-01,1,Logistic_Regression,Alta,Media
cuenca,2007-06-01,1,Logistic_Regression,Baja,Baja
esmeraldas,2007-06-01,1,Logistic_Regression,Media,Media
guayaquil,2007-06-01,1,Logistic_Regression,Alta,Media
loja,2007-06-01,1,Logistic_Regression,Baja,Baja
machala,2007-06-01,1,Logistic_Regression,Baja,Baja
portoviejo,2007-06-01,1,Logistic_Regression,Media,Baja
puyo,2007-06-01,1,Logistic_Regression,Media,Media
quito,2007-06-01,1,Logistic_Regression,Media,Media
riobamba,2007-06-01,1,Logistic_Regression,Media,Baja
salinas,2007-06-01,1,Logistic_Regression,Baja,Baja
tena,2007-06-01,1,Logistic_Regression,Media,Alta
babahoyo,2007-07-01,1,Logistic_Regression,Media,Media
cuenca,2007-07-01,1,Logistic_Regression,Baja,Baja
esmeraldas,2007-07-01,1,Logistic_Regression,Baja,Baja
guayaquil,2007-07-01,1,Logistic_Regression,Media,Media
loja,2007-07-01,1,Logistic_Regression,Baja,Baja
machala,2007-07-01,1,Logistic_Regression,Baja,Baja
portoviejo,2007-07-01,1,Logistic_Regression,Baja,Baja
puyo,2007-07-01,1,Logistic_Regression,Media,Media
quito,2007-07-01,1,Logistic_Regression,Media,Media
riobamba,2007-07-01,1,Logistic_Regression,Baja,Baja
salinas,2007-07-01,1,Logistic_Regression,Baja,Baja
tena,2007-07-01,1,Logistic_Regression,Media,Alta
babahoyo,2007-08-01,1,Logistic_Regression,Media,Media
cuenca,2007-08-01,1,Logistic_Regression,Baja,Baja
esmeraldas,2007-08-01,1,Logistic_Regression,Baja,Baja
guayaquil,2007-08-01,1,Logistic_Regression,Media,Baja
loja,2007-08-01,1,Logistic_Regression,Baja,Baja
machala,2007-08-01,1,Logistic_Regression,Baja,Baja
portoviejo,2007-08-01,1,Logistic_Regression,Baja,Baja
puyo,2007-08-01,1,Logistic_Regression,Baja,Baja
quito,2007-08-01,1,Logistic_Regression,Media,Baja
riobamba,2007-08-01,1,Logistic_Regression,Baja,Baja
salinas,2007-08-01,1,Logistic_Regression,Baja,Baja
tena,2007-08-01,1,Logistic_Regression,Media,Media
babahoyo,2007-09-01,1,Logistic_Regression,Media,Media
cuenca,2007-09-01,1,Logistic_Regression,Baja,Baja
esmeraldas,2007-09-01,1,Logistic_Regression,Baja,Baja
guayaquil,2007-09-01,1,Logistic_Regression,Baja,Baja
loja,2007-09-01,1,Logistic_Regression,Baja,Baja
machala,2007-09-01,1,Logistic_Regression,Baja,Baja
portoviejo,2007-09-01,1,Logistic_Regression,Baja,Baja
puyo,2007-09-01,1,Logistic_Regression,Baja,Baja
quito,2007-09-01,1,Logistic_Regression,Media,Media
riobamba,2007-09-01,1,Logistic_Regression,Baja,Baja
salinas,2007-09-01,1,Logistic_Regression,Baja,Baja
tena,2007-09-01,1,Logistic_Regression,Media,Media
babahoyo,2007-10-01,1,Logistic_Regression,Baja,Media
cuenca,2007-10-01,1,Logistic_Regression,Media,Baja
esmeraldas,2007-10-01,1,Logistic_Regression,Baja,Baja
guayaquil,2007-10-01,1,Logistic_Regression,Baja,Baja
loja,2007-10-01,1,Logistic_Regression,Media,Baja
machala,2007-10-01,1,Logistic_Regression,Baja,Baja
portoviejo,2007-10-01,1,Logistic_Regression,Baja,Baja
puyo,2007-10-01,1,Logistic_Regression,Alta,Media
quito,2007-10-01,1,Logistic_Regression,Alta,Media
riobamba,2007-10-01,1,Logistic_Regression,Media,Media
salinas,2007-10-01,1,Logistic_Regression,Baja,Baja
tena,2007-10-01,1,Logistic_Regression,Media,Media
babahoyo,2007-11-01,1,Logistic_Regression,Media,Media
cuenca,2007-11-01,1,Logistic_Regression,Media,Media
esmeraldas,2007-11-01,1,Logistic_Regression,Baja,Baja
guayaquil,2007-11-01,1,Logistic_Regression,Baja,Baja
loja,2007-11-01,1,Logistic_Regression,Media,Media
machala,2007-11-01,1,Logistic_Regression,Baja,Baja
portoviejo,2007-11-01,1,Logistic_Regression,Baja,Baja
puyo,2007-11-01,1,Logistic_Regression,Alta,Alta
quito,2007-11-01,1,Logistic_Regression,Alta,Alta
riobamba,2007-11-01,1,Logistic_Regression,Media,Media
salinas,2007-11-01,1,Logistic_Regression,Baja,Baja
tena,2007-11-01,1,Logistic_Regression,Alta,Alta
babahoyo,2007-12-01,1,Logistic_Regression,Media,Alta
cuenca,2007-12-01,1,Logistic_Regression,Media,Media
esmeraldas,2007-12-01,1,Logistic_Regression,Media,Alta
guayaquil,2007-12-01,1,Logistic_Regression,Baja,Media
loja,2007-12-01,1,Logistic_Regression,Media,Media
machala,2007-12-01,1,Logistic_Regression,Baja,Baja
portoviejo,2007-12-01,1,Logistic_Regression,Baja,Baja
puyo,2007-12-01,1,Logistic_Regression,Alta,Alta
quito,2007-12-01,1,Logistic_Regression,Alta,Alta
riobamba,2007-12-01,1,Logistic_Regression,Baja,Media
salinas,2007-12-01,1,Logistic_Regression,Baja,Baja
tena,2007-12-01,1,Logistic_Regression,Alta,Alta
babahoyo,2008-01-01,2,Logistic_Regression,Alta,Alta
cuenca,2008-01-01,2,Logistic_Regression,Media,Media
esmeraldas,2008-01-01,2,Logistic_Regression,Alta,Alta
guayaquil,2008-01-01,2,Logistic_Regression,Alta,Media
loja,2008-01-01,2,Logistic_Regression,Media,Media
machala,2008-01-01,2,Logistic_Regression,Alta,Media
portoviejo,2008-01-01,2,Logistic_Regression,Media,Baja
puyo,2008-01-01,2,Logistic_Regression,Alta,Alta
quito,2008-01-01,2,Logistic_Regression,Media,Alta
riobamba,2008-01-01,2,Logistic_Regression,Media,Media
salinas,2008-01-01,2,Logistic_Regression,Media,Baja
tena,2008-01-01,2,Logistic_Regression,Alta,Alta
babahoyo,2008-02-01,2,Logistic_Regression,Alta,Alta
cuenca,2008-02-01,2,Logistic_Regression,Alta,Media
esmeraldas,2008-02-01,2,Logistic_Regression,Alta,Alta
guayaquil,2008-02-01,2,Logistic_Regression,Alta,Alta
loja,2008-02-01,2,Logistic_Regression,Alta,Media
machala,2008-02-01,2,Logistic_Regression,Alta,Alta
portoviejo,2008-02-01,2,Logistic_Regression,Alta,Alta
puyo,2008-02-01,2,Logistic_Regression,Alta,Alta
quito,2008-02-01,2,Logistic_Regression,Alta,Alta
riobamba,2008-02-01,2,Logistic_Regression,Alta,Media
salinas,2008-02-01,2,Logistic_Regression,Alta,Media
tena,2008-02-01,2,Logistic_Regression,Alta,Alta
babahoyo,2008-03-01,2,Logistic_Regression,Alta,Alta
cuenca,2008-03-01,2,Logistic_Regression,Alta,Media
esmeraldas,2008-03-01,2,Logistic_Regression,Alta,Alta
guayaquil,2008-03-01,2,Logistic_Regression,Alta,Alta
loja,2008-03-01,2,Logistic_Regression,Alta,Media
machala,2008-03-01,2,Logistic_Regression,Alta,Alta
portoviejo,2008-03-01,2,Logistic_Regression,Alta,Alta
puyo,2008-03-01,2,Logistic_Regression,Alta,Alta
quito,2008-03-01,2,Logistic_Regression,Alta,Alta
riobamba,2008-03-01,2,Logistic_Regression,Media,Media
salinas,2008-03-01,2,Logistic_Regression,Media,Media
tena,2008-03-01,2,Logistic_Regression,Alta,Alta
babahoyo,2008-04-01,2,Logistic_Regression,Alta,Alta
cuenca,2008-04-01,2,Logistic_Regression,Media,Media
esmeraldas,2008-04-01,2,Logistic_Regression,Alta,Alta
guayaquil,2008-04-01,2,Logistic_Regression,Media,Alta
loja,2008-04-01,2,Logistic_Regression,Alta,Media
machala,2008-04-01,2,Logistic_Regression,Alta,Alta
portoviejo,2008-04-01,2,Logistic_Regression,Alta,Alta
puyo,2008-04-01,2,Logistic_Regression,Alta,Alta
quito,2008-04-01,2,Logistic_Regression,Alta,Alta
riobamba,2008-04-01,2,Logistic_Regression,Media,Media
salinas,2008-04-01,2,Logistic_Regression,Baja,Media
tena,2008-04-01,2,Logistic_Regression,Alta,Alta
babahoyo,2008-05-01,2,Logistic_Regression,Alta,Alta
cuenca,2008-05-01,2,Logistic_Regression,Media,Media
esmeraldas,2008-05-01,2,Logistic_Regression,Media,Alta
guayaquil,2008-05-01,2,Logistic_Regression,Alta,Media
loja,2008-05-01,2,Logistic_Regression,Media,Media
machala,2008-05-01,2,Logistic_Regression,Alta,Media
portoviejo,2008-05-01,2,Logistic_Regression,Baja,Media
puyo,2008-05-01,2,Logistic_Regression,Media,Alta
quito,2008-05-01,2,Logistic_Regression,Alta,Media
riobamba,2008-05-01,2,Logistic_Regression,Media,Media
salinas,2008-05-01,2,Logistic_Regression,Baja,Baja
tena,2008-05-01,2,Logistic_Regression,Alta,Alta
babahoyo,2008-06-01,2,Logistic_Regression,Media,Alta
cuenca,2008-06-01,2,Logistic_Regression,Baja,Baja
esmeraldas,2008-06-01,2,Logistic_Regression,Baja,Baja
guayaquil,2008-06-01,2,Logistic_Regression,Alta,Alta
loja,2008-06-01,2,Logistic_Regression,Baja,Baja
machala,2008-06-01,2,Logistic_Regression,Baja,Baja
portoviejo,2008-06-01,2,Logistic_Regression,Baja,Baja
puyo,2008-06-01,2,Logistic_Regression,Media,Media
quito,2008-06-01,2,Logistic_Regression,Media,Media
riobamba,2008-06-01,2,Logistic_Regression,Baja,Media
salinas,2008-06-01,2,Logistic_Regression,Baja,Baja
tena,2008-06-01,2,Logistic_Regression,Alta,Media
babahoyo,2008-07-01,2,Logistic_Regression,Alta,Media
cuenca,2008-07-01,2,Logistic_Regression,Baja,Baja
esmeraldas,2008-07-01,2,Logistic_Regression,Media,Baja
guayaquil,2008-07-01,2,Logistic_Regression,Media,Media
loja,2008-07-01,2,Logistic_Regression,Baja,Baja
machala,2008-07-01,2,Logistic_Regression,Baja,Baja
portoviejo,2008-07-01,2,Logistic_Regression,Baja,Baja
puyo,2008-07-01,2,Logistic_Regression,Media,Media
quito,2008-07-01,2,Logistic_Regression,Media,Media
riobamba,2008-07-01,2,Logistic_Regression,Baja,Baja
salinas,2008-07-01,2,Logistic_Regression,Baja,Baja
tena,2008-07-01,2,Logistic_Regression,Media,Media
babahoyo,2008-08-01,2,Logistic_Regression,Alta,Media
cuenca,2008-08-01,2,Logistic_Regression,Baja,Baja
esmeraldas,2008-08-01,2,Logistic_Regression,Media,Baja
guayaquil,2008-08-01,2,Logistic_Regression,Media,Baja
loja,2008-08-01,2,Logistic_Regression,Baja,Baja
machala,2008-08-01,2,Logistic_Regression,Baja,Baja
portoviejo,2008-08-01,2,Logistic_Regression,Baja,Baja
puyo,2008-08-01,2,Logistic_Regression,Media,Baja
quito,2008-08-01,2,Logistic_Regression,Media,Media
riobamba,2008-08-01,2,Logistic_Regression,Baja,Baja
salinas,2008-08-01,2,Logistic_Regression,Baja,Baja
tena,2008-08-01,2,Logistic_Regression,Media,Media
babahoyo,2008-09-01,2,Logistic_Regression,Media,Media
cuenca,2008-09-01,2,Logistic_Regression,Baja,Baja
esmeraldas,2008-09-01,2,Logistic_Regression,Baja,Baja
guayaquil,2008-09-01,2,Logistic_Regression,Media,Baja
loja,2008-09-01,2,Logistic_Regression,Baja,Baja
machala,2008-09-01,2,Logistic_Regression,Baja,Baja
portoviejo,2008-09-01,2,Logistic_Regression,Baja,Baja
puyo,2008-09-01,2,Logistic_Regression,Baja,Baja
quito,2008-09-01,2,Logistic_Regression,Media,Media
riobamba,2008-09-01,2,Logistic_Regression,Baja,Baja
salinas,2008-09-01,2,Logistic_Regression,Baja,Baja
tena,2008-09-01,2,Logistic_Regression,Media,Media
babahoyo,2008-10-01,2,Logistic_Regression,Media,Alta
cuenca,2008-10-01,2,Logistic_Regression,Media,Media
esmeraldas,2008-10-01,2,Logistic_Regression,Baja,Baja
guayaquil,2008-10-01,2,Logistic_Regression,Baja,Baja
loja,2008-10-01,2,Logistic_Regression,Alta,Baja
machala,2008-10-01,2,Logistic_Regression,Media,Baja
portoviejo,2008-10-01,2,Logistic_Regression,Baja,Baja
puyo,2008-10-01,2,Logistic_Regression,Media,Media
quito,2008-10-01,2,Logistic_Regression,Media,Alta
riobamba,2008-10-01,2,Logistic_Regression,Media,Media
salinas,2008-10-01,2,Logistic_Regression,Baja,Baja
tena,2008-10-01,2,Logistic_Regression,Alta,Alta
babahoyo,2008-11-01,2,Logistic_Regression,Baja,Alta
cuenca,2008-11-01,2,Logistic_Regression,Media,Media
esmeraldas,2008-11-01,2,Logistic_Regression,Media,Baja
guayaquil,2008-11-01,2,Logistic_Regression,Baja,Media
loja,2008-11-01,2,Logistic_Regression,Media,Media
machala,2008-11-01,2,Logistic_Regression,Baja,Baja
portoviejo,2008-11-01,2,Logistic_Regression,Baja,Baja
puyo,2008-11-01,2,Logistic_Regression,Alta,Alta
quito,2008-11-01,2,Logistic_Regression,Alta,Alta
riobamba,2008-11-01,2,Logistic_Regression,Media,Media
salinas,2008-11-01,2,Logistic_Regression,Baja,Baja
tena,2008-11-01,2,Logistic_Regression,Alta,Alta
babahoyo,2008-12-01,2,Logistic_Regression,Baja,Media
cuenca,2008-12-01,2,Logistic_Regression,Media,Media
esmeraldas,2008-12-01,2,Logistic_Regression,Baja,Alta
guayaquil,2008-12-01,2,Logistic_Regression,Baja,Media
loja,2008-12-01,2,Logistic_Regression,Media,Media
machala,2008-12-01,2,Logistic_Regression,Baja,Baja
portoviejo,2008-12-01,2,Logistic_Regression,Baja,Baja
puyo,2008-12-01,2,Logistic_Regression,Alta,Alta
quito,2008-12-01,2,Logistic_Regression,Alta,Alta
riobamba,2008-12-01,2,Logistic_Regression,Alta,Media
salinas,2008-12-01,2,Logistic_Regression,Baja,Baja
tena,2008-12-01,2,Logistic_Regression,Alta,Alta
babahoyo,2009-01-01,2,Logistic_Regression,Alta,Alta
cuenca,2009-01-01,2,Logistic_Regression,Media,Media
esmeraldas,2009-01-01,2,Logistic_Regression,Alta,Alta
guayaquil,2009-01-01,2,Logistic_Regression,Alta,Media
loja,2009-01-01,2,Logistic_Regression,Alta,Media
machala,2009-01-01,2,Logistic_Regression,Alta,Media
portoviejo,2009-01-01,2,Logistic_Regression,Alta,Baja
puyo,2009-01-01,2,Logistic_Regression,Media,Alta
quito,2009-01-01,2,Logistic_Regression,Alta,Alta
riobamba,2009-01-01,2,Logistic_Regression,Media,Alta
salinas,2009-01-01,2,Logistic_Regression,Media,Baja
tena,2009-01-01,2,Logistic_Regression,Media,Alta
babahoyo,2009-02-01,2,Logistic_Regression,Alta,Alta
cuenca,2009-02-01,2,Logistic_Regression,Alta,Media
esmeraldas,2009-02-01,2,Logistic_Regression,Alta,Alta
guayaquil,2009-02-01,2,Logistic_Regression,Alta,Alta
loja,2009-02-01,2,Logistic_Regression,Media,Alta
machala,2009-02-01,2,Logistic_Regression,Alta,Alta
portoviejo,2009-02-01,2,Logistic_Regression,Alta,Alta
puyo,2009-02-01,2,Logistic_Regression,Alta,Alta
quito,2009-02-01,2,Logistic_Regression,Media,Alta
riobamba,2009-02-01,2,Logistic_Regression,Alta,Media
salinas,2009-02-01,2,Logistic_Regression,Media,Media
tena,2009-02-01,2,Logistic_Regression,Alta,Alta
babahoyo,2009-03-01,2,Logistic_Regression,Alta,Alta
cuenca,2009-03-01,2,Logistic_Regression,Media,Media
esmeraldas,2009-03-01,2,Logistic_Regression,Alta,Alta
guayaquil,2009-03-01,2,Logistic_Regression,Alta,Alta
loja,2009-03-01,2,Logistic_Regression,Media,Media
machala,2009-03-01,2,Logistic_Regression,Alta,Alta
portoviejo,2009-03-01,2,Logistic_Regression,Media,Alta
puyo,2009-03-01,2,Logistic_Regression,Media,Alta
quito,2009-03-01,2,Logistic_Regression,Alta,Alta
riobamba,2009-03-01,2,Logistic_Regression,Media,Media
salinas,2009-03-01,2,Logistic_Regression,Baja,Media
tena,2009-03-01,2,Logistic_Regression,Alta,Alta
babahoyo,2009-04-01,2,Logistic_Regression,Alta,Alta
cuenca,2009-04-01,2,Logistic_Regression,Media,Media
esmeraldas,2009-04-01,2,Logistic_Regression,Alta,Alta
guayaquil,2009-04-01,2,Logistic_Regression,Media,Alta
loja,2009-04-01,2,Logistic_Regression,Media,Media
machala,2009-04-01,2,Logistic_Regression,Media,Media
portoviejo,2009-04-01,2,Logistic_Regression,Media,Media
puyo,2009-04-01,2,Logistic_Regression,Alta,Alta
quito,2009-04-01,2,Logistic_Regression,Media,Alta
riobamba,2009-04-01,2,Logistic_Regression,Media,Media
salinas,2009-04-01,2,Logistic_Regression,Baja,Baja
tena,2009-04-01,2,Logistic_Regression,Alta,Alta
babahoyo,2009-05-01,2,Logistic_Regression,Alta,Alta
cuenca,2009-05-01,2,Logistic_Regression,Media,Media
esmeraldas,2009-05-01,2,Logistic_Regression,Media,Alta
guayaquil,2009-05-01,2,Logistic_Regression,Alta,Media
loja,2009-05-01,2,Logistic_Regression,Baja,Media
machala,2009-05-01,2,Logistic_Regression,Baja,Media
portoviejo,2009-05-01,2,Logistic_Regression,Alta,Baja
puyo,2009-05-01,2,Logistic_Regression,Alta,Alta
quito,2009-05-01,2,Logistic_Regression,Alta,Media
riobamba,2009-05-01,2,Logistic_Regression,Media,Media
salinas,2009-05-01,2,Logistic_Regression,Baja,Baja
tena,2009-05-01,2,Logistic_Regression,Alta,Alta
babahoyo,2009-06-01,2,Logistic_Regression,Alta,Alta
cuenca,2009-06-01,2,Logistic_Regression,Baja,Baja
esmeraldas,2009-06-01,2,Logistic_Regression,Baja,Media
guayaquil,2009-06-01,2,Logistic_Regression,Media,Media
loja,2009-06-01,2,Logistic_Regression,Baja,Baja
machala,2009-06-01,2,Logistic_Regression,Baja,Baja
portoviejo,2009-06-01,2,Logistic_Regression,Baja,Baja
puyo,2009-06-01,2,Logistic_Regression,Alta,Media
quito,2009-06-01,2,Logistic_Regression,Media,Media
riobamba,2009-06-01,2,Logistic_Regression,Baja,Baja
salinas,2009-06-01,2,Logistic_Regression,Baja,Baja
tena,2009-06-01,2,Logistic_Regression,Alta,Alta
babahoyo,2009-07-01,2,Logistic_Regression,Media,Media
cuenca,2009-07-01,2,Logistic_Regression,Baja,Baja
esmeraldas,2009-07-01,2,Logistic_Regression,Baja,Baja
guayaquil,2009-07-01,2,Logistic_Regression,Media,Media
loja,2009-07-01,2,Logistic_Regression,Baja,Baja
machala,2009-07-01,2,Logistic_Regression,Baja,Baja
portoviejo,2009-07-01,2,Logistic_Regression,Baja,Baja
puyo,2009-07-01,2,Logistic_Regression,Media,Media
quito,2009-07-01,2,Logistic_Regression,Baja,Media
riobamba,2009-07-01,2,Logistic_Regression,Baja,Baja
salinas,2009-07-01,2,Logistic_Regression,Baja,Baja
tena,2009-07-01,2,Logistic_Regression,Alta,Alta
babahoyo,2009-08-01,2,Logistic_Regression,Alta,Baja
cuenca,2009-08-01,2,Logistic_Regression,Baja,Baja
esmeraldas,2009-08-01,2,Logistic_Regression,Baja,Baja
guayaquil,2009-08-01,2,Logistic_Regression,Media,Baja
loja,2009-08-01,2,Logistic_Regression,Baja,Baja
machala,2009-08-01,2,Logistic_Regression,Baja,Baja
portoviejo,2009-08-01,2,Logistic_Regression,Baja,Baja
puyo,2009-08-01,2,Logistic_Regression,Baja,Media
quito,2009-08-01,2,Logistic_Regression,Media,Media
riobamba,2009-08-01,2,Logistic_Regression,Baja,Baja
salinas,2009-08-01,2,Logistic_Regression,Baja,Baja
tena,2009-08-01,2,Logistic_Regression,Alta,Media
babahoyo,2009-09-01,2,Logistic_Regression,Media,Media
cuenca,2009-09-01,2,Logistic_Regression,Baja,Baja
esmeraldas,2009-09-01,2,Logistic_Regression,Baja,Baja
guayaquil,2009-09-01,2,Logistic_Regression,Media,Media
loja,2009-09-01,2,Logistic_Regression,Baja,Baja
machala,2009-09-01,2,Logistic_Regression,Baja,Baja
portoviejo,2009-09-01,2,Logistic_Regression,Baja,Baja
puyo,2009-09-01,2,Logistic_Regression,Baja,Media
quito,2009-09-01,2,Logistic_Regression,Alta,Media
riobamba,2009-09-01,2,Logistic_Regression,Baja,Baja
salinas,2009-09-01,2,Logistic_Regression,Baja,Baja
tena,2009-09-01,2,Logistic_Regression,Alta,Alta
babahoyo,2009-10-01,2,Logistic_Regression,Alta,Media
cuenca,2009-10-01,2,Logistic_Regression,Media,Baja
esmeraldas,2009-10-01,2,Logistic_Regression,Media,Baja
guayaquil,2009-10-01,2,Logistic_Regression,Media,Baja
loja,2009-10-01,2,Logistic_Regression,Baja,Media
machala,2009-10-01,2,Logistic_Regression,Baja,Baja
portoviejo,2009-10-01,2,Logistic_Regression,Baja,Baja
puyo,2009-10-01,2,Logistic_Regression,Media,Media
quito,2009-10-01,2,Logistic_Regression,Alta,Alta
riobamba,2009-10-01,2,Logistic_Regression,Media,Media
salinas,2009-10-01,2,Logistic_Regression,Baja,Baja
tena,2009-10-01,2,Logistic_Regression,Alta,Alta
babahoyo,2009-11-01,2,Logistic_Regression,Baja,Media
cuenca,2009-11-01,2,Logistic_Regression,Media,Media
esmeraldas,2009-11-01,2,Logistic_Regression,Media,Media
guayaquil,2009-11-01,2,Logistic_Regression,Baja,Media
loja,2009-11-01,2,Logistic_Regression,Media,Media
machala,2009-11-01,2,Logistic_Regression,Baja,Baja
portoviejo,2009-11-01,2,Logistic_Regression,Baja,Baja
puyo,2009-11-01,2,Logistic_Regression,Media,Media
quito,2009-11-01,2,Logistic_Regression,Alta,Alta
riobamba,2009-11-01,2,Logistic_Regression,Media,Media
salinas,2009-11-01,2,Logistic_Regression,Baja,Baja
tena,2009-11-01,2,Logistic_Regression,Alta,Alta
babahoyo,2009-12-01,2,Logistic_Regression,Alta,Media
cuenca,2009-12-01,2,Logistic_Regression,Alta,Media
esmeraldas,2009-12-01,2,Logistic_Regression,Alta,Media
guayaquil,2009-12-01,2,Logistic_Regression,Media,Media
loja,2009-12-01,2,Logistic_Regression,Media,Media
machala,2009-12-01,2,Logistic_Regression,Baja,Baja
portoviejo,2009-12-01,2,Logistic_Regression,Baja,Baja
puyo,2009-12-01,2,Logistic_Regression,Media,Alta
quito,2009-12-01,2,Logistic_Regression,Alta,Alta
riobamba,2009-12-01,2,Logistic_Regression,Media,Media
salinas,2009-12-01,2,Logistic_Regression,Baja,Baja
tena,2009-12-01,2,Logistic_Regression,Media,Alta
babahoyo,2010-01-01,2,Logistic_Regression,Alta,Alta
cuenca,2010-01-01,2,Logistic_Regression,Baja,Alta
esmeraldas,2010-01-01,2,Logistic_Regression,Alta,Alta
guayaquil,2010-01-01,2,Logistic_Regression,Alta,Alta
loja,2010-01-01,2,Logistic_Regression,Media,Alta
machala,2010-01-01,2,Logistic_Regression,Alta,Media
portoviejo,2010-01-01,2,Logistic_Regression,Media,Alta
puyo,2010-01-01,2,Logistic_Regression,Baja,Alta
quito,2010-01-01,2,Logistic_Regression,Media,Alta
riobamba,2010-01-01,2,Logistic_Regression,Media,Alta
salinas,2010-01-01,2,Logistic_Regression,Media,Baja
tena,2010-01-01,2,Logistic_Regression,Baja,Alta
babahoyo,2010-02-01,2,Logistic_Regression,Alta,Alta
cuenca,2010-02-01,2,Logistic_Regression,Alta,Media
esmeraldas,2010-02-01,2,Logistic_Regression,Alta,Alta
guayaquil,2010-02-01,2,Logistic_Regression,Alta,Alta
loja,2010-02-01,2,Logistic_Regression,Media,Media
machala,2010-02-01,2,Logistic_Regression,Alta,Alta
portoviejo,2010-02-01,2,Logistic_Regression,Alta,Alta
puyo,2010-02-01,2,Logistic_Regression,Media,Media
quito,2010-02-01,2,Logistic_Regression,Media,Alta
riobamba,2010-02-01,2,Logistic_Regression,Media,Media
salinas,2010-02-01,2,Logistic_Regression,Media,Media
tena,2010-02-01,2,Logistic_Regression,Alta,Alta
babahoyo,2010-03-01,2,Logistic_Regression,Alta,Alta
cuenca,2010-03-01,2,Logistic_Regression,Baja,Media
esmeraldas,2010-03-01,2,Logistic_Regression,Alta,Alta
guayaquil,2010-03-01,2,Logistic_Regression,Alta,Alta
loja,2010-03-01,2,Logistic_Regression,Media,Media
machala,2010-03-01,2,Logistic_Regression,Media,Alta
portoviejo,2010-03-01,2,Logistic_Regression,Alta,Alta
puyo,2010-03-01,2,Logistic_Regression,Media,Alta
quito,2010-03-01,2,Logistic_Regression,Alta,Alta
riobamba,2010-03-01,2,Logistic_Regression,Baja,Media
salinas,2010-03-01,2,Logistic_Regression,Baja,Media
tena,2010-03-01,2,Logistic_Regression,Media,Alta
babahoyo,2010-04-01,2,Logistic_Regression,Alta,Alta
cuenca,2010-04-01,2,Logistic_Regression,Media,Media
esmeraldas,2010-04-01,2,Logistic_Regression,Alta,Alta
guayaquil,2010-04-01,2,Logistic_Regression,Alta,Alta
loja,2010-04-01,2,Logistic_Regression,Alta,Media
machala,2010-04-01,2,Logistic_Regression,Alta,Media
portoviejo,2010-04-01,2,Logistic_Regression,Media,Alta
puyo,2010-04-01,2,Logistic_Regression,Alta,Media
quito,2010-04-01,2,Logistic_Regression,Alta,Alta
riobamba,2010-04-01,2,Logistic_Regression,Media,Media
salinas,2010-04-01,2,Logistic_Regression,Baja,Baja
tena,2010-04-01,2,Logistic_Regression,Alta,Alta
babahoyo,2010-05-01,2,Logistic_Regression,Alta,Alta
cuenca,2010-05-01,2,Logistic_Regression,Alta,Media
esmeraldas,2010-05-01,2,Logistic_Regression,Alta,Alta
guayaquil,2010-05-01,2,Logistic_Regression,Alta,Alta
loja,2010-05-01,2,Logistic_Regression,Alta,Media
machala,2010-05-01,2,Logistic_Regression,Media,Media
portoviejo,2010-05-01,2,Logistic_Regression,Media,Media
puyo,2010-05-01,2,Logistic_Regression,Alta,Alta
quito,2010-05-01,2,Logistic_Regression,Alta,Alta
riobamba,2010-05-01,2,Logistic_Regression,Media,Media
salinas,2010-05-01,2,Logistic_Regression,Baja,Baja
tena,2010-05-01,2,Logistic_Regression,Alta,Alta
babahoyo,2010-06-01,2,Logistic_Regression,Media,Alta
cuenca,2010-06-01,2,Logistic_Regression,Baja,Baja
esmeraldas,2010-06-01,2,Logistic_Regression,Baja,Alta
guayaquil,2010-06-01,2,Logistic_Regression,Media,Alta
loja,2010-06-01,2,Logistic_Regression,Baja,Baja
machala,2010-06-01,2,Logistic_Regression,Baja,Baja
portoviejo,2010-06-01,2,Logistic_Regression,Baja,Baja
puyo,2010-06-01,2,Logistic_Regression,Media,Alta
quito,2010-06-01,2,Logistic_Regression,Media,Media
riobamba,2010-06-01,2,Logistic_Regression,Baja,Media
salinas,2010-06-01,2,Logistic_Regression,Baja,Baja
tena,2010-06-01,2,Logistic_Regression,Media,Alta
babahoyo,2010-07-01,2,Logistic_Regression,Media,Media
cuenca,2010-07-01,2,Logistic_Regression,Baja,Baja
esmeraldas,2010-07-01,2,Logistic_Regression,Baja,Baja
guayaquil,2010-07-01,2,Logistic_Regression,Alta,Media
loja,2010-07-01,2,Logistic_Regression,Baja,Baja
machala,2010-07-01,2,Logistic_Regression,Baja,Baja
portoviejo,2010-07-01,2,Logistic_Regression,Baja,Baja
puyo,2010-07-01,2,Logistic_Regression,Alta,Media
quito,2010-07-01,2,Logistic_Regression,Media,Media
riobamba,2010-07-01,2,Logistic_Regression,Baja,Baja
salinas,2010-07-01,2,Logistic_Regression,Baja,Baja
tena,2010-07-01,2,Logistic_Regression,Alta,Media
babahoyo,2010-08-01,2,Logistic_Regression,Baja,Media
cuenca,2010-08-01,2,Logistic_Regression,Baja,Baja
esmeraldas,2010-08-01,2,Logistic_Regression,Baja,Baja
guayaquil,2010-08-01,2,Logistic_Regression,Media,Baja
loja,2010-08-01,2,Logistic_Regression,Baja,Baja
machala,2010-08-01,2,Logistic_Regression,Baja,Baja
portoviejo,2010-08-01,2,Logistic_Regression,Baja,Baja
puyo,2010-08-01,2,Logistic_Regression,Baja,Media
quito,2010-08-01,2,Logistic_Regression,Media,Media
riobamba,2010-08-01,2,Logistic_Regression,Baja,Baja
salinas,2010-08-01,2,Logistic_Regression,Baja,Baja
tena,2010-08-01,2,Logistic_Regression,Media,Media
babahoyo,2010-09-01,2,Logistic_Regression,Media,Baja
cuenca,2010-09-01,2,Logistic_Regression,Baja,Baja
esmeraldas,2010-09-01,2,Logistic_Regression,Baja,Baja
guayaquil,2010-09-01,2,Logistic_Regression,Media,Baja
loja,2010-09-01,2,Logistic_Regression,Baja,Baja
machala,2010-09-01,2,Logistic_Regression,Baja,Baja
portoviejo,2010-09-01,2,Logistic_Regression,Baja,Baja
puyo,2010-09-01,2,Logistic_Regression,Baja,Baja
quito,2010-09-01,2,Logistic_Regression,Media,Media
riobamba,2010-09-01,2,Logistic_Regression,Baja,Baja
salinas,2010-09-01,2,Logistic_Regression,Baja,Baja
tena,2010-09-01,2,Logistic_Regression,Media,Media
babahoyo,2010-10-01,2,Logistic_Regression,Media,Media
cuenca,2010-10-01,2,Logistic_Regression,Media,Baja
esmeraldas,2010-10-01,2,Logistic_Regression,Baja,Baja
guayaquil,2010-10-01,2,Logistic_Regression,Baja,Baja
loja,2010-10-01,2,Logistic_Regression,Baja,Baja
machala,2010-10-01,2,Logistic_Regression,Baja,Baja
portoviejo,2010-10-01,2,Logistic_Regression,Baja,Baja
puyo,2010-10-01,2,Logistic_Regression,Alta,Media
quito,2010-10-01,2,Logistic_Regression,Media,Media
riobamba,2010-10-01,2,Logistic_Regression,Media,Media
salinas,2010-10-01,2,Logistic_Regression,Baja,Baja
tena,2010-10-01,2,Logistic_Regression,Alta,Media
babahoyo,2010-11-01,2,Logistic_Regression,Baja,Media
cuenca,2010-11-01,2,Logistic_Regression,Media,Media
esmeraldas,2010-11-01,2,Logistic_Regression,Baja,Baja
guayaquil,2010-11-01,2,Logistic_Regression,Baja,Baja
loja,2010-11-01,2,Logistic_Regression,Media,Media
machala,2010-11-01,2,Logistic_Regression,Baja,Baja
portoviejo,2010-11-01,2,Logistic_Regression,Baja,Baja
puyo,2010-11-01,2,Logistic_Regression,Media,Alta
quito,2010-11-01,2,Logistic_Regression,Alta,Alta
riobamba,2010-11-01,2,Logistic_Regression,Media,Media
salinas,2010-11-01,2,Logistic_Regression,Baja,Baja
tena,2010-11-01,2,Logistic_Regression,Media,Alta
babahoyo,2010-12-01,2,Logistic_Regression,Alta,Alta
cuenca,2010-12-01,2,Logistic_Regression,Media,Media
esmeraldas,2010-12-01,2,Logistic_Regression,Alta,Media
guayaquil,2010-12-01,2,Logistic_Regression,Media,Media
loja,2010-12-01,2,Logistic_Regression,Baja,Media
machala,2010-12-01,2,Logistic_Regression,Media,Baja
portoviejo,2010-12-01,2,Logistic_Regression,Alta,Baja
puyo,2010-12-01,2,Logistic_Regression,Alta,Alta
quito,2010-12-01,2,Logistic_Regression,Alta,Alta
riobamba,2010-12-01,2,Logistic_Regression,Media,Media
salinas,2010-12-01,2,Logistic_Regression,Baja,Baja
tena,2010-12-01,2,Logistic_Regression,Alta,Alta
babahoyo,2011-01-01,3,Logistic_Regression,Alta,Alta
cuenca,2011-01-01,3,Logistic_Regression,Media,Media
esmeraldas,2011-01-01,3,Logistic_Regression,Alta,Alta
guayaquil,2011-01-01,3,Logistic_Regression,Alta,Alta
loja,2011-01-01,3,Logistic_Regression,Media,Media
machala,2011-01-01,3,Logistic_Regression,Media,Media
portoviejo,2011-01-01,3,Logistic_Regression,Media,Alta
puyo,2011-01-01,3,Logistic_Regression,Media,Alta
quito,2011-01-01,3,Logistic_Regression,Alta,Alta
riobamba,2011-01-01,3,Logistic_Regression,Media,Media
salinas,2011-01-01,3,Logistic_Regression,Media,Baja
tena,2011-01-01,3,Logistic_Regression,Alta,Alta
babahoyo,2011-02-01,3,Logistic_Regression,Alta,Alta
cuenca,2011-02-01,3,Logistic_Regression,Media,Media
esmeraldas,2011-02-01,3,Logistic_Regression,Alta,Alta
guayaquil,2011-02-01,3,Logistic_Regression,Alta,Alta
loja,2011-02-01,3,Logistic_Regression,Alta,Media
machala,2011-02-01,3,Logistic_Regression,Alta,Media
portoviejo,2011-02-01,3,Logistic_Regression,Media,Alta
puyo,2011-02-01,3,Logistic_Regression,Alta,Alta
quito,2011-02-01,3,Logistic_Regression,Alta,Alta
riobamba,2011-02-01,3,Logistic_Regression,Alta,Media
salinas,2011-02-01,3,Logistic_Regression,Media,Media
tena,2011-02-01,3,Logistic_Regression,Alta,Alta
babahoyo,2011-03-01,3,Logistic_Regression,Alta,Alta
cuenca,2011-03-01,3,Logistic_Regression,Media,Media
esmeraldas,2011-03-01,3,Logistic_Regression,Alta,Alta
guayaquil,2011-03-01,3,Logistic_Regression,Media,Alta
loja,2011-03-01,3,Logistic_Regression,Media,Media
machala,2011-03-01,3,Logistic_Regression,Media,Media
portoviejo,2011-03-01,3,Logistic_Regression,Media,Alta
puyo,2011-03-01,3,Logistic_Regression,Alta,Alta
quito,2011-03-01,3,Logistic_Regression,Media,Alta
riobamba,2011-03-01,3,Logistic_Regression,Media,Media
salinas,2011-03-01,3,Logistic_Regression,Baja,Baja
tena,2011-03-01,3,Logistic_Regression,Alta,Alta
babahoyo,2011-04-01,3,Logistic_Regression,Alta,Alta
cuenca,2011-04-01,3,Logistic_Regression,Media,Media
esmeraldas,2011-04-01,3,Logistic_Regression,Media,Alta
guayaquil,2011-04-01,3,Logistic_Regression,Alta,Alta
loja,2011-04-01,3,Logistic_Regression,Media,Media
machala,2011-04-01,3,Logistic_Regression,Alta,Media
portoviejo,2011-04-01,3,Logistic_Regression,Media,Media
puyo,2011-04-01,3,Logistic_Regression,Media,Alta
quito,2011-04-01,3,Logistic_Regression,Alta,Media
riobamba,2011-04-01,3,Logistic_Regression,Media,Media
salinas,2011-04-01,3,Logistic_Regression,Baja,Baja
tena,2011-04-01,3,Logistic_Regression,Alta,Alta
babahoyo,2011-05-01,3,Logistic_Regression,Alta,Alta
cuenca,2011-05-01,3,Logistic_Regression,Baja,Media
esmeraldas,2011-05-01,3,Logistic_Regression,Baja,Alta
guayaquil,2011-05-01,3,Logistic_Regression,Media,Alta
loja,2011-05-01,3,Logistic_Regression,Media,Media
machala,2011-05-01,3,Logistic_Regression,Baja,Media
portoviejo,2011-05-01,3,Logistic_Regression,Baja,Media
puyo,2011-05-01,3,Logistic_Regression,Alta,Alta
quito,2011-05-01,3,Logistic_Regression,Media,Alta
riobamba,2011-05-01,3,Logistic_Regression,Baja,Media
salinas,2011-05-01,3,Logistic_Regression,Baja,Baja
tena,2011-05-01,3,Logistic_Regression,Alta,Alta
babahoyo,2011-06-01,3,Logistic_Regression,Alta,Alta
cuenca,2011-06-01,3,Logistic_Regression,Baja,Baja
esmeraldas,2011-06-01,3,Logistic_Regression,Media,Baja
guayaquil,2011-06-01,3,Logistic_Regression,Media,Media
loja,2011-06-01,3,Logistic_Regression,Baja,Baja
machala,2011-06-01,3,Logistic_Regression,Baja,Baja
portoviejo,2011-06-01,3,Logistic_Regression,Baja,Baja
puyo,2011-06-01,3,Logistic_Regression,Media,Media
quito,2011-06-01,3,Logistic_Regression,Alta,Media
riobamba,2011-06-01,3,Logistic_Regression,Baja,Baja
salinas,2011-06-01,3,Logistic_Regression,Baja,Baja
tena,2011-06-01,3,Logistic_Regression,Alta,Alta
babahoyo,2011-07-01,3,Logistic_Regression,Media,Alta
cuenca,2011-07-01,3,Logistic_Regression,Baja,Baja
esmeraldas,2011-07-01,3,Logistic_Regression,Media,Baja
guayaquil,2011-07-01,3,Logistic_Regression,Media,Baja
loja,2011-07-01,3,Logistic_Regression,Baja,Baja
machala,2011-07-01,3,Logistic_Regression,Baja,Baja
portoviejo,2011-07-01,3,Logistic_Regression,Baja,Baja
puyo,2011-07-01,3,Logistic_Regression,Alta,Media
quito,2011-07-01,3,Logistic_Regression,Media,Media
riobamba,2011-07-01,3,Logistic_Regression,Media,Baja
salinas,2011-07-01,3,Logistic_Regression,Baja,Baja
tena,2011-07-01,3,Logistic_Regression,Alta,Alta
babahoyo,2011-08-01,3,Logistic_Regression,Baja,Media
cuenca,2011-08-01,3,Logistic_Regression,Baja,Baja
esmeraldas,2011-08-01,3,Logistic_Regression,Baja,Baja
guayaquil,2011-08-01,3,Logistic_Regression,Baja,Baja
loja,2011-08-01,3,Logistic_Regression,Baja,Baja
machala,2011-08-01,3,Logistic_Regression,Baja,Baja
portoviejo,2011-08-01,3,Logistic_Regression,Baja,Baja
puyo,2011-08-01,3,Logistic_Regression,Media,Media
quito,2011-08-01,3,Logistic_Regression,Alta,Media
riobamba,2011-08-01,3,Logistic_Regression,Baja,Baja
salinas,2011-08-01,3,Logistic_Regression,Baja,Baja
tena,2011-08-01,3,Logistic_Regression,Media,Media
babahoyo,2011-09-01,3,Logistic_Regression,Media,Baja
cuenca,2011-09-01,3,Logistic_Regression,Baja,Baja
esmeraldas,2011-09-01,3,Logistic_Regression,Baja,Baja
guayaquil,2011-09-01,3,Logistic_Regression,Media,Baja
loja,2011-09-01,3,Logistic_Regression,Baja,Baja
machala,2011-09-01,3,Logistic_Regression,Baja,Baja
portoviejo,2011-09-01,3,Logistic_Regression,Baja,Baja
puyo,2011-09-01,3,Logistic_Regression,Media,Media
quito,2011-09-01,3,Logistic_Regression,Media,Media
riobamba,2011-09-01,3,Logistic_Regression,Baja,Baja
salinas,2011-09-01,3,Logistic_Regression,Baja,Baja
tena,2011-09-01,3,Logistic_Regression,Alta,Media
babahoyo,2011-10-01,3,Logistic_Regression,Media,Media
cuenca,2011-10-01,3,Logistic_Regression,Media,Media
esmeraldas,2011-10-01,3,Logistic_Regression,Baja,Baja
guayaquil,2011-10-01,3,Logistic_Regression,Baja,Baja
loja,2011-10-01,3,Logistic_Regression,Media,Media
machala,2011-10-01,3,Logistic_Regression,Baja,Baja
portoviejo,2011-10-01,3,Logistic_Regression,Baja,Baja
puyo,2011-10-01,3,Logistic_Regression,Media,Media
quito,2011-10-01,3,Logistic_Regression,Alta,Media
riobamba,2011-10-01,3,Logistic_Regression,Media,Media
salinas,2011-10-01,3,Logistic_Regression,Baja,Baja
tena,2011-10-01,3,Logistic_Regression,Alta,Alta
babahoyo,2011-11-01,3,Logistic_Regression,Baja,Media
cuenca,2011-11-01,3,Logistic_Regression,Alta,Media
esmeraldas,2011-11-01,3,Logistic_Regression,Baja,Baja
guayaquil,2011-11-01,3,Logistic_Regression,Baja,Baja
loja,2011-11-01,3,Logistic_Regression,Alta,Media
machala,2011-11-01,3,Logistic_Regression,Media,Baja
portoviejo,2011-11-01,3,Logistic_Regression,Baja,Baja
puyo,2011-11-01,3,Logistic_Regression,Alta,Alta
quito,2011-11-01,3,Logistic_Regression,Alta,Alta
riobamba,2011-11-01,3,Logistic_Regression,Media,Media
salinas,2011-11-01,3,Logistic_Regression,Baja,Baja
tena,2011-11-01,3,Logistic_Regression,Alta,Alta
babahoyo,2011-12-01,3,Logistic_Regression,Alta,Alta
cuenca,2011-12-01,3,Logistic_Regression,Media,Media
esmeraldas,2011-12-01,3,Logistic_Regression,Baja,Media
guayaquil,2011-12-01,3,Logistic_Regression,Baja,Baja
loja,2011-12-01,3,Logistic_Regression,Media,Media
machala,2011-12-01,3,Logistic_Regression,Baja,Media
portoviejo,2011-12-01,3,Logistic_Regression,Baja,Alta
puyo,2011-12-01,3,Logistic_Regression,Alta,Alta
quito,2011-12-01,3,Logistic_Regression,Media,Alta
riobamba,2011-12-01,3,Logistic_Regression,Alta,Alta
salinas,2011-12-01,3,Logistic_Regression,Baja,Baja
tena,2011-12-01,3,Logistic_Regression,Alta,Alta
babahoyo,2012-01-01,3,Logistic_Regression,Alta,Alta
cuenca,2012-01-01,3,Logistic_Regression,Alta,Media
esmeraldas,2012-01-01,3,Logistic_Regression,Alta,Alta
guayaquil,2012-01-01,3,Logistic_Regression,Alta,Alta
loja,2012-01-01,3,Logistic_Regression,Alta,Media
machala,2012-01-01,3,Logistic_Regression,Alta,Media
portoviejo,2012-01-01,3,Logistic_Regression,Alta,Alta
puyo,2012-01-01,3,Logistic_Regression,Alta,Alta
quito,2012-01-01,3,Logistic_Regression,Alta,Alta
riobamba,2012-01-01,3,Logistic_Regression,Media,Media
salinas,2012-01-01,3,Logistic_Regression,Media,Baja
tena,2012-01-01,3,Logistic_Regression,Alta,Alta
babahoyo,2012-02-01,3,Logistic_Regression,Alta,Alta
cuenca,2012-02-01,3,Logistic_Regression,Alta,Media
esmeraldas,2012-02-01,3,Logistic_Regression,Alta,Alta
guayaquil,2012-02-01,3,Logistic_Regression,Alta,Alta
loja,2012-02-01,3,Logistic_Regression,Alta,Alta
machala,2012-02-01,3,Logistic_Regression,Alta,Alta
portoviejo,2012-02-01,3,Logistic_Regression,Alta,Alta
puyo,2012-02-01,3,Logistic_Regression,Alta,Alta
quito,2012-02-01,3,Logistic_Regression,Alta,Alta
riobamba,2012-02-01,3,Logistic_Regression,Media,Alta
salinas,2012-02-01,3,Logistic_Regression,Alta,Media
tena,2012-02-01,3,Logistic_Regression,Alta,Alta
babahoyo,2012-03-01,3,Logistic_Regression,Alta,Alta
cuenca,2012-03-01,3,Logistic_Regression,Media,Media
esmeraldas,2012-03-01,3,Logistic_Regression,Alta,Alta
guayaquil,2012-03-01,3,Logistic_Regression,Alta,Alta
loja,2012-03-01,3,Logistic_Regression,Alta,Alta
machala,2012-03-01,3,Logistic_Regression,Alta,Alta
portoviejo,2012-03-01,3,Logistic_Regression,Alta,Alta
puyo,2012-03-01,3,Logistic_Regression,Media,Alta
quito,2012-03-01,3,Logistic_Regression,Alta,Alta
riobamba,2012-03-01,3,Logistic_Regression,Alta,Alta
salinas,2012-03-01,3,Logistic_Regression,Media,Alta
tena,2012-03-01,3,Logistic_Regression,Alta,Alta
babahoyo,2012-04-01,3,Logistic_Regression,Alta,Alta
cuenca,2012-04-01,3,Logistic_Regression,Media,Media
esmeraldas,2012-04-01,3,Logistic_Regression,Alta,Alta
guayaquil,2012-04-01,3,Logistic_Regression,Alta,Alta
loja,2012-04-01,3,Logistic_Regression,Media,Media
machala,2012-04-01,3,Logistic_Regression,Alta,Alta
portoviejo,2012-04-01,3,Logistic_Regression,Alta,Alta
puyo,2012-04-01,3,Logistic_Regression,Alta,Alta
quito,2012-04-01,3,Logistic_Regression,Alta,Alta
riobamba,2012-04-01,3,Logistic_Regression,Media,Media
salinas,2012-04-01,3,Logistic_Regression,Media,Baja
tena,2012-04-01,3,Logistic_Regression,Alta,Alta
babahoyo,2012-05-01,3,Logistic_Regression,Alta,Alta
cuenca,2012-05-01,3,Logistic_Regression,Baja,Media
esmeraldas,2012-05-01,3,Logistic_Regression,Alta,Alta
guayaquil,2012-05-01,3,Logistic_Regression,Alta,Alta
loja,2012-05-01,3,Logistic_Regression,Baja,Media
machala,2012-05-01,3,Logistic_Regression,Media,Media
portoviejo,2012-05-01,3,Logistic_Regression,Media,Media
puyo,2012-05-01,3,Logistic_Regression,Alta,Alta
quito,2012-05-01,3,Logistic_Regression,Alta,Media
riobamba,2012-05-01,3,Logistic_Regression,Media,Media
salinas,2012-05-01,3,Logistic_Regression,Baja,Baja
tena,2012-05-01,3,Logistic_Regression,Alta,Alta
babahoyo,2012-06-01,3,Logistic_Regression,Alta,Alta
cuenca,2012-06-01,3,Logistic_Regression,Baja,Baja
esmeraldas,2012-06-01,3,Logistic_Regression,Media,Alta
guayaquil,2012-06-01,3,Logistic_Regression,Alta,Alta
loja,2012-06-01,3,Logistic_Regression,Baja,Baja
machala,2012-06-01,3,Logistic_Regression,Baja,Baja
portoviejo,2012-06-01,3,Logistic_Regression,Baja,Media
puyo,2012-06-01,3,Logistic_Regression,Media,Media
quito,2012-06-01,3,Logistic_Regression,Media,Media
riobamba,2012-06-01,3,Logistic_Regression,Baja,Baja
salinas,2012-06-01,3,Logistic_Regression,Baja,Baja
tena,2012-06-01,3,Logistic_Regression,Media,Alta
babahoyo,2012-07-01,3,Logistic_Regression,Media,Alta
cuenca,2012-07-01,3,Logistic_Regression,Baja,Baja
esmeraldas,2012-07-01,3,Logistic_Regression,Baja,Baja
guayaquil,2012-07-01,3,Logistic_Regression,Media,Media
loja,2012-07-01,3,Logistic_Regression,Baja,Baja
machala,2012-07-01,3,Logistic_Regression,Baja,Baja
portoviejo,2012-07-01,3,Logistic_Regression,Baja,Baja
puyo,2012-07-01,3,Logistic_Regression,Alta,Media
quito,2012-07-01,3,Logistic_Regression,Baja,Media
riobamba,2012-07-01,3,Logistic_Regression,Baja,Baja
salinas,2012-07-01,3,Logistic_Regression,Baja,Baja
tena,2012-07-01,3,Logistic_Regression,Alta,Media
babahoyo,2012-08-01,3,Logistic_Regression,Media,Media
cuenca,2012-08-01,3,Logistic_Regression,Media,Baja
esmeraldas,2012-08-01,3,Logistic_Regression,Baja,Baja
guayaquil,2012-08-01,3,Logistic_Regression,Media,Baja
loja,2012-08-01,3,Logistic_Regression,Baja,Baja
machala,2012-08-01,3,Logistic_Regression,Baja,Baja
portoviejo,2012-08-01,3,Logistic_Regression,Baja,Baja
puyo,2012-08-01,3,Logistic_Regression,Alta,Media
quito,2012-08-01,3,Logistic_Regression,Baja,Media
riobamba,2012-08-01,3,Logistic_Regression,Baja,Baja
salinas,2012-08-01,3,Logistic_Regression,Baja,Baja
tena,2012-08-01,3,Logistic_Regression,Alta,Alta
babahoyo,2012-09-01,3,Logistic_Regression,Media,Baja
cuenca,2012-09-01,3,Logistic_Regression,Baja,Baja
esmeraldas,2012-09-01,3,Logistic_Regression,Baja,Baja
guayaquil,2012-09-01,3,Logistic_Regression,Media,Baja
loja,2012-09-01,3,Logistic_Regression,Baja,Baja
machala,2012-09-01,3,Logistic_Regression,Baja,Baja
portoviejo,2012-09-01,3,Logistic_Regression,Baja,Baja
puyo,2012-09-01,3,Logistic_Regression,Media,Media
quito,2012-09-01,3,Logistic_Regression,Media,Media
riobamba,2012-09-01,3,Logistic_Regression,Baja,Baja
salinas,2012-09-01,3,Logistic_Regression,Baja,Baja
tena,2012-09-01,3,Logistic_Regression,Media,Media
babahoyo,2012-10-01,3,Logistic_Regression,Baja,Media
cuenca,2012-10-01,3,Logistic_Regression,Media,Media
esmeraldas,2012-10-01,3,Logistic_Regression,Baja,Baja
guayaquil,2012-10-01,3,Logistic_Regression,Baja,Baja
loja,2012-10-01,3,Logistic_Regression,Alta,Media
machala,2012-10-01,3,Logistic_Regression,Baja,Baja
portoviejo,2012-10-01,3,Logistic_Regression,Baja,Baja
puyo,2012-10-01,3,Logistic_Regression,Alta,Media
quito,2012-10-01,3,Logistic_Regression,Alta,Media
riobamba,2012-10-01,3,Logistic_Regression,Alta,Media
salinas,2012-10-01,3,Logistic_Regression,Baja,Baja
tena,2012-10-01,3,Logistic_Regression,Alta,Media
babahoyo,2012-11-01,3,Logistic_Regression,Media,Media
cuenca,2012-11-01,3,Logistic_Regression,Media,Media
esmeraldas,2012-11-01,3,Logistic_Regression,Media,Baja
guayaquil,2012-11-01,3,Logistic_Regression,Baja,Baja
loja,2012-11-01,3,Logistic_Regression,Media,Media
machala,2012-11-01,3,Logistic_Regression,Baja,Baja
portoviejo,2012-11-01,3,Logistic_Regression,Baja,Baja
puyo,2012-11-01,3,Logistic_Regression,Alta,Alta
quito,2012-11-01,3,Logistic_Regression,Alta,Alta
riobamba,2012-11-01,3,Logistic_Regression,Media,Media
salinas,2012-11-01,3,Logistic_Regression,Baja,Baja
tena,2012-11-01,3,Logistic_Regression,Alta,Alta
babahoyo,2012-12-01,3,Logistic_Regression,Media,Alta
cuenca,2012-12-01,3,Logistic_Regression,Media,Media
esmeraldas,2012-12-01,3,Logistic_Regression,Baja,Alta
guayaquil,2012-12-01,3,Logistic_Regression,Baja,Media
loja,2012-12-01,3,Logistic_Regression,Baja,Alta
machala,2012-12-01,3,Logistic_Regression,Baja,Media
portoviejo,2012-12-01,3,Logistic_Regression,Baja,Baja
puyo,2012-12-01,3,Logistic_Regression,Alta,Alta
quito,2012-12-01,3,Logistic_Regression,Alta,Alta
riobamba,2012-12-01,3,Logistic_Regression,Media,Media
salinas,2012-12-01,3,Logistic_Regression,Baja,Baja
tena,2012-12-01,3,Logistic_Regression,Alta,Alta
babahoyo,2013-01-01,3,Logistic_Regression,Alta,Alta
cuenca,2013-01-01,3,Logistic_Regression,Media,Media
esmeraldas,2013-01-01,3,Logistic_Regression,Alta,Alta
guayaquil,2013-01-01,3,Logistic_Regression,Alta,Alta
loja,2013-01-01,3,Logistic_Regression,Media,Media
machala,2013-01-01,3,Logistic_Regression,Media,Media
portoviejo,2013-01-01,3,Logistic_Regression,Media,Alta
puyo,2013-01-01,3,Logistic_Regression,Media,Alta
quito,2013-01-01,3,Logistic_Regression,Media,Alta
riobamba,2013-01-01,3,Logistic_Regression,Media,Media
salinas,2013-01-01,3,Logistic_Regression,Baja,Baja
tena,2013-01-01,3,Logistic_Regression,Media,Alta
babahoyo,2013-02-01,3,Logistic_Regression,Alta,Alta
cuenca,2013-02-01,3,Logistic_Regression,Alta,Media
esmeraldas,2013-02-01,3,Logistic_Regression,Alta,Alta
guayaquil,2013-02-01,3,Logistic_Regression,Alta,Alta
loja,2013-02-01,3,Logistic_Regression,Alta,Media
machala,2013-02-01,3,Logistic_Regression,Media,Alta
portoviejo,2013-02-01,3,Logistic_Regression,Alta,Alta
puyo,2013-02-01,3,Logistic_Regression,Alta,Alta
quito,2013-02-01,3,Logistic_Regression,Alta,Alta
riobamba,2013-02-01,3,Logistic_Regression,Alta,Media
salinas,2013-02-01,3,Logistic_Regression,Media,Media
tena,2013-02-01,3,Logistic_Regression,Alta,Alta
babahoyo,2013-03-01,3,Logistic_Regression,Alta,Alta
cuenca,2013-03-01,3,Logistic_Regression,Media,Media
esmeraldas,2013-03-01,3,Logistic_Regression,Alta,Alta
guayaquil,2013-03-01,3,Logistic_Regression,Alta,Alta
loja,2013-03-01,3,Logistic_Regression,Media,Alta
machala,2013-03-01,3,Logistic_Regression,Alta,Alta
portoviejo,2013-03-01,3,Logistic_Regression,Alta,Alta
puyo,2013-03-01,3,Logistic_Regression,Media,Alta
quito,2013-03-01,3,Logistic_Regression,Alta,Alta
riobamba,2013-03-01,3,Logistic_Regression,Media,Media
salinas,2013-03-01,3,Logistic_Regression,Alta,Media
tena,2013-03-01,3,Logistic_Regression,Alta,Alta
babahoyo,2013-04-01,3,Logistic_Regression,Alta,Alta
cuenca,2013-04-01,3,Logistic_Regression,Baja,Media
esmeraldas,2013-04-01,3,Logistic_Regression,Alta,Alta
guayaquil,2013-04-01,3,Logistic_Regression,Alta,Alta
loja,2013-04-01,3,Logistic_Regression,Baja,Media
machala,2013-04-01,3,Logistic_Regression,Alta,Alta
portoviejo,2013-04-01,3,Logistic_Regression,Media,Alta
puyo,2013-04-01,3,Logistic_Regression,Media,Alta
quito,2013-04-01,3,Logistic_Regression,Alta,Alta
riobamba,2013-04-01,3,Logistic_Regression,Media,Media
salinas,2013-04-01,3,Logistic_Regression,Baja,Media
tena,2013-04-01,3,Logistic_Regression,Alta,Alta
babahoyo,2013-05-01,3,Logistic_Regression,Alta,Alta
cuenca,2013-05-01,3,Logistic_Regression,Media,Baja
esmeraldas,2013-05-01,3,Logistic_Regression,Alta,Alta
guayaquil,2013-05-01,3,Logistic_Regression,Alta,Alta
loja,2013-05-01,3,Logistic_Regression,Baja,Baja
machala,2013-05-01,3,Logistic_Regression,Media,Media
portoviejo,2013-05-01,3,Logistic_Regression,Baja,Media
puyo,2013-05-01,3,Logistic_Regression,Media,Media
quito,2013-05-01,3,Logistic_Regression,Alta,Alta
riobamba,2013-05-01,3,Logistic_Regression,Media,Media
salinas,2013-05-01,3,Logistic_Regression,Baja,Baja
tena,2013-05-01,3,Logistic_Regression,Alta,Alta
babahoyo,2013-06-01,3,Logistic_Regression,Baja,Alta
cuenca,2013-06-01,3,Logistic_Regression,Baja,Baja
esmeraldas,2013-06-01,3,Logistic_Regression,Baja,Media
guayaquil,2013-06-01,3,Logistic_Regression,Baja,Media
loja,2013-06-01,3,Logistic_Regression,Baja,Baja
machala,2013-06-01,3,Logistic_Regression,Baja,Baja
portoviejo,2013-06-01,3,Logistic_Regression,Baja,Baja
puyo,2013-06-01,3,Logistic_Regression,Media,Media
quito,2013-06-01,3,Logistic_Regression,Media,Media
riobamba,2013-06-01,3,Logistic_Regression,Baja,Media
salinas,2013-06-01,3,Logistic_Regression,Baja,Baja
tena,2013-06-01,3,Logistic_Regression,Alta,Alta
babahoyo,2013-07-01,3,Logistic_Regression,Media,Media
cuenca,2013-07-01,3,Logistic_Regression,Baja,Baja
esmeraldas,2013-07-01,3,Logistic_Regression,Baja,Baja
guayaquil,2013-07-01,3,Logistic_Regression,Baja,Baja
loja,2013-07-01,3,Logistic_Regression,Media,Baja
machala,2013-07-01,3,Logistic_Regression,Baja,Baja
portoviejo,2013-07-01,3,Logistic_Regression,Baja,Baja
puyo,2013-07-01,3,Logistic_Regression,Media,Media
quito,2013-07-01,3,Logistic_Regression,Media,Media
riobamba,2013-07-01,3,Logistic_Regression,Baja,Baja
salinas,2013-07-01,3,Logistic_Regression,Baja,Baja
tena,2013-07-01,3,Logistic_Regression,Alta,Media
babahoyo,2013-08-01,3,Logistic_Regression,Baja,Baja
cuenca,2013-08-01,3,Logistic_Regression,Baja,Baja
esmeraldas,2013-08-01,3,Logistic_Regression,Baja,Baja
guayaquil,2013-08-01,3,Logistic_Regression,Baja,Baja
loja,2013-08-01,3,Logistic_Regression,Baja,Baja
machala,2013-08-01,3,Logistic_Regression,Baja,Baja
portoviejo,2013-08-01,3,Logistic_Regression,Baja,Baja
puyo,2013-08-01,3,Logistic_Regression,Media,Media
quito,2013-08-01,3,Logistic_Regression,Media,Media
riobamba,2013-08-01,3,Logistic_Regression,Baja,Baja
salinas,2013-08-01,3,Logistic_Regression,Baja,Baja
tena,2013-08-01,3,Logistic_Regression,Alta,Alta
babahoyo,2013-09-01,3,Logistic_Regression,Media,Baja
cuenca,2013-09-01,3,Logistic_Regression,Baja,Baja
esmeraldas,2013-09-01,3,Logistic_Regression,Media,Baja
guayaquil,2013-09-01,3,Logistic_Regression,Baja,Baja
loja,2013-09-01,3,Logistic_Regression,Baja,Baja
machala,2013-09-01,3,Logistic_Regression,Baja,Baja
portoviejo,2013-09-01,3,Logistic_Regression,Baja,Baja
puyo,2013-09-01,3,Logistic_Regression,Baja,Media
quito,2013-09-01,3,Logistic_Regression,Alta,Media
riobamba,2013-09-01,3,Logistic_Regression,Baja,Baja
salinas,2013-09-01,3,Logistic_Regression,Baja,Baja
tena,2013-09-01,3,Logistic_Regression,Media,Alta
babahoyo,2013-10-01,3,Logistic_Regression,Baja,Media
cuenca,2013-10-01,3,Logistic_Regression,Media,Baja
esmeraldas,2013-10-01,3,Logistic_Regression,Baja,Baja
guayaquil,2013-10-01,3,Logistic_Regression,Baja,Baja
loja,2013-10-01,3,Logistic_Regression,Media,Media
machala,2013-10-01,3,Logistic_Regression,Baja,Baja
portoviejo,2013-10-01,3,Logistic_Regression,Baja,Baja
puyo,2013-10-01,3,Logistic_Regression,Baja,Media
quito,2013-10-01,3,Logistic_Regression,Alta,Alta
riobamba,2013-10-01,3,Logistic_Regression,Media,Media
salinas,2013-10-01,3,Logistic_Regression,Baja,Baja
tena,2013-10-01,3,Logistic_Regression,Alta,Media
babahoyo,2013-11-01,3,Logistic_Regression,Media,Media
cuenca,2013-11-01,3,Logistic_Regression,Alta,Media
esmeraldas,2013-11-01,3,Logistic_Regression,Baja,Baja
guayaquil,2013-11-01,3,Logistic_Regression,Baja,Baja
loja,2013-11-01,3,Logistic_Regression,Baja,Media
machala,2013-11-01,3,Logistic_Regression,Baja,Baja
portoviejo,2013-11-01,3,Logistic_Regression,Baja,Baja
puyo,2013-11-01,3,Logistic_Regression,Alta,Media
quito,2013-11-01,3,Logistic_Regression,Media,Alta
riobamba,2013-11-01,3,Logistic_Regression,Media,Media
salinas,2013-11-01,3,Logistic_Regression,Baja,Baja
tena,2013-11-01,3,Logistic_Regression,Alta,Alta
babahoyo,2013-12-01,3,Logistic_Regression,Media,Media
cuenca,2013-12-01,3,Logistic_Regression,Alta,Media
esmeraldas,2013-12-01,3,Logistic_Regression,Baja,Media
guayaquil,2013-12-01,3,Logistic_Regression,Baja,Media
loja,2013-12-01,3,Logistic_Regression,Baja,Media
machala,2013-12-01,3,Logistic_Regression,Baja,Baja
portoviejo,2013-12-01,3,Logistic_Regression,Baja,Baja
puyo,2013-12-01,3,Logistic_Regression,Alta,Alta
quito,2013-12-01,3,Logistic_Regression,Media,Alta
riobamba,2013-12-01,3,Logistic_Regression,Media,Media
salinas,2013-12-01,3,Logistic_Regression,Baja,Baja
tena,2013-12-01,3,Logistic_Regression,Alta,Alta
babahoyo,2014-01-01,4,Logistic_Regression,Alta,Alta
cuenca,2014-01-01,4,Logistic_Regression,Alta,Media
esmeraldas,2014-01-01,4,Logistic_Regression,Alta,Alta
guayaquil,2014-01-01,4,Logistic_Regression,Alta,Alta
loja,2014-01-01,4,Logistic_Regression,Media,Media
machala,2014-01-01,4,Logistic_Regression,Media,Media
portoviejo,2014-01-01,4,Logistic_Regression,Alta,Alta
puyo,2014-01-01,4,Logistic_Regression,Alta,Alta
quito,2014-01-01,4,Logistic_Regression,Alta,Alta
riobamba,2014-01-01,4,Logistic_Regression,Media,Media
salinas,2014-01-01,4,Logistic_Regression,Baja,Baja
tena,2014-01-01,4,Logistic_Regression,Alta,Alta
babahoyo,2014-02-01,4,Logistic_Regression,Alta,Alta
cuenca,2014-02-01,4,Logistic_Regression,Media,Media
esmeraldas,2014-02-01,4,Logistic_Regression,Alta,Alta
guayaquil,2014-02-01,4,Logistic_Regression,Media,Alta
loja,2014-02-01,4,Logistic_Regression,Media,Media
machala,2014-02-01,4,Logistic_Regression,Baja,Media
portoviejo,2014-02-01,4,Logistic_Regression,Media,Alta
puyo,2014-02-01,4,Logistic_Regression,Alta,Alta
quito,2014-02-01,4,Logistic_Regression,Alta,Alta
riobamba,2014-02-01,4,Logistic_Regression,Media,Alta
salinas,2014-02-01,4,Logistic_Regression,Baja,Media
tena,2014-02-01,4,Logistic_Regression,Alta,Alta
babahoyo,2014-03-01,4,Logistic_Regression,Alta,Alta
cuenca,2014-03-01,4,Logistic_Regression,Media,Media
esmeraldas,2014-03-01,4,Logistic_Regression,Media,Alta
guayaquil,2014-03-01,4,Logistic_Regression,Alta,Alta
loja,2014-03-01,4,Logistic_Regression,Media,Media
machala,2014-03-01,4,Logistic_Regression,Media,Media
portoviejo,2014-03-01,4,Logistic_Regression,Media,Alta
puyo,2014-03-01,4,Logistic_Regression,Alta,Alta
quito,2014-03-01,4,Logistic_Regression,Alta,Alta
riobamba,2014-03-01,4,Logistic_Regression,Alta,Media
salinas,2014-03-01,4,Logistic_Regression,Baja,Baja
tena,2014-03-01,4,Logistic_Regression,Alta,Alta
babahoyo,2014-04-01,4,Logistic_Regression,Alta,Alta
cuenca,2014-04-01,4,Logistic_Regression,Baja,Media
esmeraldas,2014-04-01,4,Logistic_Regression,Alta,Alta
guayaquil,2014-04-01,4,Logistic_Regression,Alta,Alta
loja,2014-04-01,4,Logistic_Regression,Baja,Media
machala,2014-04-01,4,Logistic_Regression,Media,Media
portoviejo,2014-04-01,4,Logistic_Regression,Media,Media
puyo,2014-04-01,4,Logistic_Regression,Media,Alta
quito,2014-04-01,4,Logistic_Regression,Media,Alta
riobamba,2014-04-01,4,Logistic_Regression,Media,Media
salinas,2014-04-01,4,Logistic_Regression,Baja,Baja
tena,2014-04-01,4,Logistic_Regression,Alta,Alta
babahoyo,2014-05-01,4,Logistic_Regression,Alta,Alta
cuenca,2014-05-01,4,Logistic_Regression,Alta,Baja
esmeraldas,2014-05-01,4,Logistic_Regression,Media,Alta
guayaquil,2014-05-01,4,Logistic_Regression,Alta,Alta
loja,2014-05-01,4,Logistic_Regression,Media,Baja
machala,2014-05-01,4,Logistic_Regression,Alta,Baja
portoviejo,2014-05-01,4,Logistic_Regression,Baja,Media
puyo,2014-05-01,4,Logistic_Regression,Alta,Media
quito,2014-05-01,4,Logistic_Regression,Alta,Media
riobamba,2014-05-01,4,Logistic_Regression,Media,Media
salinas,2014-05-01,4,Logistic_Regression,Baja,Baja
tena,2014-05-01,4,Logistic_Regression,Alta,Alta
babahoyo,2014-06-01,4,Logistic_Regression,Alta,Alta
cuenca,2014-06-01,4,Logistic_Regression,Baja,Baja
esmeraldas,2014-06-01,4,Logistic_Regression,Alta,Baja
guayaquil,2014-06-01,4,Logistic_Regression,Media,Media
loja,2014-06-01,4,Logistic_Regression,Media,Baja
machala,2014-06-01,4,Logistic_Regression,Baja,Media
portoviejo,2014-06-01,4,Logistic_Regression,Baja,Baja
puyo,2014-06-01,4,Logistic_Regression,Alta,Media
quito,2014-06-01,4,Logistic_Regression,Media,Media
riobamba,2014-06-01,4,Logistic_Regression,Baja,Media
salinas,2014-06-01,4,Logistic_Regression,Baja,Baja
tena,2014-06-01,4,Logistic_Regression,Alta,Alta
babahoyo,2014-07-01,4,Logistic_Regression,Alta,Media
cuenca,2014-07-01,4,Logistic_Regression,Baja,Baja
esmeraldas,2014-07-01,4,Logistic_Regression,Media,Baja
guayaquil,2014-07-01,4,Logistic_Regression,Media,Baja
loja,2014-07-01,4,Logistic_Regression,Baja,Baja
machala,2014-07-01,4,Logistic_Regression,Baja,Baja
portoviejo,2014-07-01,4,Logistic_Regression,Baja,Baja
puyo,2014-07-01,4,Logistic_Regression,Media,Media
quito,2014-07-01,4,Logistic_Regression,Baja,Media
riobamba,2014-07-01,4,Logistic_Regression,Baja,Baja
salinas,2014-07-01,4,Logistic_Regression,Baja,Baja
tena,2014-07-01,4,Logistic_Regression,Alta,Alta
babahoyo,2014-08-01,4,Logistic_Regression,Alta,Media
cuenca,2014-08-01,4,Logistic_Regression,Baja,Baja
esmeraldas,2014-08-01,4,Logistic_Regression,Media,Baja
guayaquil,2014-08-01,4,Logistic_Regression,Alta,Baja
loja,2014-08-01,4,Logistic_Regression,Baja,Baja
machala,2014-08-01,4,Logistic_Regression,Baja,Baja
portoviejo,2014-08-01,4,Logistic_Regression,Baja,Baja
puyo,2014-08-01,4,Logistic_Regression,Media,Media
quito,2014-08-01,4,Logistic_Regression,Baja,Baja
riobamba,2014-08-01,4,Logistic_Regression,Baja,Baja
salinas,2014-08-01,4,Logistic_Regression,Baja,Baja
tena,2014-08-01,4,Logistic_Regression,Media,Alta
babahoyo,2014-09-01,4,Logistic_Regression,Alta,Media
cuenca,2014-09-01,4,Logistic_Regression,Baja,Baja
esmeraldas,2014-09-01,4,Logistic_Regression,Media,Baja
guayaquil,2014-09-01,4,Logistic_Regression,Media,Baja
loja,2014-09-01,4,Logistic_Regression,Baja,Baja
machala,2014-09-01,4,Logistic_Regression,Baja,Baja
portoviejo,2014-09-01,4,Logistic_Regression,Baja,Baja
puyo,2014-09-01,4,Logistic_Regression,Baja,Media
quito,2014-09-01,4,Logistic_Regression,Media,Media
riobamba,2014-09-01,4,Logistic_Regression,Baja,Baja
salinas,2014-09-01,4,Logistic_Regression,Baja,Baja
tena,2014-09-01,4,Logistic_Regression,Baja,Media
babahoyo,2014-10-01,4,Logistic_Regression,Alta,Media
cuenca,2014-10-01,4,Logistic_Regression,Media,Baja
esmeraldas,2014-10-01,4,Logistic_Regression,Baja,Baja
guayaquil,2014-10-01,4,Logistic_Regression,Media,Baja
loja,2014-10-01,4,Logistic_Regression,Baja,Baja
machala,2014-10-01,4,Logistic_Regression,Baja,Baja
portoviejo,2014-10-01,4,Logistic_Regression,Baja,Baja
puyo,2014-10-01,4,Logistic_Regression,Media,Media
quito,2014-10-01,4,Logistic_Regression,Alta,Alta
riobamba,2014-10-01,4,Logistic_Regression,Media,Media
salinas,2014-10-01,4,Logistic_Regression,Baja,Baja
tena,2014-10-01,4,Logistic_Regression,Alta,Media
babahoyo,2014-11-01,4,Logistic_Regression,Baja,Media
cuenca,2014-11-01,4,Logistic_Regression,Alta,Media
esmeraldas,2014-11-01,4,Logistic_Regression,Baja,Baja
guayaquil,2014-11-01,4,Logistic_Regression,Baja,Media
loja,2014-11-01,4,Logistic_Regression,Media,Media
machala,2014-11-01,4,Logistic_Regression,Baja,Baja
portoviejo,2014-11-01,4,Logistic_Regression,Baja,Baja
puyo,2014-11-01,4,Logistic_Regression,Alta,Alta
quito,2014-11-01,4,Logistic_Regression,Media,Alta
riobamba,2014-11-01,4,Logistic_Regression,Media,Media
salinas,2014-11-01,4,Logistic_Regression,Baja,Baja
tena,2014-11-01,4,Logistic_Regression,Alta,Alta
babahoyo,2014-12-01,4,Logistic_Regression,Alta,Media
cuenca,2014-12-01,4,Logistic_Regression,Media,Media
esmeraldas,2014-12-01,4,Logistic_Regression,Media,Baja
guayaquil,2014-12-01,4,Logistic_Regression,Media,Baja
loja,2014-12-01,4,Logistic_Regression,Media,Media
machala,2014-12-01,4,Logistic_Regression,Media,Baja
portoviejo,2014-12-01,4,Logistic_Regression,Baja,Baja
puyo,2014-12-01,4,Logistic_Regression,Media,Alta
quito,2014-12-01,4,Logistic_Regression,Alta,Alta
riobamba,2014-12-01,4,Logistic_Regression,Media,Media
salinas,2014-12-01,4,Logistic_Regression,Baja,Baja
tena,2014-12-01,4,Logistic_Regression,Alta,Alta
babahoyo,2015-01-01,4,Logistic_Regression,Alta,Alta
cuenca,2015-01-01,4,Logistic_Regression,Alta,Media
esmeraldas,2015-01-01,4,Logistic_Regression,Alta,Alta
guayaquil,2015-01-01,4,Logistic_Regression,Alta,Alta
loja,2015-01-01,4,Logistic_Regression,Media,Media
machala,2015-01-01,4,Logistic_Regression,Alta,Media
portoviejo,2015-01-01,4,Logistic_Regression,Media,Alta
puyo,2015-01-01,4,Logistic_Regression,Media,Alta
quito,2015-01-01,4,Logistic_Regression,Alta,Alta
riobamba,2015-01-01,4,Logistic_Regression,Media,Media
salinas,2015-01-01,4,Logistic_Regression,Baja,Baja
tena,2015-01-01,4,Logistic_Regression,Alta,Alta
babahoyo,2015-02-01,4,Logistic_Regression,Alta,Alta
cuenca,2015-02-01,4,Logistic_Regression,Media,Media
esmeraldas,2015-02-01,4,Logistic_Regression,Media,Alta
guayaquil,2015-02-01,4,Logistic_Regression,Alta,Alta
loja,2015-02-01,4,Logistic_Regression,Baja,Media
machala,2015-02-01,4,Logistic_Regression,Media,Alta
portoviejo,2015-02-01,4,Logistic_Regression,Baja,Alta
puyo,2015-02-01,4,Logistic_Regression,Alta,Alta
quito,2015-02-01,4,Logistic_Regression,Media,Alta
riobamba,2015-02-01,4,Logistic_Regression,Baja,Media
salinas,2015-02-01,4,Logistic_Regression,Baja,Baja
tena,2015-02-01,4,Logistic_Regression,Alta,Alta
babahoyo,2015-03-01,4,Logistic_Regression,Alta,Alta
cuenca,2015-03-01,4,Logistic_Regression,Alta,Media
esmeraldas,2015-03-01,4,Logistic_Regression,Media,Alta
guayaquil,2015-03-01,4,Logistic_Regression,Alta,Alta
loja,2015-03-01,4,Logistic_Regression,Alta,Media
machala,2015-03-01,4,Logistic_Regression,Alta,Media
portoviejo,2015-03-01,4,Logistic_Regression,Alta,Media
puyo,2015-03-01,4,Logistic_Regression,Alta,Alta
quito,2015-03-01,4,Logistic_Regression,Alta,Alta
riobamba,2015-03-01,4,Logistic_Regression,Alta,Media
salinas,2015-03-01,4,Logistic_Regression,Media,Baja
tena,2015-03-01,4,Logistic_Regression,Alta,Alta
babahoyo,2015-04-01,4,Logistic_Regression,Alta,Alta
cuenca,2015-04-01,4,Logistic_Regression,Media,Media
esmeraldas,2015-04-01,4,Logistic_Regression,Alta,Alta
guayaquil,2015-04-01,4,Logistic_Regression,Alta,Alta
loja,2015-04-01,4,Logistic_Regression,Media,Media
machala,2015-04-01,4,Logistic_Regression,Alta,Alta
portoviejo,2015-04-01,4,Logistic_Regression,Media,Alta
puyo,2015-04-01,4,Logistic_Regression,Media,Alta
quito,2015-04-01,4,Logistic_Regression,Media,Alta
riobamba,2015-04-01,4,Logistic_Regression,Alta,Media
salinas,2015-04-01,4,Logistic_Regression,Baja,Baja
tena,2015-04-01,4,Logistic_Regression,Media,Alta
babahoyo,2015-05-01,4,Logistic_Regression,Alta,Alta
cuenca,2015-05-01,4,Logistic_Regression,Baja,Media
esmeraldas,2015-05-01,4,Logistic_Regression,Alta,Alta
guayaquil,2015-05-01,4,Logistic_Regression,Alta,Alta
loja,2015-05-01,4,Logistic_Regression,Baja,Media
machala,2015-05-01,4,Logistic_Regression,Alta,Alta
portoviejo,2015-05-01,4,Logistic_Regression,Media,Media
puyo,2015-05-01,4,Logistic_Regression,Media,Alta
quito,2015-05-01,4,Logistic_Regression,Media,Media
riobamba,2015-05-01,4,Logistic_Regression,Baja,Media
salinas,2015-05-01,4,Logistic_Regression,Baja,Baja
tena,2015-05-01,4,Logistic_Regression,Alta,Alta
babahoyo,2015-06-01,4,Logistic_Regression,Alta,Alta
cuenca,2015-06-01,4,Logistic_Regression,Baja,Baja
esmeraldas,2015-06-01,4,Logistic_Regression,Alta,Alta
guayaquil,2015-06-01,4,Logistic_Regression,Alta,Alta
loja,2015-06-01,4,Logistic_Regression,Baja,Baja
machala,2015-06-01,4,Logistic_Regression,Baja,Media
portoviejo,2015-06-01,4,Logistic_Regression,Media,Baja
puyo,2015-06-01,4,Logistic_Regression,Media,Media
quito,2015-06-01,4,Logistic_Regression,Media,Media
riobamba,2015-06-01,4,Logistic_Regression,Baja,Baja
salinas,2015-06-01,4,Logistic_Regression,Baja,Baja
tena,2015-06-01,4,Logistic_Regression,Alta,Alta
babahoyo,2015-07-01,4,Logistic_Regression,Alta,Alta
cuenca,2015-07-01,4,Logistic_Regression,Baja,Baja
esmeraldas,2015-07-01,4,Logistic_Regression,Media,Baja
guayaquil,2015-07-01,4,Logistic_Regression,Alta,Alta
loja,2015-07-01,4,Logistic_Regression,Baja,Baja
machala,2015-07-01,4,Logistic_Regression,Baja,Baja
portoviejo,2015-07-01,4,Logistic_Regression,Baja,Baja
puyo,2015-07-01,4,Logistic_Regression,Baja,Media
quito,2015-07-01,4,Logistic_Regression,Media,Media
riobamba,2015-07-01,4,Logistic_Regression,Baja,Baja
salinas,2015-07-01,4,Logistic_Regression,Baja,Baja
tena,2015-07-01,4,Logistic_Regression,Alta,Alta
babahoyo,2015-08-01,4,Logistic_Regression,Baja,Alta
cuenca,2015-08-01,4,Logistic_Regression,Baja,Baja
esmeraldas,2015-08-01,4,Logistic_Regression,Media,Media
guayaquil,2015-08-01,4,Logistic_Regression,Baja,Media
loja,2015-08-01,4,Logistic_Regression,Baja,Baja
machala,2015-08-01,4,Logistic_Regression,Baja,Baja
portoviejo,2015-08-01,4,Logistic_Regression,Baja,Baja
puyo,2015-08-01,4,Logistic_Regression,Baja,Media
quito,2015-08-01,4,Logistic_Regression,Baja,Media
riobamba,2015-08-01,4,Logistic_Regression,Baja,Baja
salinas,2015-08-01,4,Logistic_Regression,Baja,Baja
tena,2015-08-01,4,Logistic_Regression,Media,Alta
babahoyo,2015-09-01,4,Logistic_Regression,Media,Media
cuenca,2015-09-01,4,Logistic_Regression,Baja,Baja
esmeraldas,2015-09-01,4,Logistic_Regression,Baja,Baja
guayaquil,2015-09-01,4,Logistic_Regression,Baja,Baja
loja,2015-09-01,4,Logistic_Regression,Baja,Baja
machala,2015-09-01,4,Logistic_Regression,Baja,Baja
portoviejo,2015-09-01,4,Logistic_Regression,Baja,Baja
puyo,2015-09-01,4,Logistic_Regression,Baja,Baja
quito,2015-09-01,4,Logistic_Regression,Media,Media
riobamba,2015-09-01,4,Logistic_Regression,Baja,Baja
salinas,2015-09-01,4,Logistic_Regression,Baja,Baja
tena,2015-09-01,4,Logistic_Regression,Baja,Media
babahoyo,2015-10-01,4,Logistic_Regression,Alta,Alta
cuenca,2015-10-01,4,Logistic_Regression,Media,Baja
esmeraldas,2015-10-01,4,Logistic_Regression,Alta,Baja
guayaquil,2015-10-01,4,Logistic_Regression,Media,Baja
loja,2015-10-01,4,Logistic_Regression,Baja,Baja
machala,2015-10-01,4,Logistic_Regression,Baja,Baja
portoviejo,2015-10-01,4,Logistic_Regression,Baja,Baja
puyo,2015-10-01,4,Logistic_Regression,Media,Media
quito,2015-10-01,4,Logistic_Regression,Alta,Alta
riobamba,2015-10-01,4,Logistic_Regression,Media,Baja
salinas,2015-10-01,4,Logistic_Regression,Baja,Baja
tena,2015-10-01,4,Logistic_Regression,Alta,Media
babahoyo,2015-11-01,4,Logistic_Regression,Alta,Alta
cuenca,2015-11-01,4,Logistic_Regression,Baja,Media
esmeraldas,2015-11-01,4,Logistic_Regression,Alta,Media
guayaquil,2015-11-01,4,Logistic_Regression,Media,Media
loja,2015-11-01,4,Logistic_Regression,Media,Media
machala,2015-11-01,4,Logistic_Regression,Alta,Baja
portoviejo,2015-11-01,4,Logistic_Regression,Baja,Baja
puyo,2015-11-01,4,Logistic_Regression,Alta,Alta
quito,2015-11-01,4,Logistic_Regression,Alta,Alta
riobamba,2015-11-01,4,Logistic_Regression,Media,Media
salinas,2015-11-01,4,Logistic_Regression,Baja,Baja
tena,2015-11-01,4,Logistic_Regression,Alta,Alta
babahoyo,2015-12-01,4,Logistic_Regression,Alta,Alta
cuenca,2015-12-01,4,Logistic_Regression,Baja,Media
esmeraldas,2015-12-01,4,Logistic_Regression,Alta,Alta
guayaquil,2015-12-01,4,Logistic_Regression,Alta,Media
loja,2015-12-01,4,Logistic_Regression,Baja,Media
machala,2015-12-01,4,Logistic_Regression,Media,Media
portoviejo,2015-12-01,4,Logistic_Regression,Media,Baja
puyo,2015-12-01,4,Logistic_Regression,Alta,Alta
quito,2015-12-01,4,Logistic_Regression,Media,Alta
riobamba,2015-12-01,4,Logistic_Regression,Media,Media
salinas,2015-12-01,4,Logistic_Regression,Baja,Baja
tena,2015-12-01,4,Logistic_Regression,Alta,Alta
babahoyo,2016-01-01,4,Logistic_Regression,Alta,Alta
cuenca,2016-01-01,4,Logistic_Regression,Media,Baja
esmeraldas,2016-01-01,4,Logistic_Regression,Alta,Alta
guayaquil,2016-01-01,4,Logistic_Regression,Alta,Alta
loja,2016-01-01,4,Logistic_Regression,Alta,Media
machala,2016-01-01,4,Logistic_Regression,Alta,Media
portoviejo,2016-01-01,4,Logistic_Regression,Alta,Alta
puyo,2016-01-01,4,Logistic_Regression,Media,Alta
quito,2016-01-01,4,Logistic_Regression,Alta,Alta
riobamba,2016-01-01,4,Logistic_Regression,Media,Media
salinas,2016-01-01,4,Logistic_Regression,Baja,Baja
tena,2016-01-01,4,Logistic_Regression,Media,Alta
babahoyo,2016-02-01,4,Logistic_Regression,Alta,Alta
cuenca,2016-02-01,4,Logistic_Regression,Media,Media
esmeraldas,2016-02-01,4,Logistic_Regression,Alta,Alta
guayaquil,2016-02-01,4,Logistic_Regression,Alta,Alta
loja,2016-02-01,4,Logistic_Regression,Media,Alta
machala,2016-02-01,4,Logistic_Regression,Alta,Media
portoviejo,2016-02-01,4,Logistic_Regression,Alta,Media
puyo,2016-02-01,4,Logistic_Regression,Alta,Alta
quito,2016-02-01,4,Logistic_Regression,Alta,Alta
riobamba,2016-02-01,4,Logistic_Regression,Media,Media
salinas,2016-02-01,4,Logistic_Regression,Media,Baja
tena,2016-02-01,4,Logistic_Regression,Alta,Alta
babahoyo,2016-03-01,4,Logistic_Regression,Alta,Alta
cuenca,2016-03-01,4,Logistic_Regression,Media,Media
esmeraldas,2016-03-01,4,Logistic_Regression,Alta,Alta
guayaquil,2016-03-01,4,Logistic_Regression,Alta,Alta
loja,2016-03-01,4,Logistic_Regression,Alta,Media
machala,2016-03-01,4,Logistic_Regression,Alta,Alta
portoviejo,2016-03-01,4,Logistic_Regression,Alta,Alta
puyo,2016-03-01,4,Logistic_Regression,Media,Alta
quito,2016-03-01,4,Logistic_Regression,Alta,Alta
riobamba,2016-03-01,4,Logistic_Regression,Media,Media
salinas,2016-03-01,4,Logistic_Regression,Alta,Media
tena,2016-03-01,4,Logistic_Regression,Alta,Alta
babahoyo,2016-04-01,4,Logistic_Regression,Alta,Alta
cuenca,2016-04-01,4,Logistic_Regression,Alta,Media
esmeraldas,2016-04-01,4,Logistic_Regression,Alta,Alta
guayaquil,2016-04-01,4,Logistic_Regression,Alta,Alta
loja,2016-04-01,4,Logistic_Regression,Media,Media
machala,2016-04-01,4,Logistic_Regression,Alta,Alta
portoviejo,2016-04-01,4,Logistic_Regression,Alta,Alta
puyo,2016-04-01,4,Logistic_Regression,Alta,Alta
quito,2016-04-01,4,Logistic_Regression,Alta,Alta
riobamba,2016-04-01,4,Logistic_Regression,Media,Media
salinas,2016-04-01,4,Logistic_Regression,Baja,Baja
tena,2016-04-01,4,Logistic_Regression,Alta,Alta
babahoyo,2016-05-01,4,Logistic_Regression,Alta,Alta
cuenca,2016-05-01,4,Logistic_Regression,Baja,Media
esmeraldas,2016-05-01,4,Logistic_Regression,Alta,Alta
guayaquil,2016-05-01,4,Logistic_Regression,Alta,Alta
loja,2016-05-01,4,Logistic_Regression,Baja,Media
machala,2016-05-01,4,Logistic_Regression,Media,Alta
portoviejo,2016-05-01,4,Logistic_Regression,Baja,Media
puyo,2016-05-01,4,Logistic_Regression,Media,Alta
quito,2016-05-01,4,Logistic_Regression,Alta,Alta
riobamba,2016-05-01,4,Logistic_Regression,Baja,Media
salinas,2016-05-01,4,Logistic_Regression,Baja,Baja
tena,2016-05-01,4,Logistic_Regression,Alta,Alta
babahoyo,2016-06-01,4,Logistic_Regression,Baja,Alta
cuenca,2016-06-01,4,Logistic_Regression,Baja,Baja
esmeraldas,2016-06-01,4,Logistic_Regression,Media,Media
guayaquil,2016-06-01,4,Logistic_Regression,Baja,Media
loja,2016-06-01,4,Logistic_Regression,Baja,Baja
machala,2016-06-01,4,Logistic_Regression,Baja,Baja
portoviejo,2016-06-01,4,Logistic_Regression,Baja,Baja
puyo,2016-06-01,4,Logistic_Regression,Alta,Media
quito,2016-06-01,4,Logistic_Regression,Media,Media
riobamba,2016-06-01,4,Logistic_Regression,Media,Baja
salinas,2016-06-01,4,Logistic_Regression,Baja,Baja
tena,2016-06-01,4,Logistic_Regression,Alta,Alta
babahoyo,2016-07-01,4,Logistic_Regression,Media,Baja
cuenca,2016-07-01,4,Logistic_Regression,Baja,Baja
esmeraldas,2016-07-01,4,Logistic_Regression,Baja,Baja
guayaquil,2016-07-01,4,Logistic_Regression,Media,Baja
loja,2016-07-01,4,Logistic_Regression,Baja,Baja
machala,2016-07-01,4,Logistic_Regression,Baja,Baja
portoviejo,2016-07-01,4,Logistic_Regression,Baja,Baja
puyo,2016-07-01,4,Logistic_Regression,Media,Media
quito,2016-07-01,4,Logistic_Regression,Media,Media
riobamba,2016-07-01,4,Logistic_Regression,Baja,Baja
salinas,2016-07-01,4,Logistic_Regression,Baja,Baja
tena,2016-07-01,4,Logistic_Regression,Alta,Alta
babahoyo,2016-08-01,4,Logistic_Regression,Media,Baja
cuenca,2016-08-01,4,Logistic_Regression,Baja,Baja
esmeraldas,2016-08-01,4,Logistic_Regression,Baja,Baja
guayaquil,2016-08-01,4,Logistic_Regression,Baja,Baja
loja,2016-08-01,4,Logistic_Regression,Baja,Baja
machala,2016-08-01,4,Logistic_Regression,Baja,Baja
portoviejo,2016-08-01,4,Logistic_Regression,Baja,Baja
puyo,2016-08-01,4,Logistic_Regression,Baja,Baja
quito,2016-08-01,4,Logistic_Regression,Baja,Media
riobamba,2016-08-01,4,Logistic_Regression,Baja,Baja
salinas,2016-08-01,4,Logistic_Regression,Baja,Baja
tena,2016-08-01,4,Logistic_Regression,Media,Media
babahoyo,2016-09-01,4,Logistic_Regression,Alta,Baja
cuenca,2016-09-01,4,Logistic_Regression,Baja,Baja
esmeraldas,2016-09-01,4,Logistic_Regression,Media,Baja
guayaquil,2016-09-01,4,Logistic_Regression,Media,Baja
loja,2016-09-01,4,Logistic_Regression,Baja,Baja
machala,2016-09-01,4,Logistic_Regression,Baja,Baja
portoviejo,2016-09-01,4,Logistic_Regression,Baja,Baja
puyo,2016-09-01,4,Logistic_Regression,Media,Baja
quito,2016-09-01,4,Logistic_Regression,Media,Media
riobamba,2016-09-01,4,Logistic_Regression,Baja,Baja
salinas,2016-09-01,4,Logistic_Regression,Baja,Baja
tena,2016-09-01,4,Logistic_Regression,Media,Media
babahoyo,2016-10-01,4,Logistic_Regression,Media,Alta
cuenca,2016-10-01,4,Logistic_Regression,Media,Baja
esmeraldas,2016-10-01,4,Logistic_Regression,Baja,Media
guayaquil,2016-10-01,4,Logistic_Regression,Baja,Media
loja,2016-10-01,4,Logistic_Regression,Baja,Baja
machala,2016-10-01,4,Logistic_Regression,Baja,Baja
portoviejo,2016-10-01,4,Logistic_Regression,Baja,Baja
puyo,2016-10-01,4,Logistic_Regression,Alta,Media
quito,2016-10-01,4,Logistic_Regression,Alta,Alta
riobamba,2016-10-01,4,Logistic_Regression,Media,Media
salinas,2016-10-01,4,Logistic_Regression,Baja,Baja
tena,2016-10-01,4,Logistic_Regression,Alta,Alta
babahoyo,2016-11-01,4,Logistic_Regression,Media,Media
cuenca,2016-11-01,4,Logistic_Regression,Media,Media
esmeraldas,2016-11-01,4,Logistic_Regression,Baja,Baja
guayaquil,2016-11-01,4,Logistic_Regression,Baja,Baja
loja,2016-11-01,4,Logistic_Regression,Baja,Media
machala,2016-11-01,4,Logistic_Regression,Baja,Baja
portoviejo,2016-11-01,4,Logistic_Regression,Baja,Baja
puyo,2016-11-01,4,Logistic_Regression,Alta,Alta
quito,2016-11-01,4,Logistic_Regression,Alta,Alta
riobamba,2016-11-01,4,Logistic_Regression,Baja,Media
salinas,2016-11-01,4,Logistic_Regression,Baja,Baja
tena,2016-11-01,4,Logistic_Regression,Alta,Alta
babahoyo,2016-12-01,4,Logistic_Regression,Media,Alta
cuenca,2016-12-01,4,Logistic_Regression,Media,Baja
esmeraldas,2016-12-01,4,Logistic_Regression,Baja,Media
guayaquil,2016-12-01,4,Logistic_Regression,Baja,Media
loja,2016-12-01,4,Logistic_Regression,Media,Baja
machala,2016-12-01,4,Logistic_Regression,Baja,Baja
portoviejo,2016-12-01,4,Logistic_Regression,Baja,Baja
puyo,2016-12-01,4,Logistic_Regression,Alta,Alta
quito,2016-12-01,4,Logistic_Regression,Alta,Alta
riobamba,2016-12-01,4,Logistic_Regression,Media,Media
salinas,2016-12-01,4,Logistic_Regression,Baja,Baja
tena,2016-12-01,4,Logistic_Regression,Alta,Alta
babahoyo,2017-01-01,4,Logistic_Regression,Alta,Alta
cuenca,2017-01-01,4,Logistic_Regression,Media,Media
esmeraldas,2017-01-01,4,Logistic_Regression,Alta,Alta
guayaquil,2017-01-01,4,Logistic_Regression,Alta,Alta
loja,2017-01-01,4,Logistic_Regression,Alta,Alta
machala,2017-01-01,4,Logistic_Regression,Alta,Media
portoviejo,2017-01-01,4,Logistic_Regression,Media,Alta
puyo,2017-01-01,4,Logistic_Regression,Alta,Alta
quito,2017-01-01,4,Logistic_Regression,Alta,Alta
riobamba,2017-01-01,4,Logistic_Regression,Alta,Alta
salinas,2017-01-01,4,Logistic_Regression,Baja,Baja
tena,2017-01-01,4,Logistic_Regression,Alta,Alta
babahoyo,2017-02-01,4,Logistic_Regression,Alta,Alta
cuenca,2017-02-01,4,Logistic_Regression,Alta,Media
esmeraldas,2017-02-01,4,Logistic_Regression,Alta,Alta
guayaquil,2017-02-01,4,Logistic_Regression,Alta,Alta
loja,2017-02-01,4,Logistic_Regression,Alta,Media
machala,2017-02-01,4,Logistic_Regression,Alta,Alta
portoviejo,2017-02-01,4,Logistic_Regression,Alta,Alta
puyo,2017-02-01,4,Logistic_Regression,Alta,Alta
quito,2017-02-01,4,Logistic_Regression,Alta,Alta
riobamba,2017-02-01,4,Logistic_Regression,Media,Media
salinas,2017-02-01,4,Logistic_Regression,Media,Baja
tena,2017-02-01,4,Logistic_Regression,Alta,Alta
babahoyo,2017-03-01,4,Logistic_Regression,Alta,Alta
cuenca,2017-03-01,4,Logistic_Regression,Alta,Media
esmeraldas,2017-03-01,4,Logistic_Regression,Media,Alta
guayaquil,2017-03-01,4,Logistic_Regression,Alta,Alta
loja,2017-03-01,4,Logistic_Regression,Alta,Media
machala,2017-03-01,4,Logistic_Regression,Alta,Alta
portoviejo,2017-03-01,4,Logistic_Regression,Alta,Alta
puyo,2017-03-01,4,Logistic_Regression,Alta,Alta
quito,2017-03-01,4,Logistic_Regression,Alta,Alta
riobamba,2017-03-01,4,Logistic_Regression,Alta,Media
salinas,2017-03-01,4,Logistic_Regression,Alta,Media
tena,2017-03-01,4,Logistic_Regression,Alta,Alta
babahoyo,2017-04-01,4,Logistic_Regression,Alta,Alta
cuenca,2017-04-01,4,Logistic_Regression,Media,Media
esmeraldas,2017-04-01,4,Logistic_Regression,Alta,Alta
guayaquil,2017-04-01,4,Logistic_Regression,Alta,Alta
loja,2017-04-01,4,Logistic_Regression,Alta,Media
machala,2017-04-01,4,Logistic_Regression,Alta,Alta
portoviejo,2017-04-01,4,Logistic_Regression,Alta,Alta
puyo,2017-04-01,4,Logistic_Regression,Alta,Alta
quito,2017-04-01,4,Logistic_Regression,Alta,Alta
riobamba,2017-04-01,4,Logistic_Regression,Media,Media
salinas,2017-04-01,4,Logistic_Regression,Alta,Alta
tena,2017-04-01,4,Logistic_Regression,Alta,Alta
babahoyo,2017-05-01,4,Logistic_Regression,Alta,Alta
cuenca,2017-05-01,4,Logistic_Regression,Baja,Baja
esmeraldas,2017-05-01,4,Logistic_Regression,Media,Alta
guayaquil,2017-05-01,4,Logistic_Regression,Alta,Alta
loja,2017-05-01,4,Logistic_Regression,Media,Media
machala,2017-05-01,4,Logistic_Regression,Media,Media
portoviejo,2017-05-01,4,Logistic_Regression,Media,Alta
puyo,2017-05-01,4,Logistic_Regression,Alta,Alta
quito,2017-05-01,4,Logistic_Regression,Alta,Alta
riobamba,2017-05-01,4,Logistic_Regression,Media,Media
salinas,2017-05-01,4,Logistic_Regression,Baja,Baja
tena,2017-05-01,4,Logistic_Regression,Alta,Alta
babahoyo,2017-06-01,4,Logistic_Regression,Alta,Alta
cuenca,2017-06-01,4,Logistic_Regression,Baja,Baja
esmeraldas,2017-06-01,4,Logistic_Regression,Baja,Media
guayaquil,2017-06-01,4,Logistic_Regression,Alta,Media
loja,2017-06-01,4,Logistic_Regression,Media,Baja
machala,2017-06-01,4,Logistic_Regression,Baja,Media
portoviejo,2017-06-01,4,Logistic_Regression,Baja,Media
puyo,2017-06-01,4,Logistic_Regression,Alta,Alta
quito,2017-06-01,4,Logistic_Regression,Media,Media
riobamba,2017-06-01,4,Logistic_Regression,Baja,Baja
salinas,2017-06-01,4,Logistic_Regression,Baja,Baja
tena,2017-06-01,4,Logistic_Regression,Alta,Alta
babahoyo,2017-07-01,4,Logistic_Regression,Media,Alta
cuenca,2017-07-01,4,Logistic_Regression,Media,Baja
esmeraldas,2017-07-01,4,Logistic_Regression,Baja,Baja
guayaquil,2017-07-01,4,Logistic_Regression,Baja,Media
loja,2017-07-01,4,Logistic_Regression,Baja,Baja
machala,2017-07-01,4,Logistic_Regression,Baja,Baja
portoviejo,2017-07-01,4,Logistic_Regression,Baja,Baja
puyo,2017-07-01,4,Logistic_Regression,Alta,Media
quito,2017-07-01,4,Logistic_Regression,Media,Media
riobamba,2017-07-01,4,Logistic_Regression,Baja,Baja
salinas,2017-07-01,4,Logistic_Regression,Baja,Baja
tena,2017-07-01,4,Logistic_Regression,Alta,Alta
babahoyo,2017-08-01,4,Logistic_Regression,Media,Media
cuenca,2017-08-01,4,Logistic_Regression,Baja,Baja
esmeraldas,2017-08-01,4,Logistic_Regression,Media,Baja
guayaquil,2017-08-01,4,Logistic_Regression,Baja,Baja
loja,2017-08-01,4,Logistic_Regression,Baja,Baja
machala,2017-08-01,4,Logistic_Regression,Baja,Baja
portoviejo,2017-08-01,4,Logistic_Regression,Baja,Baja
puyo,2017-08-01,4,Logistic_Regression,Media,Media
quito,2017-08-01,4,Logistic_Regression,Alta,Baja
riobamba,2017-08-01,4,Logistic_Regression,Baja,Baja
salinas,2017-08-01,4,Logistic_Regression,Baja,Baja
tena,2017-08-01,4,Logistic_Regression,Media,Alta
babahoyo,2017-09-01,4,Logistic_Regression,Alta,Media
cuenca,2017-09-01,4,Logistic_Regression,Baja,Baja
esmeraldas,2017-09-01,4,Logistic_Regression,Baja,Baja
guayaquil,2017-09-01,4,Logistic_Regression,Media,Baja
loja,2017-09-01,4,Logistic_Regression,Baja,Baja
machala,2017-09-01,4,Logistic_Regression,Baja,Baja
portoviejo,2017-09-01,4,Logistic_Regression,Baja,Baja
puyo,2017-09-01,4,Logistic_Regression,Baja,Media
quito,2017-09-01,4,Logistic_Regression,Media,Media
riobamba,2017-09-01,4,Logistic_Regression,Baja,Baja
salinas,2017-09-01,4,Logistic_Regression,Baja,Baja
tena,2017-09-01,4,Logistic_Regression,Alta,Alta
babahoyo,2017-10-01,4,Logistic_Regression,Alta,Media
cuenca,2017-10-01,4,Logistic_Regression,Baja,Baja
esmeraldas,2017-10-01,4,Logistic_Regression,Baja,Baja
guayaquil,2017-10-01,4,Logistic_Regression,Baja,Baja
loja,2017-10-01,4,Logistic_Regression,Baja,Baja
machala,2017-10-01,4,Logistic_Regression,Baja,Baja
portoviejo,2017-10-01,4,Logistic_Regression,Baja,Baja
puyo,2017-10-01,4,Logistic_Regression,Media,Media
quito,2017-10-01,4,Logistic_Regression,Alta,Alta
riobamba,2017-10-01,4,Logistic_Regression,Media,Media
salinas,2017-10-01,4,Logistic_Regression,Baja,Baja
tena,2017-10-01,4,Logistic_Regression,Alta,Alta
babahoyo,2017-11-01,4,Logistic_Regression,Media,Media
cuenca,2017-11-01,4,Logistic_Regression,Media,Media
esmeraldas,2017-11-01,4,Logistic_Regression,Baja,Baja
guayaquil,2017-11-01,4,Logistic_Regression,Baja,Baja
loja,2017-11-01,4,Logistic_Regression,Baja,Media
machala,2017-11-01,4,Logistic_Regression,Baja,Baja
portoviejo,2017-11-01,4,Logistic_Regression,Baja,Baja
puyo,2017-11-01,4,Logistic_Regression,Alta,Alta
quito,2017-11-01,4,Logistic_Regression,Alta,Alta
riobamba,2017-11-01,4,Logistic_Regression,Media,Media
salinas,2017-11-01,4,Logistic_Regression,Baja,Baja
tena,2017-11-01,4,Logistic_Regression,Alta,Alta
babahoyo,2017-12-01,4,Logistic_Regression,Media,Media
cuenca,2017-12-01,4,Logistic_Regression,Alta,Media
esmeraldas,2017-12-01,4,Logistic_Regression,Baja,Baja
guayaquil,2017-12-01,4,Logistic_Regression,Media,Media
loja,2017-12-01,4,Logistic_Regression,Alta,Media
machala,2017-12-01,4,Logistic_Regression,Baja,Baja
portoviejo,2017-12-01,4,Logistic_Regression,Baja,Baja
puyo,2017-12-01,4,Logistic_Regression,Alta,Alta
quito,2017-12-01,4,Logistic_Regression,Alta,Alta
riobamba,2017-12-01,4,Logistic_Regression,Media,Media
salinas,2017-12-01,4,Logistic_Regression,Baja,Baja
tena,2017-12-01,4,Logistic_Regression,Alta,Alta
babahoyo,2005-01-01,1,Random_Forest,Alta,Alta
cuenca,2005-01-01,1,Random_Forest,Baja,Media
esmeraldas,2005-01-01,1,Random_Forest,Alta,Media
guayaquil,2005-01-01,1,Random_Forest,Media,Alta
loja,2005-01-01,1,Random_Forest,Baja,Media
machala,2005-01-01,1,Random_Forest,Media,Baja
portoviejo,2005-01-01,1,Random_Forest,Baja,Baja
puyo,2005-01-01,1,Random_Forest,Media,Media
quito,2005-01-01,1,Random_Forest,Media,Alta
riobamba,2005-01-01,1,Random_Forest,Baja,Media
salinas,2005-01-01,1,Random_Forest,Baja,Baja
tena,2005-01-01,1,Random_Forest,Alta,Alta
babahoyo,2005-02-01,1,Random_Forest,Alta,Alta
cuenca,2005-02-01,1,Random_Forest,Alta,Media
esmeraldas,2005-02-01,1,Random_Forest,Alta,Alta
guayaquil,2005-02-01,1,Random_Forest,Media,Alta
loja,2005-02-01,1,Random_Forest,Alta,Media
machala,2005-02-01,1,Random_Forest,Media,Media
portoviejo,2005-02-01,1,Random_Forest,Alta,Alta
puyo,2005-02-01,1,Random_Forest,Alta,Media
quito,2005-02-01,1,Random_Forest,Alta,Alta
riobamba,2005-02-01,1,Random_Forest,Alta,Media
salinas,2005-02-01,1,Random_Forest,Baja,Baja
tena,2005-02-01,1,Random_Forest,Alta,Alta
babahoyo,2005-03-01,1,Random_Forest,Alta,Alta
cuenca,2005-03-01,1,Random_Forest,Media,Media
esmeraldas,2005-03-01,1,Random_Forest,Alta,Alta
guayaquil,2005-03-01,1,Random_Forest,Alta,Alta
loja,2005-03-01,1,Random_Forest,Alta,Media
machala,2005-03-01,1,Random_Forest,Media,Alta
portoviejo,2005-03-01,1,Random_Forest,Media,Alta
puyo,2005-03-01,1,Random_Forest,Baja,Media
quito,2005-03-01,1,Random_Forest,Alta,Alta
riobamba,2005-03-01,1,Random_Forest,Media,Media
salinas,2005-03-01,1,Random_Forest,Baja,Media
tena,2005-03-01,1,Random_Forest,Media,Alta
babahoyo,2005-04-01,1,Random_Forest,Alta,Alta
cuenca,2005-04-01,1,Random_Forest,Media,Media
esmeraldas,2005-04-01,1,Random_Forest,Alta,Media
guayaquil,2005-04-01,1,Random_Forest,Alta,Alta
loja,2005-04-01,1,Random_Forest,Media,Media
machala,2005-04-01,1,Random_Forest,Media,Media
portoviejo,2005-04-01,1,Random_Forest,Media,Media
puyo,2005-04-01,1,Random_Forest,Alta,Media
quito,2005-04-01,1,Random_Forest,Media,Alta
riobamba,2005-04-01,1,Random_Forest,Alta,Media
salinas,2005-04-01,1,Random_Forest,Baja,Baja
tena,2005-04-01,1,Random_Forest,Alta,Alta
babahoyo,2005-05-01,1,Random_Forest,Media,Alta
cuenca,2005-05-01,1,Random_Forest,Media,Baja
esmeraldas,2005-05-01,1,Random_Forest,Alta,Alta
guayaquil,2005-05-01,1,Random_Forest,Baja,Alta
loja,2005-05-01,1,Random_Forest,Media,Media
machala,2005-05-01,1,Random_Forest,Media,Media
portoviejo,2005-05-01,1,Random_Forest,Baja,Media
puyo,2005-05-01,1,Random_Forest,Media,Media
quito,2005-05-01,1,Random_Forest,Media,Media
riobamba,2005-05-01,1,Random_Forest,Media,Media
salinas,2005-05-01,1,Random_Forest,Baja,Baja
tena,2005-05-01,1,Random_Forest,Alta,Alta
babahoyo,2005-06-01,1,Random_Forest,Alta,Media
cuenca,2005-06-01,1,Random_Forest,Baja,Baja
esmeraldas,2005-06-01,1,Random_Forest,Media,Baja
guayaquil,2005-06-01,1,Random_Forest,Media,Baja
loja,2005-06-01,1,Random_Forest,Baja,Baja
machala,2005-06-01,1,Random_Forest,Baja,Baja
portoviejo,2005-06-01,1,Random_Forest,Baja,Baja
puyo,2005-06-01,1,Random_Forest,Media,Media
quito,2005-06-01,1,Random_Forest,Media,Media
riobamba,2005-06-01,1,Random_Forest,Baja,Baja
salinas,2005-06-01,1,Random_Forest,Baja,Baja
tena,2005-06-01,1,Random_Forest,Alta,Alta
babahoyo,2005-07-01,1,Random_Forest,Baja,Media
cuenca,2005-07-01,1,Random_Forest,Baja,Baja
esmeraldas,2005-07-01,1,Random_Forest,Baja,Baja
guayaquil,2005-07-01,1,Random_Forest,Media,Media
loja,2005-07-01,1,Random_Forest,Baja,Baja
machala,2005-07-01,1,Random_Forest,Baja,Baja
portoviejo,2005-07-01,1,Random_Forest,Baja,Baja
puyo,2005-07-01,1,Random_Forest,Media,Media
quito,2005-07-01,1,Random_Forest,Baja,Media
riobamba,2005-07-01,1,Random_Forest,Baja,Baja
salinas,2005-07-01,1,Random_Forest,Baja,Baja
tena,2005-07-01,1,Random_Forest,Alta,Alta
babahoyo,2005-08-01,1,Random_Forest,Baja,Baja
cuenca,2005-08-01,1,Random_Forest,Baja,Baja
esmeraldas,2005-08-01,1,Random_Forest,Baja,Baja
guayaquil,2005-08-01,1,Random_Forest,Baja,Baja
loja,2005-08-01,1,Random_Forest,Baja,Baja
machala,2005-08-01,1,Random_Forest,Baja,Baja
portoviejo,2005-08-01,1,Random_Forest,Baja,Baja
puyo,2005-08-01,1,Random_Forest,Media,Media
quito,2005-08-01,1,Random_Forest,Media,Baja
riobamba,2005-08-01,1,Random_Forest,Baja,Baja
salinas,2005-08-01,1,Random_Forest,Baja,Baja
tena,2005-08-01,1,Random_Forest,Alta,Media
babahoyo,2005-09-01,1,Random_Forest,Baja,Media
cuenca,2005-09-01,1,Random_Forest,Baja,Baja
esmeraldas,2005-09-01,1,Random_Forest,Media,Baja
guayaquil,2005-09-01,1,Random_Forest,Baja,Baja
loja,2005-09-01,1,Random_Forest,Baja,Baja
machala,2005-09-01,1,Random_Forest,Baja,Baja
portoviejo,2005-09-01,1,Random_Forest,Baja,Baja
puyo,2005-09-01,1,Random_Forest,Baja,Media
quito,2005-09-01,1,Random_Forest,Alta,Media
riobamba,2005-09-01,1,Random_Forest,Baja,Baja
salinas,2005-09-01,1,Random_Forest,Baja,Baja
tena,2005-09-01,1,Random_Forest,Media,Media
babahoyo,2005-10-01,1,Random_Forest,Media,Media
cuenca,2005-10-01,1,Random_Forest,Media,Baja
esmeraldas,2005-10-01,1,Random_Forest,Baja,Baja
guayaquil,2005-10-01,1,Random_Forest,Baja,Baja
loja,2005-10-01,1,Random_Forest,Baja,Media
machala,2005-10-01,1,Random_Forest,Baja,Baja
portoviejo,2005-10-01,1,Random_Forest,Baja,Baja
puyo,2005-10-01,1,Random_Forest,Media,Baja
quito,2005-10-01,1,Random_Forest,Alta,Alta
riobamba,2005-10-01,1,Random_Forest,Media,Media
salinas,2005-10-01,1,Random_Forest,Baja,Baja
tena,2005-10-01,1,Random_Forest,Media,Media
babahoyo,2005-11-01,1,Random_Forest,Media,Media
cuenca,2005-11-01,1,Random_Forest,Media,Media
esmeraldas,2005-11-01,1,Random_Forest,Baja,Baja
guayaquil,2005-11-01,1,Random_Forest,Media,Baja
loja,2005-11-01,1,Random_Forest,Media,Media
machala,2005-11-01,1,Random_Forest,Media,Baja
portoviejo,2005-11-01,1,Random_Forest,Baja,Baja
puyo,2005-11-01,1,Random_Forest,Media,Alta
quito,2005-11-01,1,Random_Forest,Media,Alta
riobamba,2005-11-01,1,Random_Forest,Media,Media
salinas,2005-11-01,1,Random_Forest,Baja,Baja
tena,2005-11-01,1,Random_Forest,Alta,Alta
babahoyo,2005-12-01,1,Random_Forest,Alta,Media
cuenca,2005-12-01,1,Random_Forest,Alta,Media
esmeraldas,2005-12-01,1,Random_Forest,Alta,Baja
guayaquil,2005-12-01,1,Random_Forest,Alta,Baja
loja,2005-12-01,1,Random_Forest,Alta,Media
machala,2005-12-01,1,Random_Forest,Media,Baja
portoviejo,2005-12-01,1,Random_Forest,Media,Baja
puyo,2005-12-01,1,Random_Forest,Alta,Media
quito,2005-12-01,1,Random_Forest,Alta,Alta
riobamba,2005-12-01,1,Random_Forest,Media,Media
salinas,2005-12-01,1,Random_Forest,Baja,Baja
tena,2005-12-01,1,Random_Forest,Alta,Alta
babahoyo,2006-01-01,1,Random_Forest,Alta,Alta
cuenca,2006-01-01,1,Random_Forest,Media,Media
esmeraldas,2006-01-01,1,Random_Forest,Alta,Alta
guayaquil,2006-01-01,1,Random_Forest,Media,Media
loja,2006-01-01,1,Random_Forest,Media,Media
machala,2006-01-01,1,Random_Forest,Media,Media
portoviejo,2006-01-01,1,Random_Forest,Media,Media
puyo,2006-01-01,1,Random_Forest,Alta,Alta
quito,2006-01-01,1,Random_Forest,Alta,Alta
riobamba,2006-01-01,1,Random_Forest,Media,Media
salinas,2006-01-01,1,Random_Forest,Baja,Baja
tena,2006-01-01,1,Random_Forest,Alta,Alta
babahoyo,2006-02-01,1,Random_Forest,Alta,Alta
cuenca,2006-02-01,1,Random_Forest,Media,Media
esmeraldas,2006-02-01,1,Random_Forest,Alta,Alta
guayaquil,2006-02-01,1,Random_Forest,Alta,Media
loja,2006-02-01,1,Random_Forest,Media,Media
machala,2006-02-01,1,Random_Forest,Alta,Media
portoviejo,2006-02-01,1,Random_Forest,Alta,Alta
puyo,2006-02-01,1,Random_Forest,Media,Alta
quito,2006-02-01,1,Random_Forest,Alta,Alta
riobamba,2006-02-01,1,Random_Forest,Media,Media
salinas,2006-02-01,1,Random_Forest,Alta,Baja
tena,2006-02-01,1,Random_Forest,Alta,Alta
babahoyo,2006-03-01,1,Random_Forest,Alta,Alta
cuenca,2006-03-01,1,Random_Forest,Media,Media
esmeraldas,2006-03-01,1,Random_Forest,Media,Alta
guayaquil,2006-03-01,1,Random_Forest,Alta,Alta
loja,2006-03-01,1,Random_Forest,Media,Media
machala,2006-03-01,1,Random_Forest,Alta,Alta
portoviejo,2006-03-01,1,Random_Forest,Alta,Alta
puyo,2006-03-01,1,Random_Forest,Media,Media
quito,2006-03-01,1,Random_Forest,Alta,Alta
riobamba,2006-03-01,1,Random_Forest,Media,Media
salinas,2006-03-01,1,Random_Forest,Media,Media
tena,2006-03-01,1,Random_Forest,Alta,Alta
babahoyo,2006-04-01,1,Random_Forest,Alta,Alta
cuenca,2006-04-01,1,Random_Forest,Media,Media
esmeraldas,2006-04-01,1,Random_Forest,Media,Alta
guayaquil,2006-04-01,1,Random_Forest,Media,Alta
loja,2006-04-01,1,Random_Forest,Media,Media
machala,2006-04-01,1,Random_Forest,Media,Alta
portoviejo,2006-04-01,1,Random_Forest,Baja,Media
puyo,2006-04-01,1,Random_Forest,Media,Media
quito,2006-04-01,1,Random_Forest,Alta,Alta
riobamba,2006-04-01,1,Random_Forest,Media,Media
salinas,2006-04-01,1,Random_Forest,Baja,Baja
tena,2006-04-01,1,Random_Forest,Alta,Alta
babahoyo,2006-05-01,1,Random_Forest,Alta,Alta
cuenca,2006-05-01,1,Random_Forest,Baja,Baja
esmeraldas,2006-05-01,1,Random_Forest,Media,Media
guayaquil,2006-05-01,1,Random_Forest,Media,Media
loja,2006-05-01,1,Random_Forest,Baja,Media
machala,2006-05-01,1,Random_Forest,Baja,Baja
portoviejo,2006-05-01,1,Random_Forest,Baja,Baja
puyo,2006-05-01,1,Random_Forest,Alta,Alta
quito,2006-05-01,1,Random_Forest,Alta,Alta
riobamba,2006-05-01,1,Random_Forest,Media,Media
salinas,2006-05-01,1,Random_Forest,Baja,Baja
tena,2006-05-01,1,Random_Forest,Alta,Alta
babahoyo,2006-06-01,1,Random_Forest,Alta,Media
cuenca,2006-06-01,1,Random_Forest,Baja,Baja
esmeraldas,2006-06-01,1,Random_Forest,Media,Baja
guayaquil,2006-06-01,1,Random_Forest,Media,Media
loja,2006-06-01,1,Random_Forest,Baja,Baja
machala,2006-06-01,1,Random_Forest,Baja,Baja
portoviejo,2006-06-01,1,Random_Forest,Baja,Baja
puyo,2006-06-01,1,Random_Forest,Media,Media
quito,2006-06-01,1,Random_Forest,Alta,Media
riobamba,2006-06-01,1,Random_Forest,Media,Baja
salinas,2006-06-01,1,Random_Forest,Baja,Baja
tena,2006-06-01,1,Random_Forest,Media,Alta
babahoyo,2006-07-01,1,Random_Forest,Media,Media
cuenca,2006-07-01,1,Random_Forest,Baja,Baja
esmeraldas,2006-07-01,1,Random_Forest,Media,Baja
guayaquil,2006-07-01,1,Random_Forest,Media,Media
loja,2006-07-01,1,Random_Forest,Baja,Baja
machala,2006-07-01,1,Random_Forest,Baja,Baja
portoviejo,2006-07-01,1,Random_Forest,Baja,Baja
puyo,2006-07-01,1,Random_Forest,Media,Media
quito,2006-07-01,1,Random_Forest,Media,Media
riobamba,2006-07-01,1,Random_Forest,Baja,Baja
salinas,2006-07-01,1,Random_Forest,Baja,Baja
tena,2006-07-01,1,Random_Forest,Media,Alta
babahoyo,2006-08-01,1,Random_Forest,Alta,Media
cuenca,2006-08-01,1,Random_Forest,Baja,Baja
esmeraldas,2006-08-01,1,Random_Forest,Baja,Baja
guayaquil,2006-08-01,1,Random_Forest,Media,Baja
loja,2006-08-01,1,Random_Forest,Baja,Baja
machala,2006-08-01,1,Random_Forest,Baja,Baja
portoviejo,2006-08-01,1,Random_Forest,Baja,Baja
puyo,2006-08-01,1,Random_Forest,Baja,Baja
quito,2006-08-01,1,Random_Forest,Media,Baja
riobamba,2006-08-01,1,Random_Forest,Baja,Baja
salinas,2006-08-01,1,Random_Forest,Baja,Baja
tena,2006-08-01,1,Random_Forest,Media,Media
babahoyo,2006-09-01,1,Random_Forest,Alta,Media
cuenca,2006-09-01,1,Random_Forest,Baja,Baja
esmeraldas,2006-09-01,1,Random_Forest,Media,Baja
guayaquil,2006-09-01,1,Random_Forest,Alta,Media
loja,2006-09-01,1,Random_Forest,Baja,Baja
machala,2006-09-01,1,Random_Forest,Media,Baja
portoviejo,2006-09-01,1,Random_Forest,Baja,Baja
puyo,2006-09-01,1,Random_Forest,Media,Baja
quito,2006-09-01,1,Random_Forest,Media,Media
riobamba,2006-09-01,1,Random_Forest,Baja,Baja
salinas,2006-09-01,1,Random_Forest,Baja,Baja
tena,2006-09-01,1,Random_Forest,Alta,Media
babahoyo,2006-10-01,1,Random_Forest,Media,Alta
cuenca,2006-10-01,1,Random_Forest,Media,Media
esmeraldas,2006-10-01,1,Random_Forest,Baja,Baja
guayaquil,2006-10-01,1,Random_Forest,Media,Alta
loja,2006-10-01,1,Random_Forest,Media,Media
machala,2006-10-01,1,Random_Forest,Baja,Baja
portoviejo,2006-10-01,1,Random_Forest,Baja,Baja
puyo,2006-10-01,1,Random_Forest,Media,Media
quito,2006-10-01,1,Random_Forest,Alta,Alta
riobamba,2006-10-01,1,Random_Forest,Media,Media
salinas,2006-10-01,1,Random_Forest,Baja,Baja
tena,2006-10-01,1,Random_Forest,Media,Alta
babahoyo,2006-11-01,1,Random_Forest,Alta,Media
cuenca,2006-11-01,1,Random_Forest,Media,Media
esmeraldas,2006-11-01,1,Random_Forest,Alta,Media
guayaquil,2006-11-01,1,Random_Forest,Baja,Media
loja,2006-11-01,1,Random_Forest,Media,Media
machala,2006-11-01,1,Random_Forest,Media,Baja
portoviejo,2006-11-01,1,Random_Forest,Baja,Baja
puyo,2006-11-01,1,Random_Forest,Alta,Media
quito,2006-11-01,1,Random_Forest,Alta,Alta
riobamba,2006-11-01,1,Random_Forest,Media,Media
salinas,2006-11-01,1,Random_Forest,Baja,Baja
tena,2006-11-01,1,Random_Forest,Alta,Alta
babahoyo,2006-12-01,1,Random_Forest,Alta,Alta
cuenca,2006-12-01,1,Random_Forest,Alta,Media
esmeraldas,2006-12-01,1,Random_Forest,Alta,Alta
guayaquil,2006-12-01,1,Random_Forest,Alta,Baja
loja,2006-12-01,1,Random_Forest,Alta,Media
machala,2006-12-01,1,Random_Forest,Media,Media
portoviejo,2006-12-01,1,Random_Forest,Media,Baja
puyo,2006-12-01,1,Random_Forest,Alta,Alta
quito,2006-12-01,1,Random_Forest,Alta,Alta
riobamba,2006-12-01,1,Random_Forest,Media,Media
salinas,2006-12-01,1,Random_Forest,Baja,Baja
tena,2006-12-01,1,Random_Forest,Alta,Alta
babahoyo,2007-01-01,1,Random_Forest,Alta,Alta
cuenca,2007-01-01,1,Random_Forest,Media,Media
esmeraldas,2007-01-01,1,Random_Forest,Alta,Alta
guayaquil,2007-01-01,1,Random_Forest,Media,Alta
loja,2007-01-01,1,Random_Forest,Alta,Media
machala,2007-01-01,1,Random_Forest,Media,Media
portoviejo,2007-01-01,1,Random_Forest,Media,Media
puyo,2007-01-01,1,Random_Forest,Baja,Alta
quito,2007-01-01,1,Random_Forest,Alta,Alta
riobamba,2007-01-01,1,Random_Forest,Baja,Media
salinas,2007-01-01,1,Random_Forest,Baja,Baja
tena,2007-01-01,1,Random_Forest,Media,Alta
babahoyo,2007-02-01,1,Random_Forest,Media,Alta
cuenca,2007-02-01,1,Random_Forest,Media,Media
esmeraldas,2007-02-01,1,Random_Forest,Media,Alta
guayaquil,2007-02-01,1,Random_Forest,Media,Alta
loja,2007-02-01,1,Random_Forest,Media,Media
machala,2007-02-01,1,Random_Forest,Media,Alta
portoviejo,2007-02-01,1,Random_Forest,Alta,Alta
puyo,2007-02-01,1,Random_Forest,Media,Media
quito,2007-02-01,1,Random_Forest,Media,Alta
riobamba,2007-02-01,1,Random_Forest,Baja,Media
salinas,2007-02-01,1,Random_Forest,Baja,Media
tena,2007-02-01,1,Random_Forest,Media,Alta
babahoyo,2007-03-01,1,Random_Forest,Alta,Alta
cuenca,2007-03-01,1,Random_Forest,Media,Media
esmeraldas,2007-03-01,1,Random_Forest,Alta,Alta
guayaquil,2007-03-01,1,Random_Forest,Alta,Alta
loja,2007-03-01,1,Random_Forest,Media,Media
machala,2007-03-01,1,Random_Forest,Alta,Media
portoviejo,2007-03-01,1,Random_Forest,Alta,Alta
puyo,2007-03-01,1,Random_Forest,Media,Media
quito,2007-03-01,1,Random_Forest,Alta,Alta
riobamba,2007-03-01,1,Random_Forest,Media,Media
salinas,2007-03-01,1,Random_Forest,Media,Baja
tena,2007-03-01,1,Random_Forest,Alta,Media
babahoyo,2007-04-01,1,Random_Forest,Alta,Alta
cuenca,2007-04-01,1,Random_Forest,Media,Media
esmeraldas,2007-04-01,1,Random_Forest,Alta,Alta
guayaquil,2007-04-01,1,Random_Forest,Alta,Alta
loja,2007-04-01,1,Random_Forest,Media,Media
machala,2007-04-01,1,Random_Forest,Media,Media
portoviejo,2007-04-01,1,Random_Forest,Media,Alta
puyo,2007-04-01,1,Random_Forest,Media,Alta
quito,2007-04-01,1,Random_Forest,Alta,Alta
riobamba,2007-04-01,1,Random_Forest,Media,Media
salinas,2007-04-01,1,Random_Forest,Media,Baja
tena,2007-04-01,1,Random_Forest,Media,Alta
babahoyo,2007-05-01,1,Random_Forest,Alta,Alta
cuenca,2007-05-01,1,Random_Forest,Baja,Baja
esmeraldas,2007-05-01,1,Random_Forest,Alta,Media
guayaquil,2007-05-01,1,Random_Forest,Media,Alta
loja,2007-05-01,1,Random_Forest,Baja,Baja
machala,2007-05-01,1,Random_Forest,Baja,Baja
portoviejo,2007-05-01,1,Random_Forest,Baja,Media
puyo,2007-05-01,1,Random_Forest,Alta,Media
quito,2007-05-01,1,Random_Forest,Media,Alta
riobamba,2007-05-01,1,Random_Forest,Media,Media
salinas,2007-05-01,1,Random_Forest,Baja,Baja
tena,2007-05-01,1,Random_Forest,Alta,Alta
babahoyo,2007-06-01,1,Random_Forest,Alta,Media
cuenca,2007-06-01,1,Random_Forest,Baja,Baja
esmeraldas,2007-06-01,1,Random_Forest,Media,Media
guayaquil,2007-06-01,1,Random_Forest,Alta,Media
loja,2007-06-01,1,Random_Forest,Baja,Baja
machala,2007-06-01,1,Random_Forest,Baja,Baja
portoviejo,2007-06-01,1,Random_Forest,Media,Baja
puyo,2007-06-01,1,Random_Forest,Media,Media
quito,2007-06-01,1,Random_Forest,Media,Media
riobamba,2007-06-01,1,Random_Forest,Media,Baja
salinas,2007-06-01,1,Random_Forest,Baja,Baja
tena,2007-06-01,1,Random_Forest,Media,Alta
babahoyo,2007-07-01,1,Random_Forest,Media,Media
cuenca,2007-07-01,1,Random_Forest,Baja,Baja
esmeraldas,2007-07-01,1,Random_Forest,Baja,Baja
guayaquil,2007-07-01,1,Random_Forest,Media,Media
loja,2007-07-01,1,Random_Forest,Baja,Baja
machala,2007-07-01,1,Random_Forest,Baja,Baja
portoviejo,2007-07-01,1,Random_Forest,Baja,Baja
puyo,2007-07-01,1,Random_Forest,Media,Media
quito,2007-07-01,1,Random_Forest,Media,Media
riobamba,2007-07-01,1,Random_Forest,Baja,Baja
salinas,2007-07-01,1,Random_Forest,Baja,Baja
tena,2007-07-01,1,Random_Forest,Media,Alta
babahoyo,2007-08-01,1,Random_Forest,Media,Media
cuenca,2007-08-01,1,Random_Forest,Baja,Baja
esmeraldas,2007-08-01,1,Random_Forest,Baja,Baja
guayaquil,2007-08-01,1,Random_Forest,Media,Media
loja,2007-08-01,1,Random_Forest,Baja,Baja
machala,2007-08-01,1,Random_Forest,Baja,Baja
portoviejo,2007-08-01,1,Random_Forest,Baja,Baja
puyo,2007-08-01,1,Random_Forest,Baja,Media
quito,2007-08-01,1,Random_Forest,Media,Baja
riobamba,2007-08-01,1,Random_Forest,Baja,Baja
salinas,2007-08-01,1,Random_Forest,Baja,Baja
tena,2007-08-01,1,Random_Forest,Media,Media
babahoyo,2007-09-01,1,Random_Forest,Media,Media
cuenca,2007-09-01,1,Random_Forest,Baja,Baja
esmeraldas,2007-09-01,1,Random_Forest,Baja,Baja
guayaquil,2007-09-01,1,Random_Forest,Baja,Media
loja,2007-09-01,1,Random_Forest,Baja,Baja
machala,2007-09-01,1,Random_Forest,Baja,Baja
portoviejo,2007-09-01,1,Random_Forest,Baja,Baja
puyo,2007-09-01,1,Random_Forest,Baja,Baja
quito,2007-09-01,1,Random_Forest,Media,Media
riobamba,2007-09-01,1,Random_Forest,Baja,Baja
salinas,2007-09-01,1,Random_Forest,Baja,Baja
tena,2007-09-01,1,Random_Forest,Media,Media
babahoyo,2007-10-01,1,Random_Forest,Baja,Media
cuenca,2007-10-01,1,Random_Forest,Media,Baja
esmeraldas,2007-10-01,1,Random_Forest,Baja,Baja
guayaquil,2007-10-01,1,Random_Forest,Baja,Media
loja,2007-10-01,1,Random_Forest,Media,Media
machala,2007-10-01,1,Random_Forest,Baja,Baja
portoviejo,2007-10-01,1,Random_Forest,Baja,Baja
puyo,2007-10-01,1,Random_Forest,Alta,Media
quito,2007-10-01,1,Random_Forest,Alta,Media
riobamba,2007-10-01,1,Random_Forest,Media,Media
salinas,2007-10-01,1,Random_Forest,Baja,Baja
tena,2007-10-01,1,Random_Forest,Media,Media
babahoyo,2007-11-01,1,Random_Forest,Media,Media
cuenca,2007-11-01,1,Random_Forest,Media,Media
esmeraldas,2007-11-01,1,Random_Forest,Baja,Baja
guayaquil,2007-11-01,1,Random_Forest,Baja,Media
loja,2007-11-01,1,Random_Forest,Media,Media
machala,2007-11-01,1,Random_Forest,Baja,Baja
portoviejo,2007-11-01,1,Random_Forest,Baja,Baja
puyo,2007-11-01,1,Random_Forest,Alta,Alta
quito,2007-11-01,1,Random_Forest,Alta,Alta
riobamba,2007-11-01,1,Random_Forest,Media,Media
salinas,2007-11-01,1,Random_Forest,Baja,Baja
tena,2007-11-01,1,Random_Forest,Alta,Alta
babahoyo,2007-12-01,1,Random_Forest,Media,Alta
cuenca,2007-12-01,1,Random_Forest,Media,Media
esmeraldas,2007-12-01,1,Random_Forest,Media,Baja
guayaquil,2007-12-01,1,Random_Forest,Baja,Baja
loja,2007-12-01,1,Random_Forest,Media,Media
machala,2007-12-01,1,Random_Forest,Baja,Baja
portoviejo,2007-12-01,1,Random_Forest,Baja,Baja
puyo,2007-12-01,1,Random_Forest,Alta,Alta
quito,2007-12-01,1,Random_Forest,Alta,Alta
riobamba,2007-12-01,1,Random_Forest,Baja,Media
salinas,2007-12-01,1,Random_Forest,Baja,Baja
tena,2007-12-01,1,Random_Forest,Alta,Alta
babahoyo,2008-01-01,2,Random_Forest,Alta,Alta
cuenca,2008-01-01,2,Random_Forest,Media,Media
esmeraldas,2008-01-01,2,Random_Forest,Alta,Media
guayaquil,2008-01-01,2,Random_Forest,Alta,Media
loja,2008-01-01,2,Random_Forest,Media,Media
machala,2008-01-01,2,Random_Forest,Alta,Media
portoviejo,2008-01-01,2,Random_Forest,Media,Baja
puyo,2008-01-01,2,Random_Forest,Alta,Media
quito,2008-01-01,2,Random_Forest,Media,Alta
riobamba,2008-01-01,2,Random_Forest,Media,Media
salinas,2008-01-01,2,Random_Forest,Media,Baja
tena,2008-01-01,2,Random_Forest,Alta,Alta
babahoyo,2008-02-01,2,Random_Forest,Alta,Alta
cuenca,2008-02-01,2,Random_Forest,Alta,Media
esmeraldas,2008-02-01,2,Random_Forest,Alta,Alta
guayaquil,2008-02-01,2,Random_Forest,Alta,Alta
loja,2008-02-01,2,Random_Forest,Alta,Media
machala,2008-02-01,2,Random_Forest,Alta,Media
portoviejo,2008-02-01,2,Random_Forest,Alta,Alta
puyo,2008-02-01,2,Random_Forest,Alta,Alta
quito,2008-02-01,2,Random_Forest,Alta,Alta
riobamba,2008-02-01,2,Random_Forest,Alta,Media
salinas,2008-02-01,2,Random_Forest,Alta,Baja
tena,2008-02-01,2,Random_Forest,Alta,Media
babahoyo,2008-03-01,2,Random_Forest,Alta,Alta
cuenca,2008-03-01,2,Random_Forest,Alta,Media
esmeraldas,2008-03-01,2,Random_Forest,Alta,Alta
guayaquil,2008-03-01,2,Random_Forest,Alta,Alta
loja,2008-03-01,2,Random_Forest,Alta,Media
machala,2008-03-01,2,Random_Forest,Alta,Alta
portoviejo,2008-03-01,2,Random_Forest,Alta,Alta
puyo,2008-03-01,2,Random_Forest,Alta,Alta
quito,2008-03-01,2,Random_Forest,Alta,Alta
riobamba,2008-03-01,2,Random_Forest,Media,Media
salinas,2008-03-01,2,Random_Forest,Media,Alta
tena,2008-03-01,2,Random_Forest,Alta,Alta
babahoyo,2008-04-01,2,Random_Forest,Alta,Alta
cuenca,2008-04-01,2,Random_Forest,Media,Media
esmeraldas,2008-04-01,2,Random_Forest,Alta,Alta
guayaquil,2008-04-01,2,Random_Forest,Media,Alta
loja,2008-04-01,2,Random_Forest,Alta,Media
machala,2008-04-01,2,Random_Forest,Alta,Alta
portoviejo,2008-04-01,2,Random_Forest,Alta,Alta
puyo,2008-04-01,2,Random_Forest,Alta,Media
quito,2008-04-01,2,Random_Forest,Alta,Alta
riobamba,2008-04-01,2,Random_Forest,Media,Media
salinas,2008-04-01,2,Random_Forest,Baja,Media
tena,2008-04-01,2,Random_Forest,Alta,Alta
babahoyo,2008-05-01,2,Random_Forest,Alta,Alta
cuenca,2008-05-01,2,Random_Forest,Media,Media
esmeraldas,2008-05-01,2,Random_Forest,Media,Alta
guayaquil,2008-05-01,2,Random_Forest,Alta,Media
loja,2008-05-01,2,Random_Forest,Media,Media
machala,2008-05-01,2,Random_Forest,Alta,Media
portoviejo,2008-05-01,2,Random_Forest,Baja,Media
puyo,2008-05-01,2,Random_Forest,Media,Alta
quito,2008-05-01,2,Random_Forest,Alta,Alta
riobamba,2008-05-01,2,Random_Forest,Media,Media
salinas,2008-05-01,2,Random_Forest,Baja,Baja
tena,2008-05-01,2,Random_Forest,Alta,Alta
babahoyo,2008-06-01,2,Random_Forest,Media,Alta
cuenca,2008-06-01,2,Random_Forest,Baja,Baja
esmeraldas,2008-06-01,2,Random_Forest,Baja,Baja
guayaquil,2008-06-01,2,Random_Forest,Alta,Media
loja,2008-06-01,2,Random_Forest,Baja,Baja
machala,2008-06-01,2,Random_Forest,Baja,Baja
portoviejo,2008-06-01,2,Random_Forest,Baja,Baja
puyo,2008-06-01,2,Random_Forest,Media,Media
quito,2008-06-01,2,Random_Forest,Media,Alta
riobamba,2008-06-01,2,Random_Forest,Baja,Media
salinas,2008-06-01,2,Random_Forest,Baja,Baja
tena,2008-06-01,2,Random_Forest,Alta,Alta
babahoyo,2008-07-01,2,Random_Forest,Alta,Media
cuenca,2008-07-01,2,Random_Forest,Baja,Baja
esmeraldas,2008-07-01,2,Random_Forest,Media,Baja
guayaquil,2008-07-01,2,Random_Forest,Media,Media
loja,2008-07-01,2,Random_Forest,Baja,Baja
machala,2008-07-01,2,Random_Forest,Baja,Baja
portoviejo,2008-07-01,2,Random_Forest,Baja,Baja
puyo,2008-07-01,2,Random_Forest,Media,Media
quito,2008-07-01,2,Random_Forest,Media,Media
riobamba,2008-07-01,2,Random_Forest,Baja,Baja
salinas,2008-07-01,2,Random_Forest,Baja,Baja
tena,2008-07-01,2,Random_Forest,Media,Alta
babahoyo,2008-08-01,2,Random_Forest,Alta,Media
cuenca,2008-08-01,2,Random_Forest,Baja,Baja
esmeraldas,2008-08-01,2,Random_Forest,Media,Baja
guayaquil,2008-08-01,2,Random_Forest,Media,Media
loja,2008-08-01,2,Random_Forest,Baja,Baja
machala,2008-08-01,2,Random_Forest,Baja,Baja
portoviejo,2008-08-01,2,Random_Forest,Baja,Baja
puyo,2008-08-01,2,Random_Forest,Media,Media
quito,2008-08-01,2,Random_Forest,Media,Media
riobamba,2008-08-01,2,Random_Forest,Baja,Baja
salinas,2008-08-01,2,Random_Forest,Baja,Baja
tena,2008-08-01,2,Random_Forest,Media,Media
babahoyo,2008-09-01,2,Random_Forest,Media,Media
cuenca,2008-09-01,2,Random_Forest,Baja,Baja
esmeraldas,2008-09-01,2,Random_Forest,Baja,Baja
guayaquil,2008-09-01,2,Random_Forest,Media,Media
loja,2008-09-01,2,Random_Forest,Baja,Baja
machala,2008-09-01,2,Random_Forest,Baja,Baja
portoviejo,2008-09-01,2,Random_Forest,Baja,Baja
puyo,2008-09-01,2,Random_Forest,Baja,Baja
quito,2008-09-01,2,Random_Forest,Media,Media
riobamba,2008-09-01,2,Random_Forest,Baja,Baja
salinas,2008-09-01,2,Random_Forest,Baja,Baja
tena,2008-09-01,2,Random_Forest,Media,Media
babahoyo,2008-10-01,2,Random_Forest,Media,Media
cuenca,2008-10-01,2,Random_Forest,Media,Media
esmeraldas,2008-10-01,2,Random_Forest,Baja,Baja
guayaquil,2008-10-01,2,Random_Forest,Baja,Media
loja,2008-10-01,2,Random_Forest,Alta,Media
machala,2008-10-01,2,Random_Forest,Media,Baja
portoviejo,2008-10-01,2,Random_Forest,Baja,Baja
puyo,2008-10-01,2,Random_Forest,Media,Media
quito,2008-10-01,2,Random_Forest,Media,Alta
riobamba,2008-10-01,2,Random_Forest,Media,Media
salinas,2008-10-01,2,Random_Forest,Baja,Baja
tena,2008-10-01,2,Random_Forest,Alta,Alta
babahoyo,2008-11-01,2,Random_Forest,Baja,Alta
cuenca,2008-11-01,2,Random_Forest,Media,Media
esmeraldas,2008-11-01,2,Random_Forest,Media,Baja
guayaquil,2008-11-01,2,Random_Forest,Baja,Media
loja,2008-11-01,2,Random_Forest,Media,Media
machala,2008-11-01,2,Random_Forest,Baja,Baja
portoviejo,2008-11-01,2,Random_Forest,Baja,Baja
puyo,2008-11-01,2,Random_Forest,Alta,Alta
quito,2008-11-01,2,Random_Forest,Alta,Alta
riobamba,2008-11-01,2,Random_Forest,Media,Media
salinas,2008-11-01,2,Random_Forest,Baja,Baja
tena,2008-11-01,2,Random_Forest,Alta,Alta
babahoyo,2008-12-01,2,Random_Forest,Baja,Media
cuenca,2008-12-01,2,Random_Forest,Media,Media
esmeraldas,2008-12-01,2,Random_Forest,Baja,Media
guayaquil,2008-12-01,2,Random_Forest,Baja,Baja
loja,2008-12-01,2,Random_Forest,Media,Media
machala,2008-12-01,2,Random_Forest,Baja,Baja
portoviejo,2008-12-01,2,Random_Forest,Baja,Baja
puyo,2008-12-01,2,Random_Forest,Alta,Alta
quito,2008-12-01,2,Random_Forest,Alta,Alta
riobamba,2008-12-01,2,Random_Forest,Alta,Media
salinas,2008-12-01,2,Random_Forest,Baja,Baja
tena,2008-12-01,2,Random_Forest,Alta,Alta
babahoyo,2009-01-01,2,Random_Forest,Alta,Alta
cuenca,2009-01-01,2,Random_Forest,Media,Media
esmeraldas,2009-01-01,2,Random_Forest,Alta,Alta
guayaquil,2009-01-01,2,Random_Forest,Alta,Baja
loja,2009-01-01,2,Random_Forest,Alta,Media
machala,2009-01-01,2,Random_Forest,Alta,Media
portoviejo,2009-01-01,2,Random_Forest,Alta,Baja
puyo,2009-01-01,2,Random_Forest,Media,Alta
quito,2009-01-01,2,Random_Forest,Alta,Alta
riobamba,2009-01-01,2,Random_Forest,Media,Media
salinas,2009-01-01,2,Random_Forest,Media,Baja
tena,2009-01-01,2,Random_Forest,Media,Alta
babahoyo,2009-02-01,2,Random_Forest,Alta,Alta
cuenca,2009-02-01,2,Random_Forest,Alta,Media
esmeraldas,2009-02-01,2,Random_Forest,Alta,Alta
guayaquil,2009-02-01,2,Random_Forest,Alta,Alta
loja,2009-02-01,2,Random_Forest,Media,Alta
machala,2009-02-01,2,Random_Forest,Alta,Alta
portoviejo,2009-02-01,2,Random_Forest,Alta,Alta
puyo,2009-02-01,2,Random_Forest,Alta,Media
quito,2009-02-01,2,Random_Forest,Media,Alta
riobamba,2009-02-01,2,Random_Forest,Alta,Media
salinas,2009-02-01,2,Random_Forest,Media,Media
tena,2009-02-01,2,Random_Forest,Alta,Alta
babahoyo,2009-03-01,2,Random_Forest,Alta,Alta
cuenca,2009-03-01,2,Random_Forest,Media,Media
esmeraldas,2009-03-01,2,Random_Forest,Alta,Alta
guayaquil,2009-03-01,2,Random_Forest,Alta,Alta
loja,2009-03-01,2,Random_Forest,Media,Media
machala,2009-03-01,2,Random_Forest,Alta,Alta
portoviejo,2009-03-01,2,Random_Forest,Media,Alta
puyo,2009-03-01,2,Random_Forest,Media,Alta
quito,2009-03-01,2,Random_Forest,Alta,Alta
riobamba,2009-03-01,2,Random_Forest,Media,Media
salinas,2009-03-01,2,Random_Forest,Baja,Media
tena,2009-03-01,2,Random_Forest,Alta,Alta
babahoyo,2009-04-01,2,Random_Forest,Alta,Alta
cuenca,2009-04-01,2,Random_Forest,Media,Media
esmeraldas,2009-04-01,2,Random_Forest,Alta,Alta
guayaquil,2009-04-01,2,Random_Forest,Media,Alta
loja,2009-04-01,2,Random_Forest,Media,Media
machala,2009-04-01,2,Random_Forest,Media,Alta
portoviejo,2009-04-01,2,Random_Forest,Media,Alta
puyo,2009-04-01,2,Random_Forest,Alta,Media
quito,2009-04-01,2,Random_Forest,Media,Alta
riobamba,2009-04-01,2,Random_Forest,Media,Media
salinas,2009-04-01,2,Random_Forest,Baja,Baja
tena,2009-04-01,2,Random_Forest,Alta,Alta
babahoyo,2009-05-01,2,Random_Forest,Alta,Alta
cuenca,2009-05-01,2,Random_Forest,Media,Media
esmeraldas,2009-05-01,2,Random_Forest,Media,Alta
guayaquil,2009-05-01,2,Random_Forest,Alta,Media
loja,2009-05-01,2,Random_Forest,Baja,Media
machala,2009-05-01,2,Random_Forest,Baja,Media
portoviejo,2009-05-01,2,Random_Forest,Alta,Media
puyo,2009-05-01,2,Random_Forest,Alta,Alta
quito,2009-05-01,2,Random_Forest,Alta,Alta
riobamba,2009-05-01,2,Random_Forest,Media,Media
salinas,2009-05-01,2,Random_Forest,Baja,Baja
tena,2009-05-01,2,Random_Forest,Alta,Alta
babahoyo,2009-06-01,2,Random_Forest,Alta,Alta
cuenca,2009-06-01,2,Random_Forest,Baja,Baja
esmeraldas,2009-06-01,2,Random_Forest,Baja,Media
guayaquil,2009-06-01,2,Random_Forest,Media,Media
loja,2009-06-01,2,Random_Forest,Baja,Baja
machala,2009-06-01,2,Random_Forest,Baja,Baja
portoviejo,2009-06-01,2,Random_Forest,Baja,Baja
puyo,2009-06-01,2,Random_Forest,Alta,Media
quito,2009-06-01,2,Random_Forest,Media,Media
riobamba,2009-06-01,2,Random_Forest,Baja,Baja
salinas,2009-06-01,2,Random_Forest,Baja,Baja
tena,2009-06-01,2,Random_Forest,Alta,Alta
babahoyo,2009-07-01,2,Random_Forest,Media,Alta
cuenca,2009-07-01,2,Random_Forest,Baja,Baja
esmeraldas,2009-07-01,2,Random_Forest,Baja,Baja
guayaquil,2009-07-01,2,Random_Forest,Media,Media
loja,2009-07-01,2,Random_Forest,Baja,Baja
machala,2009-07-01,2,Random_Forest,Baja,Baja
portoviejo,2009-07-01,2,Random_Forest,Baja,Baja
puyo,2009-07-01,2,Random_Forest,Media,Media
quito,2009-07-01,2,Random_Forest,Baja,Media
riobamba,2009-07-01,2,Random_Forest,Baja,Baja
salinas,2009-07-01,2,Random_Forest,Baja,Baja
tena,2009-07-01,2,Random_Forest,Alta,Alta
babahoyo,2009-08-01,2,Random_Forest,Alta,Media
cuenca,2009-08-01,2,Random_Forest,Baja,Baja
esmeraldas,2009-08-01,2,Random_Forest,Baja,Baja
guayaquil,2009-08-01,2,Random_Forest,Media,Baja
loja,2009-08-01,2,Random_Forest,Baja,Baja
machala,2009-08-01,2,Random_Forest,Baja,Baja
portoviejo,2009-08-01,2,Random_Forest,Baja,Baja
puyo,2009-08-01,2,Random_Forest,Baja,Media
quito,2009-08-01,2,Random_Forest,Media,Media
riobamba,2009-08-01,2,Random_Forest,Baja,Baja
salinas,2009-08-01,2,Random_Forest,Baja,Baja
tena,2009-08-01,2,Random_Forest,Alta,Media
babahoyo,2009-09-01,2,Random_Forest,Media,Alta
cuenca,2009-09-01,2,Random_Forest,Baja,Baja
esmeraldas,2009-09-01,2,Random_Forest,Baja,Baja
guayaquil,2009-09-01,2,Random_Forest,Media,Media
loja,2009-09-01,2,Random_Forest,Baja,Baja
machala,2009-09-01,2,Random_Forest,Baja,Baja
portoviejo,2009-09-01,2,Random_Forest,Baja,Baja
puyo,2009-09-01,2,Random_Forest,Baja,Media
quito,2009-09-01,2,Random_Forest,Alta,Media
riobamba,2009-09-01,2,Random_Forest,Baja,Baja
salinas,2009-09-01,2,Random_Forest,Baja,Baja
tena,2009-09-01,2,Random_Forest,Alta,Alta
babahoyo,2009-10-01,2,Random_Forest,Alta,Media
cuenca,2009-10-01,2,Random_Forest,Media,Media
esmeraldas,2009-10-01,2,Random_Forest,Media,Baja
guayaquil,2009-10-01,2,Random_Forest,Media,Baja
loja,2009-10-01,2,Random_Forest,Baja,Media
machala,2009-10-01,2,Random_Forest,Baja,Baja
portoviejo,2009-10-01,2,Random_Forest,Baja,Baja
puyo,2009-10-01,2,Random_Forest,Media,Media
quito,2009-10-01,2,Random_Forest,Alta,Alta
riobamba,2009-10-01,2,Random_Forest,Media,Media
salinas,2009-10-01,2,Random_Forest,Baja,Baja
tena,2009-10-01,2,Random_Forest,Alta,Alta
babahoyo,2009-11-01,2,Random_Forest,Baja,Media
cuenca,2009-11-01,2,Random_Forest,Media,Media
esmeraldas,2009-11-01,2,Random_Forest,Media,Baja
guayaquil,2009-11-01,2,Random_Forest,Baja,Baja
loja,2009-11-01,2,Random_Forest,Media,Media
machala,2009-11-01,2,Random_Forest,Baja,Baja
portoviejo,2009-11-01,2,Random_Forest,Baja,Baja
puyo,2009-11-01,2,Random_Forest,Media,Media
quito,2009-11-01,2,Random_Forest,Alta,Alta
riobamba,2009-11-01,2,Random_Forest,Media,Media
salinas,2009-11-01,2,Random_Forest,Baja,Baja
tena,2009-11-01,2,Random_Forest,Alta,Alta
babahoyo,2009-12-01,2,Random_Forest,Alta,Media
cuenca,2009-12-01,2,Random_Forest,Alta,Media
esmeraldas,2009-12-01,2,Random_Forest,Alta,Baja
guayaquil,2009-12-01,2,Random_Forest,Media,Baja
loja,2009-12-01,2,Random_Forest,Media,Media
machala,2009-12-01,2,Random_Forest,Baja,Baja
portoviejo,2009-12-01,2,Random_Forest,Baja,Baja
puyo,2009-12-01,2,Random_Forest,Media,Alta
quito,2009-12-01,2,Random_Forest,Alta,Alta
riobamba,2009-12-01,2,Random_Forest,Media,Media
salinas,2009-12-01,2,Random_Forest,Baja,Baja
tena,2009-12-01,2,Random_Forest,Media,Alta
babahoyo,2010-01-01,2,Random_Forest,Alta,Alta
cuenca,2010-01-01,2,Random_Forest,Baja,Media
esmeraldas,2010-01-01,2,Random_Forest,Alta,Alta
guayaquil,2010-01-01,2,Random_Forest,Alta,Alta
loja,2010-01-01,2,Random_Forest,Media,Media
machala,2010-01-01,2,Random_Forest,Alta,Media
portoviejo,2010-01-01,2,Random_Forest,Media,Baja
puyo,2010-01-01,2,Random_Forest,Baja,Media
quito,2010-01-01,2,Random_Forest,Media,Alta
riobamba,2010-01-01,2,Random_Forest,Media,Media
salinas,2010-01-01,2,Random_Forest,Media,Baja
tena,2010-01-01,2,Random_Forest,Baja,Alta
babahoyo,2010-02-01,2,Random_Forest,Alta,Alta
cuenca,2010-02-01,2,Random_Forest,Alta,Media
esmeraldas,2010-02-01,2,Random_Forest,Alta,Alta
guayaquil,2010-02-01,2,Random_Forest,Alta,Alta
loja,2010-02-01,2,Random_Forest,Media,Media
machala,2010-02-01,2,Random_Forest,Alta,Alta
portoviejo,2010-02-01,2,Random_Forest,Alta,Alta
puyo,2010-02-01,2,Random_Forest,Media,Media
quito,2010-02-01,2,Random_Forest,Media,Alta
riobamba,2010-02-01,2,Random_Forest,Media,Media
salinas,2010-02-01,2,Random_Forest,Media,Baja
tena,2010-02-01,2,Random_Forest,Alta,Media
babahoyo,2010-03-01,2,Random_Forest,Alta,Alta
cuenca,2010-03-01,2,Random_Forest,Baja,Media
esmeraldas,2010-03-01,2,Random_Forest,Alta,Alta
guayaquil,2010-03-01,2,Random_Forest,Alta,Alta
loja,2010-03-01,2,Random_Forest,Media,Media
machala,2010-03-01,2,Random_Forest,Media,Alta
portoviejo,2010-03-01,2,Random_Forest,Alta,Alta
puyo,2010-03-01,2,Random_Forest,Media,Media
quito,2010-03-01,2,Random_Forest,Alta,Alta
riobamba,2010-03-01,2,Random_Forest,Baja,Media
salinas,2010-03-01,2,Random_Forest,Baja,Baja
tena,2010-03-01,2,Random_Forest,Media,Alta
babahoyo,2010-04-01,2,Random_Forest,Alta,Alta
cuenca,2010-04-01,2,Random_Forest,Media,Media
esmeraldas,2010-04-01,2,Random_Forest,Alta,Alta
guayaquil,2010-04-01,2,Random_Forest,Alta,Alta
loja,2010-04-01,2,Random_Forest,Alta,Media
machala,2010-04-01,2,Random_Forest,Alta,Media
portoviejo,2010-04-01,2,Random_Forest,Media,Alta
puyo,2010-04-01,2,Random_Forest,Alta,Media
quito,2010-04-01,2,Random_Forest,Alta,Alta
riobamba,2010-04-01,2,Random_Forest,Media,Media
salinas,2010-04-01,2,Random_Forest,Baja,Baja
tena,2010-04-01,2,Random_Forest,Alta,Alta
babahoyo,2010-05-01,2,Random_Forest,Alta,Alta
cuenca,2010-05-01,2,Random_Forest,Alta,Baja
esmeraldas,2010-05-01,2,Random_Forest,Alta,Alta
guayaquil,2010-05-01,2,Random_Forest,Alta,Alta
loja,2010-05-01,2,Random_Forest,Alta,Media
machala,2010-05-01,2,Random_Forest,Media,Alta
portoviejo,2010-05-01,2,Random_Forest,Media,Media
puyo,2010-05-01,2,Random_Forest,Alta,Alta
quito,2010-05-01,2,Random_Forest,Alta,Alta
riobamba,2010-05-01,2,Random_Forest,Media,Media
salinas,2010-05-01,2,Random_Forest,Baja,Baja
tena,2010-05-01,2,Random_Forest,Alta,Alta
babahoyo,2010-06-01,2,Random_Forest,Media,Alta
cuenca,2010-06-01,2,Random_Forest,Baja,Baja
esmeraldas,2010-06-01,2,Random_Forest,Baja,Alta
guayaquil,2010-06-01,2,Random_Forest,Media,Media
loja,2010-06-01,2,Random_Forest,Baja,Media
machala,2010-06-01,2,Random_Forest,Baja,Baja
portoviejo,2010-06-01,2,Random_Forest,Baja,Baja
puyo,2010-06-01,2,Random_Forest,Media,Media
quito,2010-06-01,2,Random_Forest,Media,Media
riobamba,2010-06-01,2,Random_Forest,Baja,Media
salinas,2010-06-01,2,Random_Forest,Baja,Baja
tena,2010-06-01,2,Random_Forest,Media,Alta
babahoyo,2010-07-01,2,Random_Forest,Media,Media
cuenca,2010-07-01,2,Random_Forest,Baja,Baja
esmeraldas,2010-07-01,2,Random_Forest,Baja,Baja
guayaquil,2010-07-01,2,Random_Forest,Alta,Media
loja,2010-07-01,2,Random_Forest,Baja,Baja
machala,2010-07-01,2,Random_Forest,Baja,Baja
portoviejo,2010-07-01,2,Random_Forest,Baja,Baja
puyo,2010-07-01,2,Random_Forest,Alta,Media
quito,2010-07-01,2,Random_Forest,Media,Media
riobamba,2010-07-01,2,Random_Forest,Baja,Baja
salinas,2010-07-01,2,Random_Forest,Baja,Baja
tena,2010-07-01,2,Random_Forest,Alta,Alta
babahoyo,2010-08-01,2,Random_Forest,Baja,Media
cuenca,2010-08-01,2,Random_Forest,Baja,Baja
esmeraldas,2010-08-01,2,Random_Forest,Baja,Baja
guayaquil,2010-08-01,2,Random_Forest,Media,Media
loja,2010-08-01,2,Random_Forest,Baja,Baja
machala,2010-08-01,2,Random_Forest,Baja,Baja
portoviejo,2010-08-01,2,Random_Forest,Baja,Baja
puyo,2010-08-01,2,Random_Forest,Baja,Media
quito,2010-08-01,2,Random_Forest,Media,Media
riobamba,2010-08-01,2,Random_Forest,Baja,Baja
salinas,2010-08-01,2,Random_Forest,Baja,Baja
tena,2010-08-01,2,Random_Forest,Media,Alta
babahoyo,2010-09-01,2,Random_Forest,Media,Media
cuenca,2010-09-01,2,Random_Forest,Baja,Baja
esmeraldas,2010-09-01,2,Random_Forest,Baja,Baja
guayaquil,2010-09-01,2,Random_Forest,Media,Media
loja,2010-09-01,2,Random_Forest,Baja,Baja
machala,2010-09-01,2,Random_Forest,Baja,Baja
portoviejo,2010-09-01,2,Random_Forest,Baja,Baja
puyo,2010-09-01,2,Random_Forest,Baja,Baja
quito,2010-09-01,2,Random_Forest,Media,Media
riobamba,2010-09-01,2,Random_Forest,Baja,Baja
salinas,2010-09-01,2,Random_Forest,Baja,Baja
tena,2010-09-01,2,Random_Forest,Media,Media
babahoyo,2010-10-01,2,Random_Forest,Media,Media
cuenca,2010-10-01,2,Random_Forest,Media,Media
esmeraldas,2010-10-01,2,Random_Forest,Baja,Baja
guayaquil,2010-10-01,2,Random_Forest,Baja,Media
loja,2010-10-01,2,Random_Forest,Baja,Media
machala,2010-10-01,2,Random_Forest,Baja,Baja
portoviejo,2010-10-01,2,Random_Forest,Baja,Baja
puyo,2010-10-01,2,Random_Forest,Alta,Media
quito,2010-10-01,2,Random_Forest,Media,Alta
riobamba,2010-10-01,2,Random_Forest,Media,Media
salinas,2010-10-01,2,Random_Forest,Baja,Baja
tena,2010-10-01,2,Random_Forest,Alta,Media
babahoyo,2010-11-01,2,Random_Forest,Baja,Media
cuenca,2010-11-01,2,Random_Forest,Media,Media
esmeraldas,2010-11-01,2,Random_Forest,Baja,Baja
guayaquil,2010-11-01,2,Random_Forest,Baja,Baja
loja,2010-11-01,2,Random_Forest,Media,Media
machala,2010-11-01,2,Random_Forest,Baja,Baja
portoviejo,2010-11-01,2,Random_Forest,Baja,Baja
puyo,2010-11-01,2,Random_Forest,Media,Alta
quito,2010-11-01,2,Random_Forest,Alta,Alta
riobamba,2010-11-01,2,Random_Forest,Media,Media
salinas,2010-11-01,2,Random_Forest,Baja,Baja
tena,2010-11-01,2,Random_Forest,Media,Alta
babahoyo,2010-12-01,2,Random_Forest,Alta,Media
cuenca,2010-12-01,2,Random_Forest,Media,Media
esmeraldas,2010-12-01,2,Random_Forest,Alta,Baja
guayaquil,2010-12-01,2,Random_Forest,Media,Baja
loja,2010-12-01,2,Random_Forest,Baja,Media
machala,2010-12-01,2,Random_Forest,Media,Baja
portoviejo,2010-12-01,2,Random_Forest,Alta,Baja
puyo,2010-12-01,2,Random_Forest,Alta,Alta
quito,2010-12-01,2,Random_Forest,Alta,Alta
riobamba,2010-12-01,2,Random_Forest,Media,Media
salinas,2010-12-01,2,Random_Forest,Baja,Baja
tena,2010-12-01,2,Random_Forest,Alta,Alta
babahoyo,2011-01-01,3,Random_Forest,Alta,Alta
cuenca,2011-01-01,3,Random_Forest,Media,Media
esmeraldas,2011-01-01,3,Random_Forest,Alta,Alta
guayaquil,2011-01-01,3,Random_Forest,Alta,Alta
loja,2011-01-01,3,Random_Forest,Media,Media
machala,2011-01-01,3,Random_Forest,Media,Media
portoviejo,2011-01-01,3,Random_Forest,Media,Media
puyo,2011-01-01,3,Random_Forest,Media,Alta
quito,2011-01-01,3,Random_Forest,Alta,Alta
riobamba,2011-01-01,3,Random_Forest,Media,Media
salinas,2011-01-01,3,Random_Forest,Media,Baja
tena,2011-01-01,3,Random_Forest,Alta,Alta
babahoyo,2011-02-01,3,Random_Forest,Alta,Alta
cuenca,2011-02-01,3,Random_Forest,Media,Media
esmeraldas,2011-02-01,3,Random_Forest,Alta,Alta
guayaquil,2011-02-01,3,Random_Forest,Alta,Alta
loja,2011-02-01,3,Random_Forest,Alta,Media
machala,2011-02-01,3,Random_Forest,Alta,Alta
portoviejo,2011-02-01,3,Random_Forest,Media,Alta
puyo,2011-02-01,3,Random_Forest,Alta,Alta
quito,2011-02-01,3,Random_Forest,Alta,Alta
riobamba,2011-02-01,3,Random_Forest,Alta,Media
salinas,2011-02-01,3,Random_Forest,Media,Baja
tena,2011-02-01,3,Random_Forest,Alta,Alta
babahoyo,2011-03-01,3,Random_Forest,Alta,Alta
cuenca,2011-03-01,3,Random_Forest,Media,Media
esmeraldas,2011-03-01,3,Random_Forest,Alta,Alta
guayaquil,2011-03-01,3,Random_Forest,Media,Alta
loja,2011-03-01,3,Random_Forest,Media,Media
machala,2011-03-01,3,Random_Forest,Media,Alta
portoviejo,2011-03-01,3,Random_Forest,Media,Alta
puyo,2011-03-01,3,Random_Forest,Alta,Alta
quito,2011-03-01,3,Random_Forest,Media,Alta
riobamba,2011-03-01,3,Random_Forest,Media,Media
salinas,2011-03-01,3,Random_Forest,Baja,Media
tena,2011-03-01,3,Random_Forest,Alta,Alta
babahoyo,2011-04-01,3,Random_Forest,Alta,Alta
cuenca,2011-04-01,3,Random_Forest,Media,Media
esmeraldas,2011-04-01,3,Random_Forest,Media,Alta
guayaquil,2011-04-01,3,Random_Forest,Alta,Alta
loja,2011-04-01,3,Random_Forest,Media,Media
machala,2011-04-01,3,Random_Forest,Alta,Alta
portoviejo,2011-04-01,3,Random_Forest,Media,Alta
puyo,2011-04-01,3,Random_Forest,Media,Alta
quito,2011-04-01,3,Random_Forest,Alta,Alta
riobamba,2011-04-01,3,Random_Forest,Media,Media
salinas,2011-04-01,3,Random_Forest,Baja,Baja
tena,2011-04-01,3,Random_Forest,Alta,Alta
babahoyo,2011-05-01,3,Random_Forest,Alta,Alta
cuenca,2011-05-01,3,Random_Forest,Baja,Media
esmeraldas,2011-05-01,3,Random_Forest,Baja,Alta
guayaquil,2011-05-01,3,Random_Forest,Media,Alta
loja,2011-05-01,3,Random_Forest,Media,Media
machala,2011-05-01,3,Random_Forest,Baja,Media
portoviejo,2011-05-01,3,Random_Forest,Baja,Media
puyo,2011-05-01,3,Random_Forest,Alta,Alta
quito,2011-05-01,3,Random_Forest,Media,Alta
riobamba,2011-05-01,3,Random_Forest,Baja,Media
salinas,2011-05-01,3,Random_Forest,Baja,Baja
tena,2011-05-01,3,Random_Forest,Alta,Alta
babahoyo,2011-06-01,3,Random_Forest,Alta,Alta
cuenca,2011-06-01,3,Random_Forest,Baja,Baja
esmeraldas,2011-06-01,3,Random_Forest,Media,Baja
guayaquil,2011-06-01,3,Random_Forest,Media,Media
loja,2011-06-01,3,Random_Forest,Baja,Baja
machala,2011-06-01,3,Random_Forest,Baja,Baja
portoviejo,2011-06-01,3,Random_Forest,Baja,Baja
puyo,2011-06-01,3,Random_Forest,Media,Media
quito,2011-06-01,3,Random_Forest,Alta,Media
riobamba,2011-06-01,3,Random_Forest,Baja,Baja
salinas,2011-06-01,3,Random_Forest,Baja,Baja
tena,2011-06-01,3,Random_Forest,Alta,Alta
babahoyo,2011-07-01,3,Random_Forest,Media,Alta
cuenca,2011-07-01,3,Random_Forest,Baja,Baja
esmeraldas,2011-07-01,3,Random_Forest,Media,Baja
guayaquil,2011-07-01,3,Random_Forest,Media,Media
loja,2011-07-01,3,Random_Forest,Baja,Baja
machala,2011-07-01,3,Random_Forest,Baja,Baja
portoviejo,2011-07-01,3,Random_Forest,Baja,Baja
puyo,2011-07-01,3,Random_Forest,Alta,Media
quito,2011-07-01,3,Random_Forest,Media,Media
riobamba,2011-07-01,3,Random_Forest,Media,Baja
salinas,2011-07-01,3,Random_Forest,Baja,Baja
tena,2011-07-01,3,Random_Forest,Alta,Alta
babahoyo,2011-08-01,3,Random_Forest,Baja,Media
cuenca,2011-08-01,3,Random_Forest,Baja,Baja
esmeraldas,2011-08-01,3,Random_Forest,Baja,Baja
guayaquil,2011-08-01,3,Random_Forest,Baja,Media
loja,2011-08-01,3,Random_Forest,Baja,Baja
machala,2011-08-01,3,Random_Forest,Baja,Baja
portoviejo,2011-08-01,3,Random_Forest,Baja,Baja
puyo,2011-08-01,3,Random_Forest,Media,Media
quito,2011-08-01,3,Random_Forest,Alta,Media
riobamba,2011-08-01,3,Random_Forest,Baja,Baja
salinas,2011-08-01,3,Random_Forest,Baja,Baja
tena,2011-08-01,3,Random_Forest,Media,Media
babahoyo,2011-09-01,3,Random_Forest,Media,Media
cuenca,2011-09-01,3,Random_Forest,Baja,Baja
esmeraldas,2011-09-01,3,Random_Forest,Baja,Baja
guayaquil,2011-09-01,3,Random_Forest,Media,Baja
loja,2011-09-01,3,Random_Forest,Baja,Baja
machala,2011-09-01,3,Random_Forest,Baja,Baja
portoviejo,2011-09-01,3,Random_Forest,Baja,Baja
puyo,2011-09-01,3,Random_Forest,Media,Baja
quito,2011-09-01,3,Random_Forest,Media,Alta
riobamba,2011-09-01,3,Random_Forest,Baja,Baja
salinas,2011-09-01,3,Random_Forest,Baja,Baja
tena,2011-09-01,3,Random_Forest,Alta,Media
babahoyo,2011-10-01,3,Random_Forest,Media,Media
cuenca,2011-10-01,3,Random_Forest,Media,Media
esmeraldas,2011-10-01,3,Random_Forest,Baja,Baja
guayaquil,2011-10-01,3,Random_Forest,Baja,Media
loja,2011-10-01,3,Random_Forest,Media,Media
machala,2011-10-01,3,Random_Forest,Baja,Baja
portoviejo,2011-10-01,3,Random_Forest,Baja,Baja
puyo,2011-10-01,3,Random_Forest,Media,Media
quito,2011-10-01,3,Random_Forest,Alta,Media
riobamba,2011-10-01,3,Random_Forest,Media,Media
salinas,2011-10-01,3,Random_Forest,Baja,Baja
tena,2011-10-01,3,Random_Forest,Alta,Alta
babahoyo,2011-11-01,3,Random_Forest,Baja,Media
cuenca,2011-11-01,3,Random_Forest,Alta,Media
esmeraldas,2011-11-01,3,Random_Forest,Baja,Baja
guayaquil,2011-11-01,3,Random_Forest,Baja,Baja
loja,2011-11-01,3,Random_Forest,Alta,Media
machala,2011-11-01,3,Random_Forest,Media,Baja
portoviejo,2011-11-01,3,Random_Forest,Baja,Baja
puyo,2011-11-01,3,Random_Forest,Alta,Alta
quito,2011-11-01,3,Random_Forest,Alta,Alta
riobamba,2011-11-01,3,Random_Forest,Media,Media
salinas,2011-11-01,3,Random_Forest,Baja,Baja
tena,2011-11-01,3,Random_Forest,Alta,Alta
babahoyo,2011-12-01,3,Random_Forest,Alta,Media
cuenca,2011-12-01,3,Random_Forest,Media,Media
esmeraldas,2011-12-01,3,Random_Forest,Baja,Baja
guayaquil,2011-12-01,3,Random_Forest,Baja,Baja
loja,2011-12-01,3,Random_Forest,Media,Media
machala,2011-12-01,3,Random_Forest,Baja,Media
portoviejo,2011-12-01,3,Random_Forest,Baja,Baja
puyo,2011-12-01,3,Random_Forest,Alta,Alta
quito,2011-12-01,3,Random_Forest,Media,Alta
riobamba,2011-12-01,3,Random_Forest,Alta,Media
salinas,2011-12-01,3,Random_Forest,Baja,Baja
tena,2011-12-01,3,Random_Forest,Alta,Alta
babahoyo,2012-01-01,3,Random_Forest,Alta,Alta
cuenca,2012-01-01,3,Random_Forest,Alta,Media
esmeraldas,2012-01-01,3,Random_Forest,Alta,Alta
guayaquil,2012-01-01,3,Random_Forest,Alta,Alta
loja,2012-01-01,3,Random_Forest,Alta,Media
machala,2012-01-01,3,Random_Forest,Alta,Media
portoviejo,2012-01-01,3,Random_Forest,Alta,Alta
puyo,2012-01-01,3,Random_Forest,Alta,Alta
quito,2012-01-01,3,Random_Forest,Alta,Alta
riobamba,2012-01-01,3,Random_Forest,Media,Media
salinas,2012-01-01,3,Random_Forest,Media,Baja
tena,2012-01-01,3,Random_Forest,Alta,Alta
babahoyo,2012-02-01,3,Random_Forest,Alta,Alta
cuenca,2012-02-01,3,Random_Forest,Alta,Alta
esmeraldas,2012-02-01,3,Random_Forest,Alta,Alta
guayaquil,2012-02-01,3,Random_Forest,Alta,Alta
loja,2012-02-01,3,Random_Forest,Alta,Alta
machala,2012-02-01,3,Random_Forest,Alta,Alta
portoviejo,2012-02-01,3,Random_Forest,Alta,Alta
puyo,2012-02-01,3,Random_Forest,Alta,Alta
quito,2012-02-01,3,Random_Forest,Alta,Alta
riobamba,2012-02-01,3,Random_Forest,Media,Alta
salinas,2012-02-01,3,Random_Forest,Alta,Media
tena,2012-02-01,3,Random_Forest,Alta,Alta
babahoyo,2012-03-01,3,Random_Forest,Alta,Alta
cuenca,2012-03-01,3,Random_Forest,Media,Alta
esmeraldas,2012-03-01,3,Random_Forest,Alta,Alta
guayaquil,2012-03-01,3,Random_Forest,Alta,Alta
loja,2012-03-01,3,Random_Forest,Alta,Alta
machala,2012-03-01,3,Random_Forest,Alta,Alta
portoviejo,2012-03-01,3,Random_Forest,Alta,Alta
puyo,2012-03-01,3,Random_Forest,Media,Alta
quito,2012-03-01,3,Random_Forest,Alta,Alta
riobamba,2012-03-01,3,Random_Forest,Alta,Media
salinas,2012-03-01,3,Random_Forest,Media,Alta
tena,2012-03-01,3,Random_Forest,Alta,Alta
babahoyo,2012-04-01,3,Random_Forest,Alta,Alta
cuenca,2012-04-01,3,Random_Forest,Media,Media
esmeraldas,2012-04-01,3,Random_Forest,Alta,Alta
guayaquil,2012-04-01,3,Random_Forest,Alta,Alta
loja,2012-04-01,3,Random_Forest,Media,Media
machala,2012-04-01,3,Random_Forest,Alta,Alta
portoviejo,2012-04-01,3,Random_Forest,Alta,Alta
puyo,2012-04-01,3,Random_Forest,Alta,Media
quito,2012-04-01,3,Random_Forest,Alta,Alta
riobamba,2012-04-01,3,Random_Forest,Media,Media
salinas,2012-04-01,3,Random_Forest,Media,Baja
tena,2012-04-01,3,Random_Forest,Alta,Alta
babahoyo,2012-05-01,3,Random_Forest,Alta,Alta
cuenca,2012-05-01,3,Random_Forest,Baja,Media
esmeraldas,2012-05-01,3,Random_Forest,Alta,Alta
guayaquil,2012-05-01,3,Random_Forest,Alta,Alta
loja,2012-05-01,3,Random_Forest,Baja,Media
machala,2012-05-01,3,Random_Forest,Media,Alta
portoviejo,2012-05-01,3,Random_Forest,Media,Media
puyo,2012-05-01,3,Random_Forest,Alta,Alta
quito,2012-05-01,3,Random_Forest,Alta,Alta
riobamba,2012-05-01,3,Random_Forest,Media,Media
salinas,2012-05-01,3,Random_Forest,Baja,Baja
tena,2012-05-01,3,Random_Forest,Alta,Alta
babahoyo,2012-06-01,3,Random_Forest,Alta,Alta
cuenca,2012-06-01,3,Random_Forest,Baja,Baja
esmeraldas,2012-06-01,3,Random_Forest,Media,Alta
guayaquil,2012-06-01,3,Random_Forest,Alta,Alta
loja,2012-06-01,3,Random_Forest,Baja,Baja
machala,2012-06-01,3,Random_Forest,Baja,Baja
portoviejo,2012-06-01,3,Random_Forest,Baja,Media
puyo,2012-06-01,3,Random_Forest,Media,Media
quito,2012-06-01,3,Random_Forest,Media,Media
riobamba,2012-06-01,3,Random_Forest,Baja,Baja
salinas,2012-06-01,3,Random_Forest,Baja,Baja
tena,2012-06-01,3,Random_Forest,Media,Alta
babahoyo,2012-07-01,3,Random_Forest,Media,Alta
cuenca,2012-07-01,3,Random_Forest,Baja,Baja
esmeraldas,2012-07-01,3,Random_Forest,Baja,Baja
guayaquil,2012-07-01,3,Random_Forest,Media,Media
loja,2012-07-01,3,Random_Forest,Baja,Baja
machala,2012-07-01,3,Random_Forest,Baja,Baja
portoviejo,2012-07-01,3,Random_Forest,Baja,Baja
puyo,2012-07-01,3,Random_Forest,Alta,Media
quito,2012-07-01,3,Random_Forest,Baja,Media
riobamba,2012-07-01,3,Random_Forest,Baja,Baja
salinas,2012-07-01,3,Random_Forest,Baja,Baja
tena,2012-07-01,3,Random_Forest,Alta,Alta
babahoyo,2012-08-01,3,Random_Forest,Media,Media
cuenca,2012-08-01,3,Random_Forest,Media,Baja
esmeraldas,2012-08-01,3,Random_Forest,Baja,Baja
guayaquil,2012-08-01,3,Random_Forest,Media,Baja
loja,2012-08-01,3,Random_Forest,Baja,Baja
machala,2012-08-01,3,Random_Forest,Baja,Baja
portoviejo,2012-08-01,3,Random_Forest,Baja,Baja
puyo,2012-08-01,3,Random_Forest,Alta,Media
quito,2012-08-01,3,Random_Forest,Baja,Media
riobamba,2012-08-01,3,Random_Forest,Baja,Baja
salinas,2012-08-01,3,Random_Forest,Baja,Baja
tena,2012-08-01,3,Random_Forest,Alta,Media
babahoyo,2012-09-01,3,Random_Forest,Media,Media
cuenca,2012-09-01,3,Random_Forest,Baja,Baja
esmeraldas,2012-09-01,3,Random_Forest,Baja,Baja
guayaquil,2012-09-01,3,Random_Forest,Media,Media
loja,2012-09-01,3,Random_Forest,Baja,Baja
machala,2012-09-01,3,Random_Forest,Baja,Baja
portoviejo,2012-09-01,3,Random_Forest,Baja,Baja
puyo,2012-09-01,3,Random_Forest,Media,Media
quito,2012-09-01,3,Random_Forest,Media,Media
riobamba,2012-09-01,3,Random_Forest,Baja,Baja
salinas,2012-09-01,3,Random_Forest,Baja,Baja
tena,2012-09-01,3,Random_Forest,Media,Media
babahoyo,2012-10-01,3,Random_Forest,Baja,Media
cuenca,2012-10-01,3,Random_Forest,Media,Media
esmeraldas,2012-10-01,3,Random_Forest,Baja,Baja
guayaquil,2012-10-01,3,Random_Forest,Baja,Media
loja,2012-10-01,3,Random_Forest,Alta,Media
machala,2012-10-01,3,Random_Forest,Baja,Baja
portoviejo,2012-10-01,3,Random_Forest,Baja,Baja
puyo,2012-10-01,3,Random_Forest,Alta,Media
quito,2012-10-01,3,Random_Forest,Alta,Media
riobamba,2012-10-01,3,Random_Forest,Alta,Media
salinas,2012-10-01,3,Random_Forest,Baja,Baja
tena,2012-10-01,3,Random_Forest,Alta,Alta
babahoyo,2012-11-01,3,Random_Forest,Media,Media
cuenca,2012-11-01,3,Random_Forest,Media,Media
esmeraldas,2012-11-01,3,Random_Forest,Media,Baja
guayaquil,2012-11-01,3,Random_Forest,Baja,Baja
loja,2012-11-01,3,Random_Forest,Media,Media
machala,2012-11-01,3,Random_Forest,Baja,Baja
portoviejo,2012-11-01,3,Random_Forest,Baja,Baja
puyo,2012-11-01,3,Random_Forest,Alta,Alta
quito,2012-11-01,3,Random_Forest,Alta,Alta
riobamba,2012-11-01,3,Random_Forest,Media,Media
salinas,2012-11-01,3,Random_Forest,Baja,Baja
tena,2012-11-01,3,Random_Forest,Alta,Alta
babahoyo,2012-12-01,3,Random_Forest,Media,Alta
cuenca,2012-12-01,3,Random_Forest,Media,Alta
esmeraldas,2012-12-01,3,Random_Forest,Baja,Media
guayaquil,2012-12-01,3,Random_Forest,Baja,Baja
loja,2012-12-01,3,Random_Forest,Baja,Media
machala,2012-12-01,3,Random_Forest,Baja,Baja
portoviejo,2012-12-01,3,Random_Forest,Baja,Baja
puyo,2012-12-01,3,Random_Forest,Alta,Alta
quito,2012-12-01,3,Random_Forest,Alta,Alta
riobamba,2012-12-01,3,Random_Forest,Media,Media
salinas,2012-12-01,3,Random_Forest,Baja,Baja
tena,2012-12-01,3,Random_Forest,Alta,Alta
babahoyo,2013-01-01,3,Random_Forest,Alta,Alta
cuenca,2013-01-01,3,Random_Forest,Media,Media
esmeraldas,2013-01-01,3,Random_Forest,Alta,Alta
guayaquil,2013-01-01,3,Random_Forest,Alta,Alta
loja,2013-01-01,3,Random_Forest,Media,Media
machala,2013-01-01,3,Random_Forest,Media,Media
portoviejo,2013-01-01,3,Random_Forest,Media,Alta
puyo,2013-01-01,3,Random_Forest,Media,Alta
quito,2013-01-01,3,Random_Forest,Media,Alta
riobamba,2013-01-01,3,Random_Forest,Media,Media
salinas,2013-01-01,3,Random_Forest,Baja,Baja
tena,2013-01-01,3,Random_Forest,Media,Alta
babahoyo,2013-02-01,3,Random_Forest,Alta,Alta
cuenca,2013-02-01,3,Random_Forest,Alta,Alta
esmeraldas,2013-02-01,3,Random_Forest,Alta,Alta
guayaquil,2013-02-01,3,Random_Forest,Alta,Alta
loja,2013-02-01,3,Random_Forest,Alta,Media
machala,2013-02-01,3,Random_Forest,Media,Alta
portoviejo,2013-02-01,3,Random_Forest,Alta,Alta
puyo,2013-02-01,3,Random_Forest,Alta,Media
quito,2013-02-01,3,Random_Forest,Alta,Alta
riobamba,2013-02-01,3,Random_Forest,Alta,Media
salinas,2013-02-01,3,Random_Forest,Media,Baja
tena,2013-02-01,3,Random_Forest,Alta,Alta
babahoyo,2013-03-01,3,Random_Forest,Alta,Alta
cuenca,2013-03-01,3,Random_Forest,Media,Media
esmeraldas,2013-03-01,3,Random_Forest,Alta,Alta
guayaquil,2013-03-01,3,Random_Forest,Alta,Alta
loja,2013-03-01,3,Random_Forest,Media,Alta
machala,2013-03-01,3,Random_Forest,Alta,Alta
portoviejo,2013-03-01,3,Random_Forest,Alta,Alta
puyo,2013-03-01,3,Random_Forest,Media,Alta
quito,2013-03-01,3,Random_Forest,Alta,Alta
riobamba,2013-03-01,3,Random_Forest,Media,Alta
salinas,2013-03-01,3,Random_Forest,Alta,Media
tena,2013-03-01,3,Random_Forest,Alta,Alta
babahoyo,2013-04-01,3,Random_Forest,Alta,Alta
cuenca,2013-04-01,3,Random_Forest,Baja,Media
esmeraldas,2013-04-01,3,Random_Forest,Alta,Alta
guayaquil,2013-04-01,3,Random_Forest,Alta,Alta
loja,2013-04-01,3,Random_Forest,Baja,Media
machala,2013-04-01,3,Random_Forest,Alta,Alta
portoviejo,2013-04-01,3,Random_Forest,Media,Alta
puyo,2013-04-01,3,Random_Forest,Media,Alta
quito,2013-04-01,3,Random_Forest,Alta,Alta
riobamba,2013-04-01,3,Random_Forest,Media,Media
salinas,2013-04-01,3,Random_Forest,Baja,Media
tena,2013-04-01,3,Random_Forest,Alta,Alta
babahoyo,2013-05-01,3,Random_Forest,Alta,Alta
cuenca,2013-05-01,3,Random_Forest,Media,Baja
esmeraldas,2013-05-01,3,Random_Forest,Alta,Alta
guayaquil,2013-05-01,3,Random_Forest,Alta,Alta
loja,2013-05-01,3,Random_Forest,Baja,Baja
machala,2013-05-01,3,Random_Forest,Media,Media
portoviejo,2013-05-01,3,Random_Forest,Baja,Media
puyo,2013-05-01,3,Random_Forest,Media,Media
quito,2013-05-01,3,Random_Forest,Alta,Alta
riobamba,2013-05-01,3,Random_Forest,Media,Media
salinas,2013-05-01,3,Random_Forest,Baja,Baja
tena,2013-05-01,3,Random_Forest,Alta,Alta
babahoyo,2013-06-01,3,Random_Forest,Baja,Alta
cuenca,2013-06-01,3,Random_Forest,Baja,Baja
esmeraldas,2013-06-01,3,Random_Forest,Baja,Baja
guayaquil,2013-06-01,3,Random_Forest,Baja,Media
loja,2013-06-01,3,Random_Forest,Baja,Baja
machala,2013-06-01,3,Random_Forest,Baja,Baja
portoviejo,2013-06-01,3,Random_Forest,Baja,Baja
puyo,2013-06-01,3,Random_Forest,Media,Media
quito,2013-06-01,3,Random_Forest,Media,Media
riobamba,2013-06-01,3,Random_Forest,Baja,Baja
salinas,2013-06-01,3,Random_Forest,Baja,Baja
tena,2013-06-01,3,Random_Forest,Alta,Alta
babahoyo,2013-07-01,3,Random_Forest,Media,Media
cuenca,2013-07-01,3,Random_Forest,Baja,Baja
esmeraldas,2013-07-01,3,Random_Forest,Baja,Baja
guayaquil,2013-07-01,3,Random_Forest,Baja,Baja
loja,2013-07-01,3,Random_Forest,Media,Baja
machala,2013-07-01,3,Random_Forest,Baja,Baja
portoviejo,2013-07-01,3,Random_Forest,Baja,Baja
puyo,2013-07-01,3,Random_Forest,Media,Media
quito,2013-07-01,3,Random_Forest,Media,Media
riobamba,2013-07-01,3,Random_Forest,Baja,Baja
salinas,2013-07-01,3,Random_Forest,Baja,Baja
tena,2013-07-01,3,Random_Forest,Alta,Alta
babahoyo,2013-08-01,3,Random_Forest,Baja,Baja
cuenca,2013-08-01,3,Random_Forest,Baja,Baja
esmeraldas,2013-08-01,3,Random_Forest,Baja,Baja
guayaquil,2013-08-01,3,Random_Forest,Baja,Baja
loja,2013-08-01,3,Random_Forest,Baja,Baja
machala,2013-08-01,3,Random_Forest,Baja,Baja
portoviejo,2013-08-01,3,Random_Forest,Baja,Baja
puyo,2013-08-01,3,Random_Forest,Media,Media
quito,2013-08-01,3,Random_Forest,Media,Baja
riobamba,2013-08-01,3,Random_Forest,Baja,Baja
salinas,2013-08-01,3,Random_Forest,Baja,Baja
tena,2013-08-01,3,Random_Forest,Alta,Alta
babahoyo,2013-09-01,3,Random_Forest,Media,Media
cuenca,2013-09-01,3,Random_Forest,Baja,Baja
esmeraldas,2013-09-01,3,Random_Forest,Media,Baja
guayaquil,2013-09-01,3,Random_Forest,Baja,Baja
loja,2013-09-01,3,Random_Forest,Baja,Baja
machala,2013-09-01,3,Random_Forest,Baja,Baja
portoviejo,2013-09-01,3,Random_Forest,Baja,Baja
puyo,2013-09-01,3,Random_Forest,Baja,Media
quito,2013-09-01,3,Random_Forest,Alta,Media
riobamba,2013-09-01,3,Random_Forest,Baja,Baja
salinas,2013-09-01,3,Random_Forest,Baja,Baja
tena,2013-09-01,3,Random_Forest,Media,Media
babahoyo,2013-10-01,3,Random_Forest,Baja,Media
cuenca,2013-10-01,3,Random_Forest,Media,Media
esmeraldas,2013-10-01,3,Random_Forest,Baja,Baja
guayaquil,2013-10-01,3,Random_Forest,Baja,Baja
loja,2013-10-01,3,Random_Forest,Media,Media
machala,2013-10-01,3,Random_Forest,Baja,Baja
portoviejo,2013-10-01,3,Random_Forest,Baja,Baja
puyo,2013-10-01,3,Random_Forest,Baja,Media
quito,2013-10-01,3,Random_Forest,Alta,Alta
riobamba,2013-10-01,3,Random_Forest,Media,Media
salinas,2013-10-01,3,Random_Forest,Baja,Baja
tena,2013-10-01,3,Random_Forest,Alta,Media
babahoyo,2013-11-01,3,Random_Forest,Media,Media
cuenca,2013-11-01,3,Random_Forest,Alta,Media
esmeraldas,2013-11-01,3,Random_Forest,Baja,Baja
guayaquil,2013-11-01,3,Random_Forest,Baja,Baja
loja,2013-11-01,3,Random_Forest,Baja,Media
machala,2013-11-01,3,Random_Forest,Baja,Baja
portoviejo,2013-11-01,3,Random_Forest,Baja,Baja
puyo,2013-11-01,3,Random_Forest,Alta,Alta
quito,2013-11-01,3,Random_Forest,Media,Alta
riobamba,2013-11-01,3,Random_Forest,Media,Media
salinas,2013-11-01,3,Random_Forest,Baja,Baja
tena,2013-11-01,3,Random_Forest,Alta,Alta
babahoyo,2013-12-01,3,Random_Forest,Media,Media
cuenca,2013-12-01,3,Random_Forest,Alta,Media
esmeraldas,2013-12-01,3,Random_Forest,Baja,Baja
guayaquil,2013-12-01,3,Random_Forest,Baja,Baja
loja,2013-12-01,3,Random_Forest,Baja,Media
machala,2013-12-01,3,Random_Forest,Baja,Baja
portoviejo,2013-12-01,3,Random_Forest,Baja,Baja
puyo,2013-12-01,3,Random_Forest,Alta,Alta
quito,2013-12-01,3,Random_Forest,Media,Alta
riobamba,2013-12-01,3,Random_Forest,Media,Media
salinas,2013-12-01,3,Random_Forest,Baja,Baja
tena,2013-12-01,3,Random_Forest,Alta,Alta
babahoyo,2014-01-01,4,Random_Forest,Alta,Alta
cuenca,2014-01-01,4,Random_Forest,Alta,Media
esmeraldas,2014-01-01,4,Random_Forest,Alta,Alta
guayaquil,2014-01-01,4,Random_Forest,Alta,Alta
loja,2014-01-01,4,Random_Forest,Media,Media
machala,2014-01-01,4,Random_Forest,Media,Media
portoviejo,2014-01-01,4,Random_Forest,Alta,Alta
puyo,2014-01-01,4,Random_Forest,Alta,Alta
quito,2014-01-01,4,Random_Forest,Alta,Alta
riobamba,2014-01-01,4,Random_Forest,Media,Media
salinas,2014-01-01,4,Random_Forest,Baja,Baja
tena,2014-01-01,4,Random_Forest,Alta,Alta
babahoyo,2014-02-01,4,Random_Forest,Alta,Alta
cuenca,2014-02-01,4,Random_Forest,Media,Media
esmeraldas,2014-02-01,4,Random_Forest,Alta,Alta
guayaquil,2014-02-01,4,Random_Forest,Media,Alta
loja,2014-02-01,4,Random_Forest,Media,Media
machala,2014-02-01,4,Random_Forest,Baja,Alta
portoviejo,2014-02-01,4,Random_Forest,Media,Alta
puyo,2014-02-01,4,Random_Forest,Alta,Alta
quito,2014-02-01,4,Random_Forest,Alta,Alta
riobamba,2014-02-01,4,Random_Forest,Media,Media
salinas,2014-02-01,4,Random_Forest,Baja,Media
tena,2014-02-01,4,Random_Forest,Alta,Alta
babahoyo,2014-03-01,4,Random_Forest,Alta,Alta
cuenca,2014-03-01,4,Random_Forest,Media,Media
esmeraldas,2014-03-01,4,Random_Forest,Media,Alta
guayaquil,2014-03-01,4,Random_Forest,Alta,Alta
loja,2014-03-01,4,Random_Forest,Media,Media
machala,2014-03-01,4,Random_Forest,Media,Alta
portoviejo,2014-03-01,4,Random_Forest,Media,Alta
puyo,2014-03-01,4,Random_Forest,Alta,Alta
quito,2014-03-01,4,Random_Forest,Alta,Alta
riobamba,2014-03-01,4,Random_Forest,Alta,Media
salinas,2014-03-01,4,Random_Forest,Baja,Baja
tena,2014-03-01,4,Random_Forest,Alta,Alta
babahoyo,2014-04-01,4,Random_Forest,Alta,Alta
cuenca,2014-04-01,4,Random_Forest,Baja,Media
esmeraldas,2014-04-01,4,Random_Forest,Alta,Alta
guayaquil,2014-04-01,4,Random_Forest,Alta,Alta
loja,2014-04-01,4,Random_Forest,Baja,Media
machala,2014-04-01,4,Random_Forest,Media,Media
portoviejo,2014-04-01,4,Random_Forest,Media,Alta
puyo,2014-04-01,4,Random_Forest,Media,Alta
quito,2014-04-01,4,Random_Forest,Media,Alta
riobamba,2014-04-01,4,Random_Forest,Media,Media
salinas,2014-04-01,4,Random_Forest,Baja,Baja
tena,2014-04-01,4,Random_Forest,Alta,Alta
babahoyo,2014-05-01,4,Random_Forest,Alta,Alta
cuenca,2014-05-01,4,Random_Forest,Alta,Baja
esmeraldas,2014-05-01,4,Random_Forest,Media,Media
guayaquil,2014-05-01,4,Random_Forest,Alta,Alta
loja,2014-05-01,4,Random_Forest,Media,Baja
machala,2014-05-01,4,Random_Forest,Alta,Media
portoviejo,2014-05-01,4,Random_Forest,Baja,Media
puyo,2014-05-01,4,Random_Forest,Alta,Alta
quito,2014-05-01,4,Random_Forest,Alta,Alta
riobamba,2014-05-01,4,Random_Forest,Media,Media
salinas,2014-05-01,4,Random_Forest,Baja,Baja
tena,2014-05-01,4,Random_Forest,Alta,Alta
babahoyo,2014-06-01,4,Random_Forest,Alta,Alta
cuenca,2014-06-01,4,Random_Forest,Baja,Baja
esmeraldas,2014-06-01,4,Random_Forest,Alta,Baja
guayaquil,2014-06-01,4,Random_Forest,Media,Alta
loja,2014-06-01,4,Random_Forest,Media,Baja
machala,2014-06-01,4,Random_Forest,Baja,Alta
portoviejo,2014-06-01,4,Random_Forest,Baja,Baja
puyo,2014-06-01,4,Random_Forest,Alta,Alta
quito,2014-06-01,4,Random_Forest,Media,Media
riobamba,2014-06-01,4,Random_Forest,Baja,Baja
salinas,2014-06-01,4,Random_Forest,Baja,Baja
tena,2014-06-01,4,Random_Forest,Alta,Alta
babahoyo,2014-07-01,4,Random_Forest,Alta,Media
cuenca,2014-07-01,4,Random_Forest,Baja,Baja
esmeraldas,2014-07-01,4,Random_Forest,Media,Media
guayaquil,2014-07-01,4,Random_Forest,Media,Media
loja,2014-07-01,4,Random_Forest,Baja,Baja
machala,2014-07-01,4,Random_Forest,Baja,Baja
portoviejo,2014-07-01,4,Random_Forest,Baja,Baja
puyo,2014-07-01,4,Random_Forest,Media,Media
quito,2014-07-01,4,Random_Forest,Baja,Media
riobamba,2014-07-01,4,Random_Forest,Baja,Baja
salinas,2014-07-01,4,Random_Forest,Baja,Baja
tena,2014-07-01,4,Random_Forest,Alta,Alta
babahoyo,2014-08-01,4,Random_Forest,Alta,Media
cuenca,2014-08-01,4,Random_Forest,Baja,Baja
esmeraldas,2014-08-01,4,Random_Forest,Media,Baja
guayaquil,2014-08-01,4,Random_Forest,Alta,Media
loja,2014-08-01,4,Random_Forest,Baja,Baja
machala,2014-08-01,4,Random_Forest,Baja,Baja
portoviejo,2014-08-01,4,Random_Forest,Baja,Baja
puyo,2014-08-01,4,Random_Forest,Media,Media
quito,2014-08-01,4,Random_Forest,Baja,Media
riobamba,2014-08-01,4,Random_Forest,Baja,Baja
salinas,2014-08-01,4,Random_Forest,Baja,Baja
tena,2014-08-01,4,Random_Forest,Media,Alta
babahoyo,2014-09-01,4,Random_Forest,Alta,Media
cuenca,2014-09-01,4,Random_Forest,Baja,Baja
esmeraldas,2014-09-01,4,Random_Forest,Media,Baja
guayaquil,2014-09-01,4,Random_Forest,Media,Media
loja,2014-09-01,4,Random_Forest,Baja,Baja
machala,2014-09-01,4,Random_Forest,Baja,Baja
portoviejo,2014-09-01,4,Random_Forest,Baja,Baja
puyo,2014-09-01,4,Random_Forest,Baja,Baja
quito,2014-09-01,4,Random_Forest,Media,Media
riobamba,2014-09-01,4,Random_Forest,Baja,Baja
salinas,2014-09-01,4,Random_Forest,Baja,Baja
tena,2014-09-01,4,Random_Forest,Baja,Media
babahoyo,2014-10-01,4,Random_Forest,Alta,Media
cuenca,2014-10-01,4,Random_Forest,Media,Baja
esmeraldas,2014-10-01,4,Random_Forest,Baja,Baja
guayaquil,2014-10-01,4,Random_Forest,Media,Media
loja,2014-10-01,4,Random_Forest,Baja,Baja
machala,2014-10-01,4,Random_Forest,Baja,Baja
portoviejo,2014-10-01,4,Random_Forest,Baja,Baja
puyo,2014-10-01,4,Random_Forest,Media,Media
quito,2014-10-01,4,Random_Forest,Alta,Alta
riobamba,2014-10-01,4,Random_Forest,Media,Media
salinas,2014-10-01,4,Random_Forest,Baja,Baja
tena,2014-10-01,4,Random_Forest,Alta,Media
babahoyo,2014-11-01,4,Random_Forest,Baja,Alta
cuenca,2014-11-01,4,Random_Forest,Alta,Media
esmeraldas,2014-11-01,4,Random_Forest,Baja,Media
guayaquil,2014-11-01,4,Random_Forest,Baja,Media
loja,2014-11-01,4,Random_Forest,Media,Media
machala,2014-11-01,4,Random_Forest,Baja,Baja
portoviejo,2014-11-01,4,Random_Forest,Baja,Baja
puyo,2014-11-01,4,Random_Forest,Alta,Alta
quito,2014-11-01,4,Random_Forest,Media,Alta
riobamba,2014-11-01,4,Random_Forest,Media,Media
salinas,2014-11-01,4,Random_Forest,Baja,Baja
tena,2014-11-01,4,Random_Forest,Alta,Alta
babahoyo,2014-12-01,4,Random_Forest,Alta,Media
cuenca,2014-12-01,4,Random_Forest,Media,Media
esmeraldas,2014-12-01,4,Random_Forest,Media,Baja
guayaquil,2014-12-01,4,Random_Forest,Media,Baja
loja,2014-12-01,4,Random_Forest,Media,Media
machala,2014-12-01,4,Random_Forest,Media,Baja
portoviejo,2014-12-01,4,Random_Forest,Baja,Baja
puyo,2014-12-01,4,Random_Forest,Media,Media
quito,2014-12-01,4,Random_Forest,Alta,Alta
riobamba,2014-12-01,4,Random_Forest,Media,Media
salinas,2014-12-01,4,Random_Forest,Baja,Baja
tena,2014-12-01,4,Random_Forest,Alta,Alta
babahoyo,2015-01-01,4,Random_Forest,Alta,Alta
cuenca,2015-01-01,4,Random_Forest,Alta,Media
esmeraldas,2015-01-01,4,Random_Forest,Alta,Alta
guayaquil,2015-01-01,4,Random_Forest,Alta,Alta
loja,2015-01-01,4,Random_Forest,Media,Media
machala,2015-01-01,4,Random_Forest,Alta,Media
portoviejo,2015-01-01,4,Random_Forest,Media,Alta
puyo,2015-01-01,4,Random_Forest,Media,Media
quito,2015-01-01,4,Random_Forest,Alta,Alta
riobamba,2015-01-01,4,Random_Forest,Media,Media
salinas,2015-01-01,4,Random_Forest,Baja,Baja
tena,2015-01-01,4,Random_Forest,Alta,Alta
babahoyo,2015-02-01,4,Random_Forest,Alta,Alta
cuenca,2015-02-01,4,Random_Forest,Media,Media
esmeraldas,2015-02-01,4,Random_Forest,Media,Alta
guayaquil,2015-02-01,4,Random_Forest,Alta,Alta
loja,2015-02-01,4,Random_Forest,Baja,Media
machala,2015-02-01,4,Random_Forest,Media,Alta
portoviejo,2015-02-01,4,Random_Forest,Baja,Alta
puyo,2015-02-01,4,Random_Forest,Alta,Alta
quito,2015-02-01,4,Random_Forest,Media,Alta
riobamba,2015-02-01,4,Random_Forest,Baja,Media
salinas,2015-02-01,4,Random_Forest,Baja,Baja
tena,2015-02-01,4,Random_Forest,Alta,Alta
babahoyo,2015-03-01,4,Random_Forest,Alta,Alta
cuenca,2015-03-01,4,Random_Forest,Alta,Media
esmeraldas,2015-03-01,4,Random_Forest,Media,Alta
guayaquil,2015-03-01,4,Random_Forest,Alta,Alta
loja,2015-03-01,4,Random_Forest,Alta,Media
machala,2015-03-01,4,Random_Forest,Alta,Media
portoviejo,2015-03-01,4,Random_Forest,Alta,Media
puyo,2015-03-01,4,Random_Forest,Alta,Alta
quito,2015-03-01,4,Random_Forest,Alta,Alta
riobamba,2015-03-01,4,Random_Forest,Alta,Media
salinas,2015-03-01,4,Random_Forest,Media,Media
tena,2015-03-01,4,Random_Forest,Alta,Alta
babahoyo,2015-04-01,4,Random_Forest,Alta,Alta
cuenca,2015-04-01,4,Random_Forest,Media,Media
esmeraldas,2015-04-01,4,Random_Forest,Alta,Alta
guayaquil,2015-04-01,4,Random_Forest,Alta,Alta
loja,2015-04-01,4,Random_Forest,Media,Media
machala,2015-04-01,4,Random_Forest,Alta,Alta
portoviejo,2015-04-01,4,Random_Forest,Media,Media
puyo,2015-04-01,4,Random_Forest,Media,Media
quito,2015-04-01,4,Random_Forest,Media,Alta
riobamba,2015-04-01,4,Random_Forest,Alta,Media
salinas,2015-04-01,4,Random_Forest,Baja,Baja
tena,2015-04-01,4,Random_Forest,Media,Alta
babahoyo,2015-05-01,4,Random_Forest,Alta,Alta
cuenca,2015-05-01,4,Random_Forest,Baja,Media
esmeraldas,2015-05-01,4,Random_Forest,Alta,Alta
guayaquil,2015-05-01,4,Random_Forest,Alta,Alta
loja,2015-05-01,4,Random_Forest,Baja,Media
machala,2015-05-01,4,Random_Forest,Alta,Alta
portoviejo,2015-05-01,4,Random_Forest,Media,Media
puyo,2015-05-01,4,Random_Forest,Media,Alta
quito,2015-05-01,4,Random_Forest,Media,Media
riobamba,2015-05-01,4,Random_Forest,Baja,Media
salinas,2015-05-01,4,Random_Forest,Baja,Baja
tena,2015-05-01,4,Random_Forest,Alta,Alta
babahoyo,2015-06-01,4,Random_Forest,Alta,Alta
cuenca,2015-06-01,4,Random_Forest,Baja,Baja
esmeraldas,2015-06-01,4,Random_Forest,Alta,Alta
guayaquil,2015-06-01,4,Random_Forest,Alta,Alta
loja,2015-06-01,4,Random_Forest,Baja,Baja
machala,2015-06-01,4,Random_Forest,Baja,Alta
portoviejo,2015-06-01,4,Random_Forest,Media,Baja
puyo,2015-06-01,4,Random_Forest,Media,Media
quito,2015-06-01,4,Random_Forest,Media,Media
riobamba,2015-06-01,4,Random_Forest,Baja,Baja
salinas,2015-06-01,4,Random_Forest,Baja,Baja
tena,2015-06-01,4,Random_Forest,Alta,Alta
babahoyo,2015-07-01,4,Random_Forest,Alta,Alta
cuenca,2015-07-01,4,Random_Forest,Baja,Baja
esmeraldas,2015-07-01,4,Random_Forest,Media,Baja
guayaquil,2015-07-01,4,Random_Forest,Alta,Media
loja,2015-07-01,4,Random_Forest,Baja,Baja
machala,2015-07-01,4,Random_Forest,Baja,Baja
portoviejo,2015-07-01,4,Random_Forest,Baja,Baja
puyo,2015-07-01,4,Random_Forest,Baja,Alta
quito,2015-07-01,4,Random_Forest,Media,Media
riobamba,2015-07-01,4,Random_Forest,Baja,Baja
salinas,2015-07-01,4,Random_Forest,Baja,Baja
tena,2015-07-01,4,Random_Forest,Alta,Alta
babahoyo,2015-08-01,4,Random_Forest,Baja,Alta
cuenca,2015-08-01,4,Random_Forest,Baja,Baja
esmeraldas,2015-08-01,4,Random_Forest,Media,Media
guayaquil,2015-08-01,4,Random_Forest,Baja,Media
loja,2015-08-01,4,Random_Forest,Baja,Baja
machala,2015-08-01,4,Random_Forest,Baja,Baja
portoviejo,2015-08-01,4,Random_Forest,Baja,Baja
puyo,2015-08-01,4,Random_Forest,Baja,Baja
quito,2015-08-01,4,Random_Forest,Baja,Media
riobamba,2015-08-01,4,Random_Forest,Baja,Baja
salinas,2015-08-01,4,Random_Forest,Baja,Baja
tena,2015-08-01,4,Random_Forest,Media,Media
babahoyo,2015-09-01,4,Random_Forest,Media,Media
cuenca,2015-09-01,4,Random_Forest,Baja,Baja
esmeraldas,2015-09-01,4,Random_Forest,Baja,Baja
guayaquil,2015-09-01,4,Random_Forest,Baja,Media
loja,2015-09-01,4,Random_Forest,Baja,Baja
machala,2015-09-01,4,Random_Forest,Baja,Baja
portoviejo,2015-09-01,4,Random_Forest,Baja,Baja
puyo,2015-09-01,4,Random_Forest,Baja,Baja
quito,2015-09-01,4,Random_Forest,Media,Media
riobamba,2015-09-01,4,Random_Forest,Baja,Baja
salinas,2015-09-01,4,Random_Forest,Baja,Baja
tena,2015-09-01,4,Random_Forest,Baja,Media
babahoyo,2015-10-01,4,Random_Forest,Alta,Alta
cuenca,2015-10-01,4,Random_Forest,Media,Media
esmeraldas,2015-10-01,4,Random_Forest,Alta,Baja
guayaquil,2015-10-01,4,Random_Forest,Media,Media
loja,2015-10-01,4,Random_Forest,Baja,Media
machala,2015-10-01,4,Random_Forest,Baja,Baja
portoviejo,2015-10-01,4,Random_Forest,Baja,Baja
puyo,2015-10-01,4,Random_Forest,Media,Alta
quito,2015-10-01,4,Random_Forest,Alta,Alta
riobamba,2015-10-01,4,Random_Forest,Media,Media
salinas,2015-10-01,4,Random_Forest,Baja,Baja
tena,2015-10-01,4,Random_Forest,Alta,Alta
babahoyo,2015-11-01,4,Random_Forest,Alta,Alta
cuenca,2015-11-01,4,Random_Forest,Baja,Media
esmeraldas,2015-11-01,4,Random_Forest,Alta,Media
guayaquil,2015-11-01,4,Random_Forest,Media,Alta
loja,2015-11-01,4,Random_Forest,Media,Media
machala,2015-11-01,4,Random_Forest,Alta,Baja
portoviejo,2015-11-01,4,Random_Forest,Baja,Baja
puyo,2015-11-01,4,Random_Forest,Alta,Alta
quito,2015-11-01,4,Random_Forest,Alta,Alta
riobamba,2015-11-01,4,Random_Forest,Media,Media
salinas,2015-11-01,4,Random_Forest,Baja,Baja
tena,2015-11-01,4,Random_Forest,Alta,Alta
babahoyo,2015-12-01,4,Random_Forest,Alta,Alta
cuenca,2015-12-01,4,Random_Forest,Baja,Media
esmeraldas,2015-12-01,4,Random_Forest,Alta,Media
guayaquil,2015-12-01,4,Random_Forest,Alta,Media
loja,2015-12-01,4,Random_Forest,Baja,Media
machala,2015-12-01,4,Random_Forest,Media,Media
portoviejo,2015-12-01,4,Random_Forest,Media,Baja
puyo,2015-12-01,4,Random_Forest,Alta,Alta
quito,2015-12-01,4,Random_Forest,Media,Alta
riobamba,2015-12-01,4,Random_Forest,Media,Media
salinas,2015-12-01,4,Random_Forest,Baja,Baja
tena,2015-12-01,4,Random_Forest,Alta,Alta
babahoyo,2016-01-01,4,Random_Forest,Alta,Alta
cuenca,2016-01-01,4,Random_Forest,Media,Media
esmeraldas,2016-01-01,4,Random_Forest,Alta,Alta
guayaquil,2016-01-01,4,Random_Forest,Alta,Alta
loja,2016-01-01,4,Random_Forest,Alta,Media
machala,2016-01-01,4,Random_Forest,Alta,Alta
portoviejo,2016-01-01,4,Random_Forest,Alta,Media
puyo,2016-01-01,4,Random_Forest,Media,Media
quito,2016-01-01,4,Random_Forest,Alta,Alta
riobamba,2016-01-01,4,Random_Forest,Media,Media
salinas,2016-01-01,4,Random_Forest,Baja,Baja
tena,2016-01-01,4,Random_Forest,Media,Alta
babahoyo,2016-02-01,4,Random_Forest,Alta,Alta
cuenca,2016-02-01,4,Random_Forest,Media,Media
esmeraldas,2016-02-01,4,Random_Forest,Alta,Alta
guayaquil,2016-02-01,4,Random_Forest,Alta,Alta
loja,2016-02-01,4,Random_Forest,Media,Media
machala,2016-02-01,4,Random_Forest,Alta,Alta
portoviejo,2016-02-01,4,Random_Forest,Alta,Media
puyo,2016-02-01,4,Random_Forest,Alta,Media
quito,2016-02-01,4,Random_Forest,Alta,Alta
riobamba,2016-02-01,4,Random_Forest,Media,Media
salinas,2016-02-01,4,Random_Forest,Media,Baja
tena,2016-02-01,4,Random_Forest,Alta,Alta
babahoyo,2016-03-01,4,Random_Forest,Alta,Alta
cuenca,2016-03-01,4,Random_Forest,Media,Media
esmeraldas,2016-03-01,4,Random_Forest,Alta,Alta
guayaquil,2016-03-01,4,Random_Forest,Alta,Alta
loja,2016-03-01,4,Random_Forest,Alta,Media
machala,2016-03-01,4,Random_Forest,Alta,Alta
portoviejo,2016-03-01,4,Random_Forest,Alta,Alta
puyo,2016-03-01,4,Random_Forest,Media,Alta
quito,2016-03-01,4,Random_Forest,Alta,Alta
riobamba,2016-03-01,4,Random_Forest,Media,Alta
salinas,2016-03-01,4,Random_Forest,Alta,Media
tena,2016-03-01,4,Random_Forest,Alta,Alta
babahoyo,2016-04-01,4,Random_Forest,Alta,Alta
cuenca,2016-04-01,4,Random_Forest,Alta,Media
esmeraldas,2016-04-01,4,Random_Forest,Alta,Alta
guayaquil,2016-04-01,4,Random_Forest,Alta,Alta
loja,2016-04-01,4,Random_Forest,Media,Media
machala,2016-04-01,4,Random_Forest,Alta,Alta
portoviejo,2016-04-01,4,Random_Forest,Alta,Alta
puyo,2016-04-01,4,Random_Forest,Alta,Alta
quito,2016-04-01,4,Random_Forest,Alta,Alta
riobamba,2016-04-01,4,Random_Forest,Media,Media
salinas,2016-04-01,4,Random_Forest,Baja,Baja
tena,2016-04-01,4,Random_Forest,Alta,Alta
babahoyo,2016-05-01,4,Random_Forest,Alta,Alta
cuenca,2016-05-01,4,Random_Forest,Baja,Baja
esmeraldas,2016-05-01,4,Random_Forest,Alta,Alta
guayaquil,2016-05-01,4,Random_Forest,Alta,Alta
loja,2016-05-01,4,Random_Forest,Baja,Media
machala,2016-05-01,4,Random_Forest,Media,Alta
portoviejo,2016-05-01,4,Random_Forest,Baja,Alta
puyo,2016-05-01,4,Random_Forest,Media,Alta
quito,2016-05-01,4,Random_Forest,Alta,Media
riobamba,2016-05-01,4,Random_Forest,Baja,Media
salinas,2016-05-01,4,Random_Forest,Baja,Baja
tena,2016-05-01,4,Random_Forest,Alta,Alta
babahoyo,2016-06-01,4,Random_Forest,Baja,Alta
cuenca,2016-06-01,4,Random_Forest,Baja,Baja
esmeraldas,2016-06-01,4,Random_Forest,Media,Alta
guayaquil,2016-06-01,4,Random_Forest,Baja,Alta
loja,2016-06-01,4,Random_Forest,Baja,Baja
machala,2016-06-01,4,Random_Forest,Baja,Baja
portoviejo,2016-06-01,4,Random_Forest,Baja,Baja
puyo,2016-06-01,4,Random_Forest,Alta,Alta
quito,2016-06-01,4,Random_Forest,Media,Media
riobamba,2016-06-01,4,Random_Forest,Media,Baja
salinas,2016-06-01,4,Random_Forest,Baja,Baja
tena,2016-06-01,4,Random_Forest,Alta,Alta
babahoyo,2016-07-01,4,Random_Forest,Media,Media
cuenca,2016-07-01,4,Random_Forest,Baja,Baja
esmeraldas,2016-07-01,4,Random_Forest,Baja,Baja
guayaquil,2016-07-01,4,Random_Forest,Media,Media
loja,2016-07-01,4,Random_Forest,Baja,Baja
machala,2016-07-01,4,Random_Forest,Baja,Baja
portoviejo,2016-07-01,4,Random_Forest,Baja,Baja
puyo,2016-07-01,4,Random_Forest,Media,Media
quito,2016-07-01,4,Random_Forest,Media,Media
riobamba,2016-07-01,4,Random_Forest,Baja,Baja
salinas,2016-07-01,4,Random_Forest,Baja,Baja
tena,2016-07-01,4,Random_Forest,Alta,Alta
babahoyo,2016-08-01,4,Random_Forest,Media,Media
cuenca,2016-08-01,4,Random_Forest,Baja,Baja
esmeraldas,2016-08-01,4,Random_Forest,Baja,Baja
guayaquil,2016-08-01,4,Random_Forest,Baja,Baja
loja,2016-08-01,4,Random_Forest,Baja,Baja
machala,2016-08-01,4,Random_Forest,Baja,Baja
portoviejo,2016-08-01,4,Random_Forest,Baja,Baja
puyo,2016-08-01,4,Random_Forest,Baja,Baja
quito,2016-08-01,4,Random_Forest,Baja,Media
riobamba,2016-08-01,4,Random_Forest,Baja,Baja
salinas,2016-08-01,4,Random_Forest,Baja,Baja
tena,2016-08-01,4,Random_Forest,Media,Media
babahoyo,2016-09-01,4,Random_Forest,Alta,Media
cuenca,2016-09-01,4,Random_Forest,Baja,Baja
esmeraldas,2016-09-01,4,Random_Forest,Media,Baja
guayaquil,2016-09-01,4,Random_Forest,Media,Baja
loja,2016-09-01,4,Random_Forest,Baja,Baja
machala,2016-09-01,4,Random_Forest,Baja,Baja
portoviejo,2016-09-01,4,Random_Forest,Baja,Baja
puyo,2016-09-01,4,Random_Forest,Media,Baja
quito,2016-09-01,4,Random_Forest,Media,Media
riobamba,2016-09-01,4,Random_Forest,Baja,Baja
salinas,2016-09-01,4,Random_Forest,Baja,Baja
tena,2016-09-01,4,Random_Forest,Media,Media
babahoyo,2016-10-01,4,Random_Forest,Media,Alta
cuenca,2016-10-01,4,Random_Forest,Media,Baja
esmeraldas,2016-10-01,4,Random_Forest,Baja,Alta
guayaquil,2016-10-01,4,Random_Forest,Baja,Media
loja,2016-10-01,4,Random_Forest,Baja,Baja
machala,2016-10-01,4,Random_Forest,Baja,Baja
portoviejo,2016-10-01,4,Random_Forest,Baja,Baja
puyo,2016-10-01,4,Random_Forest,Alta,Media
quito,2016-10-01,4,Random_Forest,Alta,Alta
riobamba,2016-10-01,4,Random_Forest,Media,Media
salinas,2016-10-01,4,Random_Forest,Baja,Baja
tena,2016-10-01,4,Random_Forest,Alta,Alta
babahoyo,2016-11-01,4,Random_Forest,Media,Media
cuenca,2016-11-01,4,Random_Forest,Media,Media
esmeraldas,2016-11-01,4,Random_Forest,Baja,Baja
guayaquil,2016-11-01,4,Random_Forest,Baja,Baja
loja,2016-11-01,4,Random_Forest,Baja,Media
machala,2016-11-01,4,Random_Forest,Baja,Baja
portoviejo,2016-11-01,4,Random_Forest,Baja,Baja
puyo,2016-11-01,4,Random_Forest,Alta,Media
quito,2016-11-01,4,Random_Forest,Alta,Alta
riobamba,2016-11-01,4,Random_Forest,Baja,Media
salinas,2016-11-01,4,Random_Forest,Baja,Baja
tena,2016-11-01,4,Random_Forest,Alta,Alta
babahoyo,2016-12-01,4,Random_Forest,Media,Alta
cuenca,2016-12-01,4,Random_Forest,Media,Baja
esmeraldas,2016-12-01,4,Random_Forest,Baja,Baja
guayaquil,2016-12-01,4,Random_Forest,Baja,Baja
loja,2016-12-01,4,Random_Forest,Media,Media
machala,2016-12-01,4,Random_Forest,Baja,Baja
portoviejo,2016-12-01,4,Random_Forest,Baja,Baja
puyo,2016-12-01,4,Random_Forest,Alta,Alta
quito,2016-12-01,4,Random_Forest,Alta,Media
riobamba,2016-12-01,4,Random_Forest,Media,Media
salinas,2016-12-01,4,Random_Forest,Baja,Baja
tena,2016-12-01,4,Random_Forest,Alta,Alta
babahoyo,2017-01-01,4,Random_Forest,Alta,Alta
cuenca,2017-01-01,4,Random_Forest,Media,Media
esmeraldas,2017-01-01,4,Random_Forest,Alta,Alta
guayaquil,2017-01-01,4,Random_Forest,Alta,Alta
loja,2017-01-01,4,Random_Forest,Alta,Alta
machala,2017-01-01,4,Random_Forest,Alta,Media
portoviejo,2017-01-01,4,Random_Forest,Media,Alta
puyo,2017-01-01,4,Random_Forest,Alta,Alta
quito,2017-01-01,4,Random_Forest,Alta,Alta
riobamba,2017-01-01,4,Random_Forest,Alta,Media
salinas,2017-01-01,4,Random_Forest,Baja,Baja
tena,2017-01-01,4,Random_Forest,Alta,Alta
babahoyo,2017-02-01,4,Random_Forest,Alta,Alta
cuenca,2017-02-01,4,Random_Forest,Alta,Media
esmeraldas,2017-02-01,4,Random_Forest,Alta,Alta
guayaquil,2017-02-01,4,Random_Forest,Alta,Alta
loja,2017-02-01,4,Random_Forest,Alta,Media
machala,2017-02-01,4,Random_Forest,Alta,Alta
portoviejo,2017-02-01,4,Random_Forest,Alta,Alta
puyo,2017-02-01,4,Random_Forest,Alta,Alta
quito,2017-02-01,4,Random_Forest,Alta,Alta
riobamba,2017-02-01,4,Random_Forest,Media,Media
salinas,2017-02-01,4,Random_Forest,Media,Media
tena,2017-02-01,4,Random_Forest,Alta,Alta
babahoyo,2017-03-01,4,Random_Forest,Alta,Alta
cuenca,2017-03-01,4,Random_Forest,Alta,Media
esmeraldas,2017-03-01,4,Random_Forest,Media,Alta
guayaquil,2017-03-01,4,Random_Forest,Alta,Alta
loja,2017-03-01,4,Random_Forest,Alta,Media
machala,2017-03-01,4,Random_Forest,Alta,Alta
portoviejo,2017-03-01,4,Random_Forest,Alta,Alta
puyo,2017-03-01,4,Random_Forest,Alta,Alta
quito,2017-03-01,4,Random_Forest,Alta,Alta
riobamba,2017-03-01,4,Random_Forest,Alta,Media
salinas,2017-03-01,4,Random_Forest,Alta,Media
tena,2017-03-01,4,Random_Forest,Alta,Alta
babahoyo,2017-04-01,4,Random_Forest,Alta,Alta
cuenca,2017-04-01,4,Random_Forest,Media,Media
esmeraldas,2017-04-01,4,Random_Forest,Alta,Alta
guayaquil,2017-04-01,4,Random_Forest,Alta,Alta
loja,2017-04-01,4,Random_Forest,Alta,Alta
machala,2017-04-01,4,Random_Forest,Alta,Alta
portoviejo,2017-04-01,4,Random_Forest,Alta,Alta
puyo,2017-04-01,4,Random_Forest,Alta,Alta
quito,2017-04-01,4,Random_Forest,Alta,Alta
riobamba,2017-04-01,4,Random_Forest,Media,Alta
salinas,2017-04-01,4,Random_Forest,Alta,Alta
tena,2017-04-01,4,Random_Forest,Alta,Alta
babahoyo,2017-05-01,4,Random_Forest,Alta,Alta
cuenca,2017-05-01,4,Random_Forest,Baja,Media
esmeraldas,2017-05-01,4,Random_Forest,Media,Alta
guayaquil,2017-05-01,4,Random_Forest,Alta,Alta
loja,2017-05-01,4,Random_Forest,Media,Media
machala,2017-05-01,4,Random_Forest,Media,Alta
portoviejo,2017-05-01,4,Random_Forest,Media,Media
puyo,2017-05-01,4,Random_Forest,Alta,Alta
quito,2017-05-01,4,Random_Forest,Alta,Alta
riobamba,2017-05-01,4,Random_Forest,Media,Media
salinas,2017-05-01,4,Random_Forest,Baja,Baja
tena,2017-05-01,4,Random_Forest,Alta,Alta
babahoyo,2017-06-01,4,Random_Forest,Alta,Alta
cuenca,2017-06-01,4,Random_Forest,Baja,Baja
esmeraldas,2017-06-01,4,Random_Forest,Baja,Alta
guayaquil,2017-06-01,4,Random_Forest,Alta,Alta
loja,2017-06-01,4,Random_Forest,Media,Baja
machala,2017-06-01,4,Random_Forest,Baja,Media
portoviejo,2017-06-01,4,Random_Forest,Baja,Baja
puyo,2017-06-01,4,Random_Forest,Alta,Alta
quito,2017-06-01,4,Random_Forest,Media,Media
riobamba,2017-06-01,4,Random_Forest,Baja,Media
salinas,2017-06-01,4,Random_Forest,Baja,Baja
tena,2017-06-01,4,Random_Forest,Alta,Alta
babahoyo,2017-07-01,4,Random_Forest,Media,Alta
cuenca,2017-07-01,4,Random_Forest,Media,Baja
esmeraldas,2017-07-01,4,Random_Forest,Baja,Baja
guayaquil,2017-07-01,4,Random_Forest,Baja,Media
loja,2017-07-01,4,Random_Forest,Baja,Baja
machala,2017-07-01,4,Random_Forest,Baja,Baja
portoviejo,2017-07-01,4,Random_Forest,Baja,Baja
puyo,2017-07-01,4,Random_Forest,Alta,Media
quito,2017-07-01,4,Random_Forest,Media,Media
riobamba,2017-07-01,4,Random_Forest,Baja,Baja
salinas,2017-07-01,4,Random_Forest,Baja,Baja
tena,2017-07-01,4,Random_Forest,Alta,Alta
babahoyo,2017-08-01,4,Random_Forest,Media,Media
cuenca,2017-08-01,4,Random_Forest,Baja,Baja
esmeraldas,2017-08-01,4,Random_Forest,Media,Baja
guayaquil,2017-08-01,4,Random_Forest,Baja,Baja
loja,2017-08-01,4,Random_Forest,Baja,Baja
machala,2017-08-01,4,Random_Forest,Baja,Baja
portoviejo,2017-08-01,4,Random_Forest,Baja,Baja
puyo,2017-08-01,4,Random_Forest,Media,Media
quito,2017-08-01,4,Random_Forest,Alta,Media
riobamba,2017-08-01,4,Random_Forest,Baja,Baja
salinas,2017-08-01,4,Random_Forest,Baja,Baja
tena,2017-08-01,4,Random_Forest,Media,Alta
babahoyo,2017-09-01,4,Random_Forest,Alta,Media
cuenca,2017-09-01,4,Random_Forest,Baja,Baja
esmeraldas,2017-09-01,4,Random_Forest,Baja,Baja
guayaquil,2017-09-01,4,Random_Forest,Media,Baja
loja,2017-09-01,4,Random_Forest,Baja,Baja
machala,2017-09-01,4,Random_Forest,Baja,Baja
portoviejo,2017-09-01,4,Random_Forest,Baja,Baja
puyo,2017-09-01,4,Random_Forest,Baja,Baja
quito,2017-09-01,4,Random_Forest,Media,Media
riobamba,2017-09-01,4,Random_Forest,Baja,Baja
salinas,2017-09-01,4,Random_Forest,Baja,Baja
tena,2017-09-01,4,Random_Forest,Alta,Media
babahoyo,2017-10-01,4,Random_Forest,Alta,Media
cuenca,2017-10-01,4,Random_Forest,Baja,Media
esmeraldas,2017-10-01,4,Random_Forest,Baja,Baja
guayaquil,2017-10-01,4,Random_Forest,Baja,Baja
loja,2017-10-01,4,Random_Forest,Baja,Media
machala,2017-10-01,4,Random_Forest,Baja,Baja
portoviejo,2017-10-01,4,Random_Forest,Baja,Baja
puyo,2017-10-01,4,Random_Forest,Media,Media
quito,2017-10-01,4,Random_Forest,Alta,Alta
riobamba,2017-10-01,4,Random_Forest,Media,Media
salinas,2017-10-01,4,Random_Forest,Baja,Baja
tena,2017-10-01,4,Random_Forest,Alta,Alta
babahoyo,2017-11-01,4,Random_Forest,Media,Alta
cuenca,2017-11-01,4,Random_Forest,Media,Media
esmeraldas,2017-11-01,4,Random_Forest,Baja,Baja
guayaquil,2017-11-01,4,Random_Forest,Baja,Baja
loja,2017-11-01,4,Random_Forest,Baja,Media
machala,2017-11-01,4,Random_Forest,Baja,Baja
portoviejo,2017-11-01,4,Random_Forest,Baja,Baja
puyo,2017-11-01,4,Random_Forest,Alta,Alta
quito,2017-11-01,4,Random_Forest,Alta,Alta
riobamba,2017-11-01,4,Random_Forest,Media,Media
salinas,2017-11-01,4,Random_Forest,Baja,Baja
tena,2017-11-01,4,Random_Forest,Alta,Alta
babahoyo,2017-12-01,4,Random_Forest,Media,Media
cuenca,2017-12-01,4,Random_Forest,Alta,Media
esmeraldas,2017-12-01,4,Random_Forest,Baja,Baja
guayaquil,2017-12-01,4,Random_Forest,Media,Baja
loja,2017-12-01,4,Random_Forest,Alta,Media
machala,2017-12-01,4,Random_Forest,Baja,Baja
portoviejo,2017-12-01,4,Random_Forest,Baja,Baja
puyo,2017-12-01,4,Random_Forest,Alta,Alta
quito,2017-12-01,4,Random_Forest,Alta,Alta
riobamba,2017-12-01,4,Random_Forest,Media,Media
salinas,2017-12-01,4,Random_Forest,Baja,Baja
tena,2017-12-01,4,Random_Forest,Alta,Alta
babahoyo,2005-01-01,1,XGBoost,Alta,Alta
cuenca,2005-01-01,1,XGBoost,Baja,Media
esmeraldas,2005-01-01,1,XGBoost,Alta,Alta
guayaquil,2005-01-01,1,XGBoost,Media,Alta
loja,2005-01-01,1,XGBoost,Baja,Media
machala,2005-01-01,1,XGBoost,Media,Media
portoviejo,2005-01-01,1,XGBoost,Baja,Baja
puyo,2005-01-01,1,XGBoost,Media,Media
quito,2005-01-01,1,XGBoost,Media,Alta
riobamba,2005-01-01,1,XGBoost,Baja,Media
salinas,2005-01-01,1,XGBoost,Baja,Baja
tena,2005-01-01,1,XGBoost,Alta,Alta
babahoyo,2005-02-01,1,XGBoost,Alta,Alta
cuenca,2005-02-01,1,XGBoost,Alta,Media
esmeraldas,2005-02-01,1,XGBoost,Alta,Alta
guayaquil,2005-02-01,1,XGBoost,Media,Alta
loja,2005-02-01,1,XGBoost,Alta,Media
machala,2005-02-01,1,XGBoost,Media,Media
portoviejo,2005-02-01,1,XGBoost,Alta,Alta
puyo,2005-02-01,1,XGBoost,Alta,Media
quito,2005-02-01,1,XGBoost,Alta,Alta
riobamba,2005-02-01,1,XGBoost,Alta,Media
salinas,2005-02-01,1,XGBoost,Baja,Media
tena,2005-02-01,1,XGBoost,Alta,Media
babahoyo,2005-03-01,1,XGBoost,Alta,Alta
cuenca,2005-03-01,1,XGBoost,Media,Baja
esmeraldas,2005-03-01,1,XGBoost,Alta,Alta
guayaquil,2005-03-01,1,XGBoost,Alta,Alta
loja,2005-03-01,1,XGBoost,Alta,Media
machala,2005-03-01,1,XGBoost,Media,Alta
portoviejo,2005-03-01,1,XGBoost,Media,Alta
puyo,2005-03-01,1,XGBoost,Baja,Media
quito,2005-03-01,1,XGBoost,Alta,Alta
riobamba,2005-03-01,1,XGBoost,Media,Media
salinas,2005-03-01,1,XGBoost,Baja,Media
tena,2005-03-01,1,XGBoost,Media,Alta
babahoyo,2005-04-01,1,XGBoost,Alta,Alta
cuenca,2005-04-01,1,XGBoost,Media,Media
esmeraldas,2005-04-01,1,XGBoost,Alta,Media
guayaquil,2005-04-01,1,XGBoost,Alta,Alta
loja,2005-04-01,1,XGBoost,Media,Media
machala,2005-04-01,1,XGBoost,Media,Media
portoviejo,2005-04-01,1,XGBoost,Media,Media
puyo,2005-04-01,1,XGBoost,Alta,Media
quito,2005-04-01,1,XGBoost,Media,Alta
riobamba,2005-04-01,1,XGBoost,Alta,Media
salinas,2005-04-01,1,XGBoost,Baja,Baja
tena,2005-04-01,1,XGBoost,Alta,Alta
babahoyo,2005-05-01,1,XGBoost,Media,Alta
cuenca,2005-05-01,1,XGBoost,Media,Baja
esmeraldas,2005-05-01,1,XGBoost,Alta,Alta
guayaquil,2005-05-01,1,XGBoost,Baja,Alta
loja,2005-05-01,1,XGBoost,Media,Media
machala,2005-05-01,1,XGBoost,Media,Media
portoviejo,2005-05-01,1,XGBoost,Baja,Media
puyo,2005-05-01,1,XGBoost,Media,Media
quito,2005-05-01,1,XGBoost,Media,Media
riobamba,2005-05-01,1,XGBoost,Media,Media
salinas,2005-05-01,1,XGBoost,Baja,Baja
tena,2005-05-01,1,XGBoost,Alta,Alta
babahoyo,2005-06-01,1,XGBoost,Alta,Media
cuenca,2005-06-01,1,XGBoost,Baja,Baja
esmeraldas,2005-06-01,1,XGBoost,Media,Baja
guayaquil,2005-06-01,1,XGBoost,Media,Media
loja,2005-06-01,1,XGBoost,Baja,Baja
machala,2005-06-01,1,XGBoost,Baja,Baja
portoviejo,2005-06-01,1,XGBoost,Baja,Baja
puyo,2005-06-01,1,XGBoost,Media,Alta
quito,2005-06-01,1,XGBoost,Media,Media
riobamba,2005-06-01,1,XGBoost,Baja,Baja
salinas,2005-06-01,1,XGBoost,Baja,Baja
tena,2005-06-01,1,XGBoost,Alta,Alta
babahoyo,2005-07-01,1,XGBoost,Baja,Alta
cuenca,2005-07-01,1,XGBoost,Baja,Baja
esmeraldas,2005-07-01,1,XGBoost,Baja,Baja
guayaquil,2005-07-01,1,XGBoost,Media,Baja
loja,2005-07-01,1,XGBoost,Baja,Baja
machala,2005-07-01,1,XGBoost,Baja,Baja
portoviejo,2005-07-01,1,XGBoost,Baja,Baja
puyo,2005-07-01,1,XGBoost,Media,Baja
quito,2005-07-01,1,XGBoost,Baja,Media
riobamba,2005-07-01,1,XGBoost,Baja,Baja
salinas,2005-07-01,1,XGBoost,Baja,Baja
tena,2005-07-01,1,XGBoost,Alta,Alta
babahoyo,2005-08-01,1,XGBoost,Baja,Baja
cuenca,2005-08-01,1,XGBoost,Baja,Baja
esmeraldas,2005-08-01,1,XGBoost,Baja,Baja
guayaquil,2005-08-01,1,XGBoost,Baja,Media
loja,2005-08-01,1,XGBoost,Baja,Baja
machala,2005-08-01,1,XGBoost,Baja,Baja
portoviejo,2005-08-01,1,XGBoost,Baja,Baja
puyo,2005-08-01,1,XGBoost,Media,Media
quito,2005-08-01,1,XGBoost,Media,Baja
riobamba,2005-08-01,1,XGBoost,Baja,Baja
salinas,2005-08-01,1,XGBoost,Baja,Baja
tena,2005-08-01,1,XGBoost,Alta,Media
babahoyo,2005-09-01,1,XGBoost,Baja,Media
cuenca,2005-09-01,1,XGBoost,Baja,Baja
esmeraldas,2005-09-01,1,XGBoost,Media,Baja
guayaquil,2005-09-01,1,XGBoost,Baja,Baja
loja,2005-09-01,1,XGBoost,Baja,Baja
machala,2005-09-01,1,XGBoost,Baja,Baja
portoviejo,2005-09-01,1,XGBoost,Baja,Baja
puyo,2005-09-01,1,XGBoost,Baja,Media
quito,2005-09-01,1,XGBoost,Alta,Media
riobamba,2005-09-01,1,XGBoost,Baja,Baja
salinas,2005-09-01,1,XGBoost,Baja,Baja
tena,2005-09-01,1,XGBoost,Media,Media
babahoyo,2005-10-01,1,XGBoost,Media,Media
cuenca,2005-10-01,1,XGBoost,Media,Baja
esmeraldas,2005-10-01,1,XGBoost,Baja,Baja
guayaquil,2005-10-01,1,XGBoost,Baja,Baja
loja,2005-10-01,1,XGBoost,Baja,Media
machala,2005-10-01,1,XGBoost,Baja,Baja
portoviejo,2005-10-01,1,XGBoost,Baja,Baja
puyo,2005-10-01,1,XGBoost,Media,Media
quito,2005-10-01,1,XGBoost,Alta,Media
riobamba,2005-10-01,1,XGBoost,Media,Media
salinas,2005-10-01,1,XGBoost,Baja,Baja
tena,2005-10-01,1,XGBoost,Media,Media
babahoyo,2005-11-01,1,XGBoost,Media,Media
cuenca,2005-11-01,1,XGBoost,Media,Media
esmeraldas,2005-11-01,1,XGBoost,Baja,Baja
guayaquil,2005-11-01,1,XGBoost,Media,Baja
loja,2005-11-01,1,XGBoost,Media,Media
machala,2005-11-01,1,XGBoost,Media,Baja
portoviejo,2005-11-01,1,XGBoost,Baja,Baja
puyo,2005-11-01,1,XGBoost,Media,Alta
quito,2005-11-01,1,XGBoost,Media,Alta
riobamba,2005-11-01,1,XGBoost,Media,Media
salinas,2005-11-01,1,XGBoost,Baja,Baja
tena,2005-11-01,1,XGBoost,Alta,Alta
babahoyo,2005-12-01,1,XGBoost,Alta,Media
cuenca,2005-12-01,1,XGBoost,Alta,Media
esmeraldas,2005-12-01,1,XGBoost,Alta,Baja
guayaquil,2005-12-01,1,XGBoost,Alta,Baja
loja,2005-12-01,1,XGBoost,Alta,Media
machala,2005-12-01,1,XGBoost,Media,Media
portoviejo,2005-12-01,1,XGBoost,Media,Baja
puyo,2005-12-01,1,XGBoost,Alta,Media
quito,2005-12-01,1,XGBoost,Alta,Alta
riobamba,2005-12-01,1,XGBoost,Media,Media
salinas,2005-12-01,1,XGBoost,Baja,Baja
tena,2005-12-01,1,XGBoost,Alta,Alta
babahoyo,2006-01-01,1,XGBoost,Alta,Alta
cuenca,2006-01-01,1,XGBoost,Media,Media
esmeraldas,2006-01-01,1,XGBoost,Alta,Media
guayaquil,2006-01-01,1,XGBoost,Media,Alta
loja,2006-01-01,1,XGBoost,Media,Media
machala,2006-01-01,1,XGBoost,Media,Media
portoviejo,2006-01-01,1,XGBoost,Media,Media
puyo,2006-01-01,1,XGBoost,Alta,Alta
quito,2006-01-01,1,XGBoost,Alta,Alta
riobamba,2006-01-01,1,XGBoost,Media,Media
salinas,2006-01-01,1,XGBoost,Baja,Baja
tena,2006-01-01,1,XGBoost,Alta,Alta
babahoyo,2006-02-01,1,XGBoost,Alta,Alta
cuenca,2006-02-01,1,XGBoost,Media,Media
esmeraldas,2006-02-01,1,XGBoost,Alta,Alta
guayaquil,2006-02-01,1,XGBoost,Alta,Alta
loja,2006-02-01,1,XGBoost,Media,Media
machala,2006-02-01,1,XGBoost,Alta,Media
portoviejo,2006-02-01,1,XGBoost,Alta,Alta
puyo,2006-02-01,1,XGBoost,Media,Alta
quito,2006-02-01,1,XGBoost,Alta,Alta
riobamba,2006-02-01,1,XGBoost,Media,Media
salinas,2006-02-01,1,XGBoost,Alta,Media
tena,2006-02-01,1,XGBoost,Alta,Alta
babahoyo,2006-03-01,1,XGBoost,Alta,Alta
cuenca,2006-03-01,1,XGBoost,Media,Media
esmeraldas,2006-03-01,1,XGBoost,Media,Alta
guayaquil,2006-03-01,1,XGBoost,Alta,Alta
loja,2006-03-01,1,XGBoost,Media,Alta
machala,2006-03-01,1,XGBoost,Alta,Alta
portoviejo,2006-03-01,1,XGBoost,Alta,Alta
puyo,2006-03-01,1,XGBoost,Media,Media
quito,2006-03-01,1,XGBoost,Alta,Alta
riobamba,2006-03-01,1,XGBoost,Media,Media
salinas,2006-03-01,1,XGBoost,Media,Baja
tena,2006-03-01,1,XGBoost,Alta,Alta
babahoyo,2006-04-01,1,XGBoost,Alta,Alta
cuenca,2006-04-01,1,XGBoost,Media,Media
esmeraldas,2006-04-01,1,XGBoost,Media,Alta
guayaquil,2006-04-01,1,XGBoost,Media,Alta
loja,2006-04-01,1,XGBoost,Media,Media
machala,2006-04-01,1,XGBoost,Media,Alta
portoviejo,2006-04-01,1,XGBoost,Baja,Media
puyo,2006-04-01,1,XGBoost,Media,Media
quito,2006-04-01,1,XGBoost,Alta,Alta
riobamba,2006-04-01,1,XGBoost,Media,Media
salinas,2006-04-01,1,XGBoost,Baja,Baja
tena,2006-04-01,1,XGBoost,Alta,Alta
babahoyo,2006-05-01,1,XGBoost,Alta,Alta
cuenca,2006-05-01,1,XGBoost,Baja,Media
esmeraldas,2006-05-01,1,XGBoost,Media,Baja
guayaquil,2006-05-01,1,XGBoost,Media,Media
loja,2006-05-01,1,XGBoost,Baja,Media
machala,2006-05-01,1,XGBoost,Baja,Baja
portoviejo,2006-05-01,1,XGBoost,Baja,Baja
puyo,2006-05-01,1,XGBoost,Alta,Media
quito,2006-05-01,1,XGBoost,Alta,Alta
riobamba,2006-05-01,1,XGBoost,Media,Media
salinas,2006-05-01,1,XGBoost,Baja,Baja
tena,2006-05-01,1,XGBoost,Alta,Alta
babahoyo,2006-06-01,1,XGBoost,Alta,Media
cuenca,2006-06-01,1,XGBoost,Baja,Baja
esmeraldas,2006-06-01,1,XGBoost,Media,Baja
guayaquil,2006-06-01,1,XGBoost,Media,Media
loja,2006-06-01,1,XGBoost,Baja,Baja
machala,2006-06-01,1,XGBoost,Baja,Baja
portoviejo,2006-06-01,1,XGBoost,Baja,Baja
puyo,2006-06-01,1,XGBoost,Media,Media
quito,2006-06-01,1,XGBoost,Alta,Media
riobamba,2006-06-01,1,XGBoost,Media,Baja
salinas,2006-06-01,1,XGBoost,Baja,Baja
tena,2006-06-01,1,XGBoost,Media,Alta
babahoyo,2006-07-01,1,XGBoost,Media,Media
cuenca,2006-07-01,1,XGBoost,Baja,Baja
esmeraldas,2006-07-01,1,XGBoost,Media,Baja
guayaquil,2006-07-01,1,XGBoost,Media,Baja
loja,2006-07-01,1,XGBoost,Baja,Baja
machala,2006-07-01,1,XGBoost,Baja,Baja
portoviejo,2006-07-01,1,XGBoost,Baja,Baja
puyo,2006-07-01,1,XGBoost,Media,Media
quito,2006-07-01,1,XGBoost,Media,Media
riobamba,2006-07-01,1,XGBoost,Baja,Baja
salinas,2006-07-01,1,XGBoost,Baja,Baja
tena,2006-07-01,1,XGBoost,Media,Media
babahoyo,2006-08-01,1,XGBoost,Alta,Media
cuenca,2006-08-01,1,XGBoost,Baja,Baja
esmeraldas,2006-08-01,1,XGBoost,Baja,Baja
guayaquil,2006-08-01,1,XGBoost,Media,Media
loja,2006-08-01,1,XGBoost,Baja,Baja
machala,2006-08-01,1,XGBoost,Baja,Baja
portoviejo,2006-08-01,1,XGBoost,Baja,Baja
puyo,2006-08-01,1,XGBoost,Baja,Baja
quito,2006-08-01,1,XGBoost,Media,Baja
riobamba,2006-08-01,1,XGBoost,Baja,Baja
salinas,2006-08-01,1,XGBoost,Baja,Baja
tena,2006-08-01,1,XGBoost,Media,Media
babahoyo,2006-09-01,1,XGBoost,Alta,Media
cuenca,2006-09-01,1,XGBoost,Baja,Baja
esmeraldas,2006-09-01,1,XGBoost,Media,Baja
guayaquil,2006-09-01,1,XGBoost,Alta,Media
loja,2006-09-01,1,XGBoost,Baja,Baja
machala,2006-09-01,1,XGBoost,Media,Baja
portoviejo,2006-09-01,1,XGBoost,Baja,Baja
puyo,2006-09-01,1,XGBoost,Media,Media
quito,2006-09-01,1,XGBoost,Media,Media
riobamba,2006-09-01,1,XGBoost,Baja,Baja
salinas,2006-09-01,1,XGBoost,Baja,Baja
tena,2006-09-01,1,XGBoost,Alta,Media
babahoyo,2006-10-01,1,XGBoost,Media,Alta
cuenca,2006-10-01,1,XGBoost,Media,Media
esmeraldas,2006-10-01,1,XGBoost,Baja,Baja
guayaquil,2006-10-01,1,XGBoost,Media,Media
loja,2006-10-01,1,XGBoost,Media,Media
machala,2006-10-01,1,XGBoost,Baja,Baja
portoviejo,2006-10-01,1,XGBoost,Baja,Baja
puyo,2006-10-01,1,XGBoost,Media,Media
quito,2006-10-01,1,XGBoost,Alta,Alta
riobamba,2006-10-01,1,XGBoost,Media,Media
salinas,2006-10-01,1,XGBoost,Baja,Baja
tena,2006-10-01,1,XGBoost,Media,Alta
babahoyo,2006-11-01,1,XGBoost,Alta,Media
cuenca,2006-11-01,1,XGBoost,Media,Media
esmeraldas,2006-11-01,1,XGBoost,Alta,Media
guayaquil,2006-11-01,1,XGBoost,Baja,Media
loja,2006-11-01,1,XGBoost,Media,Media
machala,2006-11-01,1,XGBoost,Media,Baja
portoviejo,2006-11-01,1,XGBoost,Baja,Baja
puyo,2006-11-01,1,XGBoost,Alta,Alta
quito,2006-11-01,1,XGBoost,Alta,Alta
riobamba,2006-11-01,1,XGBoost,Media,Media
salinas,2006-11-01,1,XGBoost,Baja,Baja
tena,2006-11-01,1,XGBoost,Alta,Alta
babahoyo,2006-12-01,1,XGBoost,Alta,Alta
cuenca,2006-12-01,1,XGBoost,Alta,Media
esmeraldas,2006-12-01,1,XGBoost,Alta,Media
guayaquil,2006-12-01,1,XGBoost,Alta,Baja
loja,2006-12-01,1,XGBoost,Alta,Media
machala,2006-12-01,1,XGBoost,Media,Media
portoviejo,2006-12-01,1,XGBoost,Media,Baja
puyo,2006-12-01,1,XGBoost,Alta,Media
quito,2006-12-01,1,XGBoost,Alta,Alta
riobamba,2006-12-01,1,XGBoost,Media,Media
salinas,2006-12-01,1,XGBoost,Baja,Baja
tena,2006-12-01,1,XGBoost,Alta,Alta
babahoyo,2007-01-01,1,XGBoost,Alta,Alta
cuenca,2007-01-01,1,XGBoost,Media,Media
esmeraldas,2007-01-01,1,XGBoost,Alta,Alta
guayaquil,2007-01-01,1,XGBoost,Media,Alta
loja,2007-01-01,1,XGBoost,Alta,Media
machala,2007-01-01,1,XGBoost,Media,Media
portoviejo,2007-01-01,1,XGBoost,Media,Alta
puyo,2007-01-01,1,XGBoost,Baja,Alta
quito,2007-01-01,1,XGBoost,Alta,Alta
riobamba,2007-01-01,1,XGBoost,Baja,Media
salinas,2007-01-01,1,XGBoost,Baja,Baja
tena,2007-01-01,1,XGBoost,Media,Alta
babahoyo,2007-02-01,1,XGBoost,Media,Alta
cuenca,2007-02-01,1,XGBoost,Media,Media
esmeraldas,2007-02-01,1,XGBoost,Media,Alta
guayaquil,2007-02-01,1,XGBoost,Media,Alta
loja,2007-02-01,1,XGBoost,Media,Media
machala,2007-02-01,1,XGBoost,Media,Alta
portoviejo,2007-02-01,1,XGBoost,Alta,Alta
puyo,2007-02-01,1,XGBoost,Media,Media
quito,2007-02-01,1,XGBoost,Media,Alta
riobamba,2007-02-01,1,XGBoost,Baja,Media
salinas,2007-02-01,1,XGBoost,Baja,Media
tena,2007-02-01,1,XGBoost,Media,Media
babahoyo,2007-03-01,1,XGBoost,Alta,Alta
cuenca,2007-03-01,1,XGBoost,Media,Media
esmeraldas,2007-03-01,1,XGBoost,Alta,Alta
guayaquil,2007-03-01,1,XGBoost,Alta,Alta
loja,2007-03-01,1,XGBoost,Media,Media
machala,2007-03-01,1,XGBoost,Alta,Media
portoviejo,2007-03-01,1,XGBoost,Alta,Alta
puyo,2007-03-01,1,XGBoost,Media,Media
quito,2007-03-01,1,XGBoost,Alta,Media
riobamba,2007-03-01,1,XGBoost,Media,Media
salinas,2007-03-01,1,XGBoost,Media,Media
tena,2007-03-01,1,XGBoost,Alta,Alta
babahoyo,2007-04-01,1,XGBoost,Alta,Alta
cuenca,2007-04-01,1,XGBoost,Media,Media
esmeraldas,2007-04-01,1,XGBoost,Alta,Alta
guayaquil,2007-04-01,1,XGBoost,Alta,Alta
loja,2007-04-01,1,XGBoost,Media,Media
machala,2007-04-01,1,XGBoost,Media,Media
portoviejo,2007-04-01,1,XGBoost,Media,Media
puyo,2007-04-01,1,XGBoost,Media,Alta
quito,2007-04-01,1,XGBoost,Alta,Alta
riobamba,2007-04-01,1,XGBoost,Media,Media
salinas,2007-04-01,1,XGBoost,Media,Baja
tena,2007-04-01,1,XGBoost,Media,Alta
babahoyo,2007-05-01,1,XGBoost,Alta,Alta
cuenca,2007-05-01,1,XGBoost,Baja,Baja
esmeraldas,2007-05-01,1,XGBoost,Alta,Media
guayaquil,2007-05-01,1,XGBoost,Media,Media
loja,2007-05-01,1,XGBoost,Baja,Baja
machala,2007-05-01,1,XGBoost,Baja,Media
portoviejo,2007-05-01,1,XGBoost,Baja,Media
puyo,2007-05-01,1,XGBoost,Alta,Media
quito,2007-05-01,1,XGBoost,Media,Media
riobamba,2007-05-01,1,XGBoost,Media,Media
salinas,2007-05-01,1,XGBoost,Baja,Baja
tena,2007-05-01,1,XGBoost,Alta,Alta
babahoyo,2007-06-01,1,XGBoost,Alta,Media
cuenca,2007-06-01,1,XGBoost,Baja,Baja
esmeraldas,2007-06-01,1,XGBoost,Media,Baja
guayaquil,2007-06-01,1,XGBoost,Alta,Media
loja,2007-06-01,1,XGBoost,Baja,Baja
machala,2007-06-01,1,XGBoost,Baja,Baja
portoviejo,2007-06-01,1,XGBoost,Media,Baja
puyo,2007-06-01,1,XGBoost,Media,Media
quito,2007-06-01,1,XGBoost,Media,Media
riobamba,2007-06-01,1,XGBoost,Media,Baja
salinas,2007-06-01,1,XGBoost,Baja,Baja
tena,2007-06-01,1,XGBoost,Media,Alta
babahoyo,2007-07-01,1,XGBoost,Media,Media
cuenca,2007-07-01,1,XGBoost,Baja,Baja
esmeraldas,2007-07-01,1,XGBoost,Baja,Baja
guayaquil,2007-07-01,1,XGBoost,Media,Media
loja,2007-07-01,1,XGBoost,Baja,Baja
machala,2007-07-01,1,XGBoost,Baja,Baja
portoviejo,2007-07-01,1,XGBoost,Baja,Baja
puyo,2007-07-01,1,XGBoost,Media,Media
quito,2007-07-01,1,XGBoost,Media,Media
riobamba,2007-07-01,1,XGBoost,Baja,Baja
salinas,2007-07-01,1,XGBoost,Baja,Baja
tena,2007-07-01,1,XGBoost,Media,Alta
babahoyo,2007-08-01,1,XGBoost,Media,Alta
cuenca,2007-08-01,1,XGBoost,Baja,Baja
esmeraldas,2007-08-01,1,XGBoost,Baja,Baja
guayaquil,2007-08-01,1,XGBoost,Media,Baja
loja,2007-08-01,1,XGBoost,Baja,Baja
machala,2007-08-01,1,XGBoost,Baja,Baja
portoviejo,2007-08-01,1,XGBoost,Baja,Baja
puyo,2007-08-01,1,XGBoost,Baja,Baja
quito,2007-08-01,1,XGBoost,Media,Media
riobamba,2007-08-01,1,XGBoost,Baja,Baja
salinas,2007-08-01,1,XGBoost,Baja,Baja
tena,2007-08-01,1,XGBoost,Media,Media
babahoyo,2007-09-01,1,XGBoost,Media,Alta
cuenca,2007-09-01,1,XGBoost,Baja,Baja
esmeraldas,2007-09-01,1,XGBoost,Baja,Baja
guayaquil,2007-09-01,1,XGBoost,Baja,Baja
loja,2007-09-01,1,XGBoost,Baja,Baja
machala,2007-09-01,1,XGBoost,Baja,Baja
portoviejo,2007-09-01,1,XGBoost,Baja,Baja
puyo,2007-09-01,1,XGBoost,Baja,Baja
quito,2007-09-01,1,XGBoost,Media,Media
riobamba,2007-09-01,1,XGBoost,Baja,Baja
salinas,2007-09-01,1,XGBoost,Baja,Baja
tena,2007-09-01,1,XGBoost,Media,Media
babahoyo,2007-10-01,1,XGBoost,Baja,Media
cuenca,2007-10-01,1,XGBoost,Media,Media
esmeraldas,2007-10-01,1,XGBoost,Baja,Baja
guayaquil,2007-10-01,1,XGBoost,Baja,Media
loja,2007-10-01,1,XGBoost,Media,Media
machala,2007-10-01,1,XGBoost,Baja,Baja
portoviejo,2007-10-01,1,XGBoost,Baja,Baja
puyo,2007-10-01,1,XGBoost,Alta,Media
quito,2007-10-01,1,XGBoost,Alta,Media
riobamba,2007-10-01,1,XGBoost,Media,Media
salinas,2007-10-01,1,XGBoost,Baja,Baja
tena,2007-10-01,1,XGBoost,Media,Alta
babahoyo,2007-11-01,1,XGBoost,Media,Media
cuenca,2007-11-01,1,XGBoost,Media,Media
esmeraldas,2007-11-01,1,XGBoost,Baja,Baja
guayaquil,2007-11-01,1,XGBoost,Baja,Baja
loja,2007-11-01,1,XGBoost,Media,Media
machala,2007-11-01,1,XGBoost,Baja,Baja
portoviejo,2007-11-01,1,XGBoost,Baja,Baja
puyo,2007-11-01,1,XGBoost,Alta,Alta
quito,2007-11-01,1,XGBoost,Alta,Alta
riobamba,2007-11-01,1,XGBoost,Media,Media
salinas,2007-11-01,1,XGBoost,Baja,Baja
tena,2007-11-01,1,XGBoost,Alta,Alta
babahoyo,2007-12-01,1,XGBoost,Media,Alta
cuenca,2007-12-01,1,XGBoost,Media,Media
esmeraldas,2007-12-01,1,XGBoost,Media,Baja
guayaquil,2007-12-01,1,XGBoost,Baja,Baja
loja,2007-12-01,1,XGBoost,Media,Media
machala,2007-12-01,1,XGBoost,Baja,Baja
portoviejo,2007-12-01,1,XGBoost,Baja,Baja
puyo,2007-12-01,1,XGBoost,Alta,Alta
quito,2007-12-01,1,XGBoost,Alta,Alta
riobamba,2007-12-01,1,XGBoost,Baja,Media
salinas,2007-12-01,1,XGBoost,Baja,Baja
tena,2007-12-01,1,XGBoost,Alta,Alta
babahoyo,2008-01-01,2,XGBoost,Alta,Alta
cuenca,2008-01-01,2,XGBoost,Media,Media
esmeraldas,2008-01-01,2,XGBoost,Alta,Media
guayaquil,2008-01-01,2,XGBoost,Alta,Media
loja,2008-01-01,2,XGBoost,Media,Media
machala,2008-01-01,2,XGBoost,Alta,Media
portoviejo,2008-01-01,2,XGBoost,Media,Baja
puyo,2008-01-01,2,XGBoost,Alta,Media
quito,2008-01-01,2,XGBoost,Media,Alta
riobamba,2008-01-01,2,XGBoost,Media,Media
salinas,2008-01-01,2,XGBoost,Media,Baja
tena,2008-01-01,2,XGBoost,Alta,Alta
babahoyo,2008-02-01,2,XGBoost,Alta,Alta
cuenca,2008-02-01,2,XGBoost,Alta,Media
esmeraldas,2008-02-01,2,XGBoost,Alta,Alta
guayaquil,2008-02-01,2,XGBoost,Alta,Alta
loja,2008-02-01,2,XGBoost,Alta,Alta
machala,2008-02-01,2,XGBoost,Alta,Alta
portoviejo,2008-02-01,2,XGBoost,Alta,Alta
puyo,2008-02-01,2,XGBoost,Alta,Media
quito,2008-02-01,2,XGBoost,Alta,Alta
riobamba,2008-02-01,2,XGBoost,Alta,Media
salinas,2008-02-01,2,XGBoost,Alta,Alta
tena,2008-02-01,2,XGBoost,Alta,Media
babahoyo,2008-03-01,2,XGBoost,Alta,Alta
cuenca,2008-03-01,2,XGBoost,Alta,Media
esmeraldas,2008-03-01,2,XGBoost,Alta,Alta
guayaquil,2008-03-01,2,XGBoost,Alta,Alta
loja,2008-03-01,2,XGBoost,Alta,Alta
machala,2008-03-01,2,XGBoost,Alta,Alta
portoviejo,2008-03-01,2,XGBoost,Alta,Alta
puyo,2008-03-01,2,XGBoost,Alta,Alta
quito,2008-03-01,2,XGBoost,Alta,Alta
riobamba,2008-03-01,2,XGBoost,Media,Media
salinas,2008-03-01,2,XGBoost,Media,Media
tena,2008-03-01,2,XGBoost,Alta,Alta
babahoyo,2008-04-01,2,XGBoost,Alta,Alta
cuenca,2008-04-01,2,XGBoost,Media,Media
esmeraldas,2008-04-01,2,XGBoost,Alta,Alta
guayaquil,2008-04-01,2,XGBoost,Media,Alta
loja,2008-04-01,2,XGBoost,Alta,Media
machala,2008-04-01,2,XGBoost,Alta,Alta
portoviejo,2008-04-01,2,XGBoost,Alta,Alta
puyo,2008-04-01,2,XGBoost,Alta,Media
quito,2008-04-01,2,XGBoost,Alta,Alta
riobamba,2008-04-01,2,XGBoost,Media,Media
salinas,2008-04-01,2,XGBoost,Baja,Media
tena,2008-04-01,2,XGBoost,Alta,Alta
babahoyo,2008-05-01,2,XGBoost,Alta,Alta
cuenca,2008-05-01,2,XGBoost,Media,Baja
esmeraldas,2008-05-01,2,XGBoost,Media,Alta
guayaquil,2008-05-01,2,XGBoost,Alta,Media
loja,2008-05-01,2,XGBoost,Media,Media
machala,2008-05-01,2,XGBoost,Alta,Media
portoviejo,2008-05-01,2,XGBoost,Baja,Media
puyo,2008-05-01,2,XGBoost,Media,Media
quito,2008-05-01,2,XGBoost,Alta,Alta
riobamba,2008-05-01,2,XGBoost,Media,Media
salinas,2008-05-01,2,XGBoost,Baja,Baja
tena,2008-05-01,2,XGBoost,Alta,Alta
babahoyo,2008-06-01,2,XGBoost,Media,Alta
cuenca,2008-06-01,2,XGBoost,Baja,Baja
esmeraldas,2008-06-01,2,XGBoost,Baja,Media
guayaquil,2008-06-01,2,XGBoost,Alta,Alta
loja,2008-06-01,2,XGBoost,Baja,Baja
machala,2008-06-01,2,XGBoost,Baja,Baja
portoviejo,2008-06-01,2,XGBoost,Baja,Baja
puyo,2008-06-01,2,XGBoost,Media,Media
quito,2008-06-01,2,XGBoost,Media,Alta
riobamba,2008-06-01,2,XGBoost,Baja,Baja
salinas,2008-06-01,2,XGBoost,Baja,Baja
tena,2008-06-01,2,XGBoost,Alta,Alta
babahoyo,2008-07-01,2,XGBoost,Alta,Media
cuenca,2008-07-01,2,XGBoost,Baja,Baja
esmeraldas,2008-07-01,2,XGBoost,Media,Baja
guayaquil,2008-07-01,2,XGBoost,Media,Media
loja,2008-07-01,2,XGBoost,Baja,Baja
machala,2008-07-01,2,XGBoost,Baja,Baja
portoviejo,2008-07-01,2,XGBoost,Baja,Baja
puyo,2008-07-01,2,XGBoost,Media,Media
quito,2008-07-01,2,XGBoost,Media,Media
riobamba,2008-07-01,2,XGBoost,Baja,Baja
salinas,2008-07-01,2,XGBoost,Baja,Baja
tena,2008-07-01,2,XGBoost,Media,Media
babahoyo,2008-08-01,2,XGBoost,Alta,Media
cuenca,2008-08-01,2,XGBoost,Baja,Baja
esmeraldas,2008-08-01,2,XGBoost,Media,Media
guayaquil,2008-08-01,2,XGBoost,Media,Media
loja,2008-08-01,2,XGBoost,Baja,Baja
machala,2008-08-01,2,XGBoost,Baja,Baja
portoviejo,2008-08-01,2,XGBoost,Baja,Baja
puyo,2008-08-01,2,XGBoost,Media,Baja
quito,2008-08-01,2,XGBoost,Media,Media
riobamba,2008-08-01,2,XGBoost,Baja,Baja
salinas,2008-08-01,2,XGBoost,Baja,Baja
tena,2008-08-01,2,XGBoost,Media,Media
babahoyo,2008-09-01,2,XGBoost,Media,Media
cuenca,2008-09-01,2,XGBoost,Baja,Baja
esmeraldas,2008-09-01,2,XGBoost,Baja,Media
guayaquil,2008-09-01,2,XGBoost,Media,Media
loja,2008-09-01,2,XGBoost,Baja,Baja
machala,2008-09-01,2,XGBoost,Baja,Baja
portoviejo,2008-09-01,2,XGBoost,Baja,Baja
puyo,2008-09-01,2,XGBoost,Baja,Baja
quito,2008-09-01,2,XGBoost,Media,Media
riobamba,2008-09-01,2,XGBoost,Baja,Baja
salinas,2008-09-01,2,XGBoost,Baja,Baja
tena,2008-09-01,2,XGBoost,Media,Media
babahoyo,2008-10-01,2,XGBoost,Media,Alta
cuenca,2008-10-01,2,XGBoost,Media,Media
esmeraldas,2008-10-01,2,XGBoost,Baja,Baja
guayaquil,2008-10-01,2,XGBoost,Baja,Media
loja,2008-10-01,2,XGBoost,Alta,Media
machala,2008-10-01,2,XGBoost,Media,Baja
portoviejo,2008-10-01,2,XGBoost,Baja,Baja
puyo,2008-10-01,2,XGBoost,Media,Media
quito,2008-10-01,2,XGBoost,Media,Alta
riobamba,2008-10-01,2,XGBoost,Media,Media
salinas,2008-10-01,2,XGBoost,Baja,Baja
tena,2008-10-01,2,XGBoost,Alta,Alta
babahoyo,2008-11-01,2,XGBoost,Baja,Alta
cuenca,2008-11-01,2,XGBoost,Media,Media
esmeraldas,2008-11-01,2,XGBoost,Media,Media
guayaquil,2008-11-01,2,XGBoost,Baja,Media
loja,2008-11-01,2,XGBoost,Media,Media
machala,2008-11-01,2,XGBoost,Baja,Baja
portoviejo,2008-11-01,2,XGBoost,Baja,Baja
puyo,2008-11-01,2,XGBoost,Alta,Alta
quito,2008-11-01,2,XGBoost,Alta,Alta
riobamba,2008-11-01,2,XGBoost,Media,Media
salinas,2008-11-01,2,XGBoost,Baja,Baja
tena,2008-11-01,2,XGBoost,Alta,Alta
babahoyo,2008-12-01,2,XGBoost,Baja,Media
cuenca,2008-12-01,2,XGBoost,Media,Media
esmeraldas,2008-12-01,2,XGBoost,Baja,Media
guayaquil,2008-12-01,2,XGBoost,Baja,Media
loja,2008-12-01,2,XGBoost,Media,Media
machala,2008-12-01,2,XGBoost,Baja,Media
portoviejo,2008-12-01,2,XGBoost,Baja,Baja
puyo,2008-12-01,2,XGBoost,Alta,Alta
quito,2008-12-01,2,XGBoost,Alta,Alta
riobamba,2008-12-01,2,XGBoost,Alta,Media
salinas,2008-12-01,2,XGBoost,Baja,Baja
tena,2008-12-01,2,XGBoost,Alta,Alta
babahoyo,2009-01-01,2,XGBoost,Alta,Alta
cuenca,2009-01-01,2,XGBoost,Media,Media
esmeraldas,2009-01-01,2,XGBoost,Alta,Alta
guayaquil,2009-01-01,2,XGBoost,Alta,Alta
loja,2009-01-01,2,XGBoost,Alta,Alta
machala,2009-01-01,2,XGBoost,Alta,Media
portoviejo,2009-01-01,2,XGBoost,Alta,Baja
puyo,2009-01-01,2,XGBoost,Media,Alta
quito,2009-01-01,2,XGBoost,Alta,Alta
riobamba,2009-01-01,2,XGBoost,Media,Media
salinas,2009-01-01,2,XGBoost,Media,Baja
tena,2009-01-01,2,XGBoost,Media,Alta
babahoyo,2009-02-01,2,XGBoost,Alta,Alta
cuenca,2009-02-01,2,XGBoost,Alta,Media
esmeraldas,2009-02-01,2,XGBoost,Alta,Alta
guayaquil,2009-02-01,2,XGBoost,Alta,Alta
loja,2009-02-01,2,XGBoost,Media,Alta
machala,2009-02-01,2,XGBoost,Alta,Alta
portoviejo,2009-02-01,2,XGBoost,Alta,Alta
puyo,2009-02-01,2,XGBoost,Alta,Alta
quito,2009-02-01,2,XGBoost,Media,Media
riobamba,2009-02-01,2,XGBoost,Alta,Media
salinas,2009-02-01,2,XGBoost,Media,Media
tena,2009-02-01,2,XGBoost,Alta,Alta
babahoyo,2009-03-01,2,XGBoost,Alta,Alta
cuenca,2009-03-01,2,XGBoost,Media,Media
esmeraldas,2009-03-01,2,XGBoost,Alta,Alta
guayaquil,2009-03-01,2,XGBoost,Alta,Alta
loja,2009-03-01,2,XGBoost,Media,Media
machala,2009-03-01,2,XGBoost,Alta,Alta
portoviejo,2009-03-01,2,XGBoost,Media,Alta
puyo,2009-03-01,2,XGBoost,Media,Alta
quito,2009-03-01,2,XGBoost,Alta,Alta
riobamba,2009-03-01,2,XGBoost,Media,Media
salinas,2009-03-01,2,XGBoost,Baja,Media
tena,2009-03-01,2,XGBoost,Alta,Alta
babahoyo,2009-04-01,2,XGBoost,Alta,Alta
cuenca,2009-04-01,2,XGBoost,Media,Media
esmeraldas,2009-04-01,2,XGBoost,Alta,Media
guayaquil,2009-04-01,2,XGBoost,Media,Media
loja,2009-04-01,2,XGBoost,Media,Media
machala,2009-04-01,2,XGBoost,Media,Media
portoviejo,2009-04-01,2,XGBoost,Media,Media
puyo,2009-04-01,2,XGBoost,Alta,Media
quito,2009-04-01,2,XGBoost,Media,Alta
riobamba,2009-04-01,2,XGBoost,Media,Media
salinas,2009-04-01,2,XGBoost,Baja,Baja
tena,2009-04-01,2,XGBoost,Alta,Alta
babahoyo,2009-05-01,2,XGBoost,Alta,Alta
cuenca,2009-05-01,2,XGBoost,Media,Media
esmeraldas,2009-05-01,2,XGBoost,Media,Media
guayaquil,2009-05-01,2,XGBoost,Alta,Media
loja,2009-05-01,2,XGBoost,Baja,Media
machala,2009-05-01,2,XGBoost,Baja,Media
portoviejo,2009-05-01,2,XGBoost,Alta,Media
puyo,2009-05-01,2,XGBoost,Alta,Alta
quito,2009-05-01,2,XGBoost,Alta,Alta
riobamba,2009-05-01,2,XGBoost,Media,Media
salinas,2009-05-01,2,XGBoost,Baja,Baja
tena,2009-05-01,2,XGBoost,Alta,Alta
babahoyo,2009-06-01,2,XGBoost,Alta,Alta
cuenca,2009-06-01,2,XGBoost,Baja,Baja
esmeraldas,2009-06-01,2,XGBoost,Baja,Baja
guayaquil,2009-06-01,2,XGBoost,Media,Media
loja,2009-06-01,2,XGBoost,Baja,Baja
machala,2009-06-01,2,XGBoost,Baja,Baja
portoviejo,2009-06-01,2,XGBoost,Baja,Baja
puyo,2009-06-01,2,XGBoost,Alta,Alta
quito,2009-06-01,2,XGBoost,Media,Media
riobamba,2009-06-01,2,XGBoost,Baja,Baja
salinas,2009-06-01,2,XGBoost,Baja,Baja
tena,2009-06-01,2,XGBoost,Alta,Alta
babahoyo,2009-07-01,2,XGBoost,Media,Media
cuenca,2009-07-01,2,XGBoost,Baja,Baja
esmeraldas,2009-07-01,2,XGBoost,Baja,Baja
guayaquil,2009-07-01,2,XGBoost,Media,Media
loja,2009-07-01,2,XGBoost,Baja,Baja
machala,2009-07-01,2,XGBoost,Baja,Baja
portoviejo,2009-07-01,2,XGBoost,Baja,Baja
puyo,2009-07-01,2,XGBoost,Media,Media
quito,2009-07-01,2,XGBoost,Baja,Media
riobamba,2009-07-01,2,XGBoost,Baja,Baja
salinas,2009-07-01,2,XGBoost,Baja,Baja
tena,2009-07-01,2,XGBoost,Alta,Alta
babahoyo,2009-08-01,2,XGBoost,Alta,Alta
cuenca,2009-08-01,2,XGBoost,Baja,Baja
esmeraldas,2009-08-01,2,XGBoost,Baja,Baja
guayaquil,2009-08-01,2,XGBoost,Media,Baja
loja,2009-08-01,2,XGBoost,Baja,Media
machala,2009-08-01,2,XGBoost,Baja,Baja
portoviejo,2009-08-01,2,XGBoost,Baja,Baja
puyo,2009-08-01,2,XGBoost,Baja,Media
quito,2009-08-01,2,XGBoost,Media,Baja
riobamba,2009-08-01,2,XGBoost,Baja,Baja
salinas,2009-08-01,2,XGBoost,Baja,Baja
tena,2009-08-01,2,XGBoost,Alta,Media
babahoyo,2009-09-01,2,XGBoost,Media,Media
cuenca,2009-09-01,2,XGBoost,Baja,Baja
esmeraldas,2009-09-01,2,XGBoost,Baja,Media
guayaquil,2009-09-01,2,XGBoost,Media,Media
loja,2009-09-01,2,XGBoost,Baja,Baja
machala,2009-09-01,2,XGBoost,Baja,Baja
portoviejo,2009-09-01,2,XGBoost,Baja,Baja
puyo,2009-09-01,2,XGBoost,Baja,Media
quito,2009-09-01,2,XGBoost,Alta,Alta
riobamba,2009-09-01,2,XGBoost,Baja,Baja
salinas,2009-09-01,2,XGBoost,Baja,Baja
tena,2009-09-01,2,XGBoost,Alta,Media
babahoyo,2009-10-01,2,XGBoost,Alta,Media
cuenca,2009-10-01,2,XGBoost,Media,Baja
esmeraldas,2009-10-01,2,XGBoost,Media,Baja
guayaquil,2009-10-01,2,XGBoost,Media,Media
loja,2009-10-01,2,XGBoost,Baja,Media
machala,2009-10-01,2,XGBoost,Baja,Baja
portoviejo,2009-10-01,2,XGBoost,Baja,Baja
puyo,2009-10-01,2,XGBoost,Media,Media
quito,2009-10-01,2,XGBoost,Alta,Alta
riobamba,2009-10-01,2,XGBoost,Media,Media
salinas,2009-10-01,2,XGBoost,Baja,Baja
tena,2009-10-01,2,XGBoost,Alta,Alta
babahoyo,2009-11-01,2,XGBoost,Baja,Alta
cuenca,2009-11-01,2,XGBoost,Media,Media
esmeraldas,2009-11-01,2,XGBoost,Media,Alta
guayaquil,2009-11-01,2,XGBoost,Baja,Media
loja,2009-11-01,2,XGBoost,Media,Media
machala,2009-11-01,2,XGBoost,Baja,Baja
portoviejo,2009-11-01,2,XGBoost,Baja,Baja
puyo,2009-11-01,2,XGBoost,Media,Media
quito,2009-11-01,2,XGBoost,Alta,Alta
riobamba,2009-11-01,2,XGBoost,Media,Media
salinas,2009-11-01,2,XGBoost,Baja,Baja
tena,2009-11-01,2,XGBoost,Alta,Alta
babahoyo,2009-12-01,2,XGBoost,Alta,Media
cuenca,2009-12-01,2,XGBoost,Alta,Media
esmeraldas,2009-12-01,2,XGBoost,Alta,Alta
guayaquil,2009-12-01,2,XGBoost,Media,Baja
loja,2009-12-01,2,XGBoost,Media,Media
machala,2009-12-01,2,XGBoost,Baja,Baja
portoviejo,2009-12-01,2,XGBoost,Baja,Baja
puyo,2009-12-01,2,XGBoost,Media,Alta
quito,2009-12-01,2,XGBoost,Alta,Alta
riobamba,2009-12-01,2,XGBoost,Media,Media
salinas,2009-12-01,2,XGBoost,Baja,Baja
tena,2009-12-01,2,XGBoost,Media,Alta
babahoyo,2010-01-01,2,XGBoost,Alta,Alta
cuenca,2010-01-01,2,XGBoost,Baja,Alta
esmeraldas,2010-01-01,2,XGBoost,Alta,Alta
guayaquil,2010-01-01,2,XGBoost,Alta,Alta
loja,2010-01-01,2,XGBoost,Media,Media
machala,2010-01-01,2,XGBoost,Alta,Media
portoviejo,2010-01-01,2,XGBoost,Media,Alta
puyo,2010-01-01,2,XGBoost,Baja,Media
quito,2010-01-01,2,XGBoost,Media,Alta
riobamba,2010-01-01,2,XGBoost,Media,Media
salinas,2010-01-01,2,XGBoost,Media,Baja
tena,2010-01-01,2,XGBoost,Baja,Alta
babahoyo,2010-02-01,2,XGBoost,Alta,Alta
cuenca,2010-02-01,2,XGBoost,Alta,Media
esmeraldas,2010-02-01,2,XGBoost,Alta,Alta
guayaquil,2010-02-01,2,XGBoost,Alta,Alta
loja,2010-02-01,2,XGBoost,Media,Media
machala,2010-02-01,2,XGBoost,Alta,Alta
portoviejo,2010-02-01,2,XGBoost,Alta,Alta
puyo,2010-02-01,2,XGBoost,Media,Media
quito,2010-02-01,2,XGBoost,Media,Alta
riobamba,2010-02-01,2,XGBoost,Media,Media
salinas,2010-02-01,2,XGBoost,Media,Media
tena,2010-02-01,2,XGBoost,Alta,Alta
babahoyo,2010-03-01,2,XGBoost,Alta,Alta
cuenca,2010-03-01,2,XGBoost,Baja,Media
esmeraldas,2010-03-01,2,XGBoost,Alta,Alta
guayaquil,2010-03-01,2,XGBoost,Alta,Alta
loja,2010-03-01,2,XGBoost,Media,Media
machala,2010-03-01,2,XGBoost,Media,Alta
portoviejo,2010-03-01,2,XGBoost,Alta,Alta
puyo,2010-03-01,2,XGBoost,Media,Alta
quito,2010-03-01,2,XGBoost,Alta,Alta
riobamba,2010-03-01,2,XGBoost,Baja,Media
salinas,2010-03-01,2,XGBoost,Baja,Media
tena,2010-03-01,2,XGBoost,Media,Alta
babahoyo,2010-04-01,2,XGBoost,Alta,Alta
cuenca,2010-04-01,2,XGBoost,Media,Media
esmeraldas,2010-04-01,2,XGBoost,Alta,Alta
guayaquil,2010-04-01,2,XGBoost,Alta,Alta
loja,2010-04-01,2,XGBoost,Alta,Media
machala,2010-04-01,2,XGBoost,Alta,Media
portoviejo,2010-04-01,2,XGBoost,Media,Alta
puyo,2010-04-01,2,XGBoost,Alta,Media
quito,2010-04-01,2,XGBoost,Alta,Alta
riobamba,2010-04-01,2,XGBoost,Media,Media
salinas,2010-04-01,2,XGBoost,Baja,Baja
tena,2010-04-01,2,XGBoost,Alta,Alta
babahoyo,2010-05-01,2,XGBoost,Alta,Alta
cuenca,2010-05-01,2,XGBoost,Alta,Baja
esmeraldas,2010-05-01,2,XGBoost,Alta,Alta
guayaquil,2010-05-01,2,XGBoost,Alta,Alta
loja,2010-05-01,2,XGBoost,Alta,Media
machala,2010-05-01,2,XGBoost,Media,Media
portoviejo,2010-05-01,2,XGBoost,Media,Media
puyo,2010-05-01,2,XGBoost,Alta,Alta
quito,2010-05-01,2,XGBoost,Alta,Media
riobamba,2010-05-01,2,XGBoost,Media,Media
salinas,2010-05-01,2,XGBoost,Baja,Baja
tena,2010-05-01,2,XGBoost,Alta,Alta
babahoyo,2010-06-01,2,XGBoost,Media,Alta
cuenca,2010-06-01,2,XGBoost,Baja,Baja
esmeraldas,2010-06-01,2,XGBoost,Baja,Alta
guayaquil,2010-06-01,2,XGBoost,Media,Alta
loja,2010-06-01,2,XGBoost,Baja,Baja
machala,2010-06-01,2,XGBoost,Baja,Baja
portoviejo,2010-06-01,2,XGBoost,Baja,Baja
puyo,2010-06-01,2,XGBoost,Media,Media
quito,2010-06-01,2,XGBoost,Media,Media
riobamba,2010-06-01,2,XGBoost,Baja,Media
salinas,2010-06-01,2,XGBoost,Baja,Baja
tena,2010-06-01,2,XGBoost,Media,Alta
babahoyo,2010-07-01,2,XGBoost,Media,Media
cuenca,2010-07-01,2,XGBoost,Baja,Baja
esmeraldas,2010-07-01,2,XGBoost,Baja,Baja
guayaquil,2010-07-01,2,XGBoost,Alta,Media
loja,2010-07-01,2,XGBoost,Baja,Baja
machala,2010-07-01,2,XGBoost,Baja,Baja
portoviejo,2010-07-01,2,XGBoost,Baja,Baja
puyo,2010-07-01,2,XGBoost,Alta,Baja
quito,2010-07-01,2,XGBoost,Media,Media
riobamba,2010-07-01,2,XGBoost,Baja,Baja
salinas,2010-07-01,2,XGBoost,Baja,Baja
tena,2010-07-01,2,XGBoost,Alta,Alta
babahoyo,2010-08-01,2,XGBoost,Baja,Media
cuenca,2010-08-01,2,XGBoost,Baja,Baja
esmeraldas,2010-08-01,2,XGBoost,Baja,Baja
guayaquil,2010-08-01,2,XGBoost,Media,Baja
loja,2010-08-01,2,XGBoost,Baja,Baja
machala,2010-08-01,2,XGBoost,Baja,Baja
portoviejo,2010-08-01,2,XGBoost,Baja,Baja
puyo,2010-08-01,2,XGBoost,Baja,Media
quito,2010-08-01,2,XGBoost,Media,Media
riobamba,2010-08-01,2,XGBoost,Baja,Baja
salinas,2010-08-01,2,XGBoost,Baja,Baja
tena,2010-08-01,2,XGBoost,Media,Alta
babahoyo,2010-09-01,2,XGBoost,Media,Baja
cuenca,2010-09-01,2,XGBoost,Baja,Baja
esmeraldas,2010-09-01,2,XGBoost,Baja,Baja
guayaquil,2010-09-01,2,XGBoost,Media,Media
loja,2010-09-01,2,XGBoost,Baja,Baja
machala,2010-09-01,2,XGBoost,Baja,Baja
portoviejo,2010-09-01,2,XGBoost,Baja,Baja
puyo,2010-09-01,2,XGBoost,Baja,Media
quito,2010-09-01,2,XGBoost,Media,Media
riobamba,2010-09-01,2,XGBoost,Baja,Baja
salinas,2010-09-01,2,XGBoost,Baja,Baja
tena,2010-09-01,2,XGBoost,Media,Media
babahoyo,2010-10-01,2,XGBoost,Media,Media
cuenca,2010-10-01,2,XGBoost,Media,Media
esmeraldas,2010-10-01,2,XGBoost,Baja,Baja
guayaquil,2010-10-01,2,XGBoost,Baja,Baja
loja,2010-10-01,2,XGBoost,Baja,Media
machala,2010-10-01,2,XGBoost,Baja,Baja
portoviejo,2010-10-01,2,XGBoost,Baja,Baja
puyo,2010-10-01,2,XGBoost,Alta,Media
quito,2010-10-01,2,XGBoost,Media,Media
riobamba,2010-10-01,2,XGBoost,Media,Media
salinas,2010-10-01,2,XGBoost,Baja,Baja
tena,2010-10-01,2,XGBoost,Alta,Media
babahoyo,2010-11-01,2,XGBoost,Baja,Media
cuenca,2010-11-01,2,XGBoost,Media,Media
esmeraldas,2010-11-01,2,XGBoost,Baja,Baja
guayaquil,2010-11-01,2,XGBoost,Baja,Baja
loja,2010-11-01,2,XGBoost,Media,Media
machala,2010-11-01,2,XGBoost,Baja,Baja
portoviejo,2010-11-01,2,XGBoost,Baja,Baja
puyo,2010-11-01,2,XGBoost,Media,Alta
quito,2010-11-01,2,XGBoost,Alta,Alta
riobamba,2010-11-01,2,XGBoost,Media,Media
salinas,2010-11-01,2,XGBoost,Baja,Baja
tena,2010-11-01,2,XGBoost,Media,Alta
babahoyo,2010-12-01,2,XGBoost,Alta,Media
cuenca,2010-12-01,2,XGBoost,Media,Media
esmeraldas,2010-12-01,2,XGBoost,Alta,Baja
guayaquil,2010-12-01,2,XGBoost,Media,Baja
loja,2010-12-01,2,XGBoost,Baja,Media
machala,2010-12-01,2,XGBoost,Media,Baja
portoviejo,2010-12-01,2,XGBoost,Alta,Baja
puyo,2010-12-01,2,XGBoost,Alta,Alta
quito,2010-12-01,2,XGBoost,Alta,Alta
riobamba,2010-12-01,2,XGBoost,Media,Media
salinas,2010-12-01,2,XGBoost,Baja,Baja
tena,2010-12-01,2,XGBoost,Alta,Alta
babahoyo,2011-01-01,3,XGBoost,Alta,Alta
cuenca,2011-01-01,3,XGBoost,Media,Media
esmeraldas,2011-01-01,3,XGBoost,Alta,Alta
guayaquil,2011-01-01,3,XGBoost,Alta,Alta
loja,2011-01-01,3,XGBoost,Media,Media
machala,2011-01-01,3,XGBoost,Media,Alta
portoviejo,2011-01-01,3,XGBoost,Media,Media
puyo,2011-01-01,3,XGBoost,Media,Alta
quito,2011-01-01,3,XGBoost,Alta,Alta
riobamba,2011-01-01,3,XGBoost,Media,Media
salinas,2011-01-01,3,XGBoost,Media,Baja
tena,2011-01-01,3,XGBoost,Alta,Alta
babahoyo,2011-02-01,3,XGBoost,Alta,Alta
cuenca,2011-02-01,3,XGBoost,Media,Media
esmeraldas,2011-02-01,3,XGBoost,Alta,Alta
guayaquil,2011-02-01,3,XGBoost,Alta,Alta
loja,2011-02-01,3,XGBoost,Alta,Media
machala,2011-02-01,3,XGBoost,Alta,Media
portoviejo,2011-02-01,3,XGBoost,Media,Alta
puyo,2011-02-01,3,XGBoost,Alta,Media
quito,2011-02-01,3,XGBoost,Alta,Alta
riobamba,2011-02-01,3,XGBoost,Alta,Media
salinas,2011-02-01,3,XGBoost,Media,Baja
tena,2011-02-01,3,XGBoost,Alta,Alta
babahoyo,2011-03-01,3,XGBoost,Alta,Alta
cuenca,2011-03-01,3,XGBoost,Media,Media
esmeraldas,2011-03-01,3,XGBoost,Alta,Alta
guayaquil,2011-03-01,3,XGBoost,Media,Alta
loja,2011-03-01,3,XGBoost,Media,Alta
machala,2011-03-01,3,XGBoost,Media,Alta
portoviejo,2011-03-01,3,XGBoost,Media,Alta
puyo,2011-03-01,3,XGBoost,Alta,Alta
quito,2011-03-01,3,XGBoost,Media,Alta
riobamba,2011-03-01,3,XGBoost,Media,Media
salinas,2011-03-01,3,XGBoost,Baja,Baja
tena,2011-03-01,3,XGBoost,Alta,Alta
babahoyo,2011-04-01,3,XGBoost,Alta,Alta
cuenca,2011-04-01,3,XGBoost,Media,Media
esmeraldas,2011-04-01,3,XGBoost,Media,Alta
guayaquil,2011-04-01,3,XGBoost,Alta,Media
loja,2011-04-01,3,XGBoost,Media,Media
machala,2011-04-01,3,XGBoost,Alta,Media
portoviejo,2011-04-01,3,XGBoost,Media,Media
puyo,2011-04-01,3,XGBoost,Media,Alta
quito,2011-04-01,3,XGBoost,Alta,Alta
riobamba,2011-04-01,3,XGBoost,Media,Media
salinas,2011-04-01,3,XGBoost,Baja,Baja
tena,2011-04-01,3,XGBoost,Alta,Alta
babahoyo,2011-05-01,3,XGBoost,Alta,Alta
cuenca,2011-05-01,3,XGBoost,Baja,Media
esmeraldas,2011-05-01,3,XGBoost,Baja,Media
guayaquil,2011-05-01,3,XGBoost,Media,Alta
loja,2011-05-01,3,XGBoost,Media,Media
machala,2011-05-01,3,XGBoost,Baja,Media
portoviejo,2011-05-01,3,XGBoost,Baja,Media
puyo,2011-05-01,3,XGBoost,Alta,Alta
quito,2011-05-01,3,XGBoost,Media,Alta
riobamba,2011-05-01,3,XGBoost,Baja,Media
salinas,2011-05-01,3,XGBoost,Baja,Baja
tena,2011-05-01,3,XGBoost,Alta,Alta
babahoyo,2011-06-01,3,XGBoost,Alta,Alta
cuenca,2011-06-01,3,XGBoost,Baja,Baja
esmeraldas,2011-06-01,3,XGBoost,Media,Baja
guayaquil,2011-06-01,3,XGBoost,Media,Media
loja,2011-06-01,3,XGBoost,Baja,Baja
machala,2011-06-01,3,XGBoost,Baja,Baja
portoviejo,2011-06-01,3,XGBoost,Baja,Baja
puyo,2011-06-01,3,XGBoost,Media,Media
quito,2011-06-01,3,XGBoost,Alta,Media
riobamba,2011-06-01,3,XGBoost,Baja,Baja
salinas,2011-06-01,3,XGBoost,Baja,Baja
tena,2011-06-01,3,XGBoost,Alta,Alta
babahoyo,2011-07-01,3,XGBoost,Media,Alta
cuenca,2011-07-01,3,XGBoost,Baja,Baja
esmeraldas,2011-07-01,3,XGBoost,Media,Media
guayaquil,2011-07-01,3,XGBoost,Media,Media
loja,2011-07-01,3,XGBoost,Baja,Baja
machala,2011-07-01,3,XGBoost,Baja,Baja
portoviejo,2011-07-01,3,XGBoost,Baja,Baja
puyo,2011-07-01,3,XGBoost,Alta,Alta
quito,2011-07-01,3,XGBoost,Media,Media
riobamba,2011-07-01,3,XGBoost,Media,Baja
salinas,2011-07-01,3,XGBoost,Baja,Baja
tena,2011-07-01,3,XGBoost,Alta,Media
babahoyo,2011-08-01,3,XGBoost,Baja,Media
cuenca,2011-08-01,3,XGBoost,Baja,Baja
esmeraldas,2011-08-01,3,XGBoost,Baja,Baja
guayaquil,2011-08-01,3,XGBoost,Baja,Media
loja,2011-08-01,3,XGBoost,Baja,Baja
machala,2011-08-01,3,XGBoost,Baja,Baja
portoviejo,2011-08-01,3,XGBoost,Baja,Baja
puyo,2011-08-01,3,XGBoost,Media,Media
quito,2011-08-01,3,XGBoost,Alta,Media
riobamba,2011-08-01,3,XGBoost,Baja,Baja
salinas,2011-08-01,3,XGBoost,Baja,Baja
tena,2011-08-01,3,XGBoost,Media,Media
babahoyo,2011-09-01,3,XGBoost,Media,Baja
cuenca,2011-09-01,3,XGBoost,Baja,Baja
esmeraldas,2011-09-01,3,XGBoost,Baja,Baja
guayaquil,2011-09-01,3,XGBoost,Media,Baja
loja,2011-09-01,3,XGBoost,Baja,Baja
machala,2011-09-01,3,XGBoost,Baja,Baja
portoviejo,2011-09-01,3,XGBoost,Baja,Baja
puyo,2011-09-01,3,XGBoost,Media,Baja
quito,2011-09-01,3,XGBoost,Media,Alta
riobamba,2011-09-01,3,XGBoost,Baja,Baja
salinas,2011-09-01,3,XGBoost,Baja,Baja
tena,2011-09-01,3,XGBoost,Alta,Media
babahoyo,2011-10-01,3,XGBoost,Media,Alta
cuenca,2011-10-01,3,XGBoost,Media,Media
esmeraldas,2011-10-01,3,XGBoost,Baja,Baja
guayaquil,2011-10-01,3,XGBoost,Baja,Media
loja,2011-10-01,3,XGBoost,Media,Media
machala,2011-10-01,3,XGBoost,Baja,Baja
portoviejo,2011-10-01,3,XGBoost,Baja,Baja
puyo,2011-10-01,3,XGBoost,Media,Media
quito,2011-10-01,3,XGBoost,Alta,Alta
riobamba,2011-10-01,3,XGBoost,Media,Media
salinas,2011-10-01,3,XGBoost,Baja,Baja
tena,2011-10-01,3,XGBoost,Alta,Alta
babahoyo,2011-11-01,3,XGBoost,Baja,Baja
cuenca,2011-11-01,3,XGBoost,Alta,Media
esmeraldas,2011-11-01,3,XGBoost,Baja,Baja
guayaquil,2011-11-01,3,XGBoost,Baja,Baja
loja,2011-11-01,3,XGBoost,Alta,Media
machala,2011-11-01,3,XGBoost,Media,Baja
portoviejo,2011-11-01,3,XGBoost,Baja,Baja
puyo,2011-11-01,3,XGBoost,Alta,Alta
quito,2011-11-01,3,XGBoost,Alta,Alta
riobamba,2011-11-01,3,XGBoost,Media,Media
salinas,2011-11-01,3,XGBoost,Baja,Baja
tena,2011-11-01,3,XGBoost,Alta,Alta
babahoyo,2011-12-01,3,XGBoost,Alta,Alta
cuenca,2011-12-01,3,XGBoost,Media,Media
esmeraldas,2011-12-01,3,XGBoost,Baja,Baja
guayaquil,2011-12-01,3,XGBoost,Baja,Baja
loja,2011-12-01,3,XGBoost,Media,Media
machala,2011-12-01,3,XGBoost,Baja,Media
portoviejo,2011-12-01,3,XGBoost,Baja,Baja
puyo,2011-12-01,3,XGBoost,Alta,Alta
quito,2011-12-01,3,XGBoost,Media,Alta
riobamba,2011-12-01,3,XGBoost,Alta,Media
salinas,2011-12-01,3,XGBoost,Baja,Baja
tena,2011-12-01,3,XGBoost,Alta,Alta
babahoyo,2012-01-01,3,XGBoost,Alta,Alta
cuenca,2012-01-01,3,XGBoost,Alta,Media
esmeraldas,2012-01-01,3,XGBoost,Alta,Alta
guayaquil,2012-01-01,3,XGBoost,Alta,Alta
loja,2012-01-01,3,XGBoost,Alta,Media
machala,2012-01-01,3,XGBoost,Alta,Media
portoviejo,2012-01-01,3,XGBoost,Alta,Alta
puyo,2012-01-01,3,XGBoost,Alta,Alta
quito,2012-01-01,3,XGBoost,Alta,Alta
riobamba,2012-01-01,3,XGBoost,Media,Media
salinas,2012-01-01,3,XGBoost,Media,Baja
tena,2012-01-01,3,XGBoost,Alta,Alta
babahoyo,2012-02-01,3,XGBoost,Alta,Alta
cuenca,2012-02-01,3,XGBoost,Alta,Alta
esmeraldas,2012-02-01,3,XGBoost,Alta,Alta
guayaquil,2012-02-01,3,XGBoost,Alta,Alta
loja,2012-02-01,3,XGBoost,Alta,Alta
machala,2012-02-01,3,XGBoost,Alta,Alta
portoviejo,2012-02-01,3,XGBoost,Alta,Alta
puyo,2012-02-01,3,XGBoost,Alta,Alta
quito,2012-02-01,3,XGBoost,Alta,Alta
riobamba,2012-02-01,3,XGBoost,Media,Alta
salinas,2012-02-01,3,XGBoost,Alta,Media
tena,2012-02-01,3,XGBoost,Alta,Alta
babahoyo,2012-03-01,3,XGBoost,Alta,Alta
cuenca,2012-03-01,3,XGBoost,Media,Media
esmeraldas,2012-03-01,3,XGBoost,Alta,Alta
guayaquil,2012-03-01,3,XGBoost,Alta,Alta
loja,2012-03-01,3,XGBoost,Alta,Alta
machala,2012-03-01,3,XGBoost,Alta,Alta
portoviejo,2012-03-01,3,XGBoost,Alta,Alta
puyo,2012-03-01,3,XGBoost,Media,Alta
quito,2012-03-01,3,XGBoost,Alta,Alta
riobamba,2012-03-01,3,XGBoost,Alta,Media
salinas,2012-03-01,3,XGBoost,Media,Alta
tena,2012-03-01,3,XGBoost,Alta,Alta
babahoyo,2012-04-01,3,XGBoost,Alta,Alta
cuenca,2012-04-01,3,XGBoost,Media,Media
esmeraldas,2012-04-01,3,XGBoost,Alta,Alta
guayaquil,2012-04-01,3,XGBoost,Alta,Alta
loja,2012-04-01,3,XGBoost,Media,Media
machala,2012-04-01,3,XGBoost,Alta,Alta
portoviejo,2012-04-01,3,XGBoost,Alta,Alta
puyo,2012-04-01,3,XGBoost,Alta,Media
quito,2012-04-01,3,XGBoost,Alta,Alta
riobamba,2012-04-01,3,XGBoost,Media,Media
salinas,2012-04-01,3,XGBoost,Media,Baja
tena,2012-04-01,3,XGBoost,Alta,Alta
babahoyo,2012-05-01,3,XGBoost,Alta,Alta
cuenca,2012-05-01,3,XGBoost,Baja,Baja
esmeraldas,2012-05-01,3,XGBoost,Alta,Alta
guayaquil,2012-05-01,3,XGBoost,Alta,Alta
loja,2012-05-01,3,XGBoost,Baja,Media
machala,2012-05-01,3,XGBoost,Media,Media
portoviejo,2012-05-01,3,XGBoost,Media,Media
puyo,2012-05-01,3,XGBoost,Alta,Alta
quito,2012-05-01,3,XGBoost,Alta,Media
riobamba,2012-05-01,3,XGBoost,Media,Media
salinas,2012-05-01,3,XGBoost,Baja,Baja
tena,2012-05-01,3,XGBoost,Alta,Alta
babahoyo,2012-06-01,3,XGBoost,Alta,Alta
cuenca,2012-06-01,3,XGBoost,Baja,Baja
esmeraldas,2012-06-01,3,XGBoost,Media,Alta
guayaquil,2012-06-01,3,XGBoost,Alta,Alta
loja,2012-06-01,3,XGBoost,Baja,Baja
machala,2012-06-01,3,XGBoost,Baja,Baja
portoviejo,2012-06-01,3,XGBoost,Baja,Media
puyo,2012-06-01,3,XGBoost,Media,Media
quito,2012-06-01,3,XGBoost,Media,Media
riobamba,2012-06-01,3,XGBoost,Baja,Baja
salinas,2012-06-01,3,XGBoost,Baja,Baja
tena,2012-06-01,3,XGBoost,Media,Alta
babahoyo,2012-07-01,3,XGBoost,Media,Alta
cuenca,2012-07-01,3,XGBoost,Baja,Baja
esmeraldas,2012-07-01,3,XGBoost,Baja,Baja
guayaquil,2012-07-01,3,XGBoost,Media,Media
loja,2012-07-01,3,XGBoost,Baja,Baja
machala,2012-07-01,3,XGBoost,Baja,Baja
portoviejo,2012-07-01,3,XGBoost,Baja,Baja
puyo,2012-07-01,3,XGBoost,Alta,Media
quito,2012-07-01,3,XGBoost,Baja,Media
riobamba,2012-07-01,3,XGBoost,Baja,Baja
salinas,2012-07-01,3,XGBoost,Baja,Baja
tena,2012-07-01,3,XGBoost,Alta,Alta
babahoyo,2012-08-01,3,XGBoost,Media,Baja
cuenca,2012-08-01,3,XGBoost,Media,Baja
esmeraldas,2012-08-01,3,XGBoost,Baja,Baja
guayaquil,2012-08-01,3,XGBoost,Media,Baja
loja,2012-08-01,3,XGBoost,Baja,Baja
machala,2012-08-01,3,XGBoost,Baja,Baja
portoviejo,2012-08-01,3,XGBoost,Baja,Baja
puyo,2012-08-01,3,XGBoost,Alta,Media
quito,2012-08-01,3,XGBoost,Baja,Media
riobamba,2012-08-01,3,XGBoost,Baja,Baja
salinas,2012-08-01,3,XGBoost,Baja,Baja
tena,2012-08-01,3,XGBoost,Alta,Media
babahoyo,2012-09-01,3,XGBoost,Media,Media
cuenca,2012-09-01,3,XGBoost,Baja,Baja
esmeraldas,2012-09-01,3,XGBoost,Baja,Baja
guayaquil,2012-09-01,3,XGBoost,Media,Media
loja,2012-09-01,3,XGBoost,Baja,Baja
machala,2012-09-01,3,XGBoost,Baja,Baja
portoviejo,2012-09-01,3,XGBoost,Baja,Baja
puyo,2012-09-01,3,XGBoost,Media,Baja
quito,2012-09-01,3,XGBoost,Media,Media
riobamba,2012-09-01,3,XGBoost,Baja,Baja
salinas,2012-09-01,3,XGBoost,Baja,Baja
tena,2012-09-01,3,XGBoost,Media,Media
babahoyo,2012-10-01,3,XGBoost,Baja,Media
cuenca,2012-10-01,3,XGBoost,Media,Media
esmeraldas,2012-10-01,3,XGBoost,Baja,Baja
guayaquil,2012-10-01,3,XGBoost,Baja,Media
loja,2012-10-01,3,XGBoost,Alta,Media
machala,2012-10-01,3,XGBoost,Baja,Baja
portoviejo,2012-10-01,3,XGBoost,Baja,Baja
puyo,2012-10-01,3,XGBoost,Alta,Media
quito,2012-10-01,3,XGBoost,Alta,Media
riobamba,2012-10-01,3,XGBoost,Alta,Media
salinas,2012-10-01,3,XGBoost,Baja,Baja
tena,2012-10-01,3,XGBoost,Alta,Alta
babahoyo,2012-11-01,3,XGBoost,Media,Media
cuenca,2012-11-01,3,XGBoost,Media,Media
esmeraldas,2012-11-01,3,XGBoost,Media,Baja
guayaquil,2012-11-01,3,XGBoost,Baja,Baja
loja,2012-11-01,3,XGBoost,Media,Media
machala,2012-11-01,3,XGBoost,Baja,Baja
portoviejo,2012-11-01,3,XGBoost,Baja,Baja
puyo,2012-11-01,3,XGBoost,Alta,Alta
quito,2012-11-01,3,XGBoost,Alta,Alta
riobamba,2012-11-01,3,XGBoost,Media,Media
salinas,2012-11-01,3,XGBoost,Baja,Baja
tena,2012-11-01,3,XGBoost,Alta,Alta
babahoyo,2012-12-01,3,XGBoost,Media,Alta
cuenca,2012-12-01,3,XGBoost,Media,Media
esmeraldas,2012-12-01,3,XGBoost,Baja,Media
guayaquil,2012-12-01,3,XGBoost,Baja,Media
loja,2012-12-01,3,XGBoost,Baja,Alta
machala,2012-12-01,3,XGBoost,Baja,Baja
portoviejo,2012-12-01,3,XGBoost,Baja,Baja
puyo,2012-12-01,3,XGBoost,Alta,Media
quito,2012-12-01,3,XGBoost,Alta,Alta
riobamba,2012-12-01,3,XGBoost,Media,Media
salinas,2012-12-01,3,XGBoost,Baja,Baja
tena,2012-12-01,3,XGBoost,Alta,Alta
babahoyo,2013-01-01,3,XGBoost,Alta,Alta
cuenca,2013-01-01,3,XGBoost,Media,Media
esmeraldas,2013-01-01,3,XGBoost,Alta,Alta
guayaquil,2013-01-01,3,XGBoost,Alta,Alta
loja,2013-01-01,3,XGBoost,Media,Media
machala,2013-01-01,3,XGBoost,Media,Media
portoviejo,2013-01-01,3,XGBoost,Media,Alta
puyo,2013-01-01,3,XGBoost,Media,Alta
quito,2013-01-01,3,XGBoost,Media,Alta
riobamba,2013-01-01,3,XGBoost,Media,Media
salinas,2013-01-01,3,XGBoost,Baja,Baja
tena,2013-01-01,3,XGBoost,Media,Alta
babahoyo,2013-02-01,3,XGBoost,Alta,Alta
cuenca,2013-02-01,3,XGBoost,Alta,Alta
esmeraldas,2013-02-01,3,XGBoost,Alta,Alta
guayaquil,2013-02-01,3,XGBoost,Alta,Alta
loja,2013-02-01,3,XGBoost,Alta,Media
machala,2013-02-01,3,XGBoost,Media,Media
portoviejo,2013-02-01,3,XGBoost,Alta,Alta
puyo,2013-02-01,3,XGBoost,Alta,Media
quito,2013-02-01,3,XGBoost,Alta,Alta
riobamba,2013-02-01,3,XGBoost,Alta,Media
salinas,2013-02-01,3,XGBoost,Media,Media
tena,2013-02-01,3,XGBoost,Alta,Alta
babahoyo,2013-03-01,3,XGBoost,Alta,Alta
cuenca,2013-03-01,3,XGBoost,Media,Media
esmeraldas,2013-03-01,3,XGBoost,Alta,Alta
guayaquil,2013-03-01,3,XGBoost,Alta,Alta
loja,2013-03-01,3,XGBoost,Media,Alta
machala,2013-03-01,3,XGBoost,Alta,Alta
portoviejo,2013-03-01,3,XGBoost,Alta,Alta
puyo,2013-03-01,3,XGBoost,Media,Alta
quito,2013-03-01,3,XGBoost,Alta,Alta
riobamba,2013-03-01,3,XGBoost,Media,Alta
salinas,2013-03-01,3,XGBoost,Alta,Media
tena,2013-03-01,3,XGBoost,Alta,Alta
babahoyo,2013-04-01,3,XGBoost,Alta,Alta
cuenca,2013-04-01,3,XGBoost,Baja,Media
esmeraldas,2013-04-01,3,XGBoost,Alta,Alta
guayaquil,2013-04-01,3,XGBoost,Alta,Alta
loja,2013-04-01,3,XGBoost,Baja,Media
machala,2013-04-01,3,XGBoost,Alta,Alta
portoviejo,2013-04-01,3,XGBoost,Media,Alta
puyo,2013-04-01,3,XGBoost,Media,Media
quito,2013-04-01,3,XGBoost,Alta,Alta
riobamba,2013-04-01,3,XGBoost,Media,Media
salinas,2013-04-01,3,XGBoost,Baja,Media
tena,2013-04-01,3,XGBoost,Alta,Alta
babahoyo,2013-05-01,3,XGBoost,Alta,Alta
cuenca,2013-05-01,3,XGBoost,Media,Baja
esmeraldas,2013-05-01,3,XGBoost,Alta,Alta
guayaquil,2013-05-01,3,XGBoost,Alta,Alta
loja,2013-05-01,3,XGBoost,Baja,Baja
machala,2013-05-01,3,XGBoost,Media,Media
portoviejo,2013-05-01,3,XGBoost,Baja,Media
puyo,2013-05-01,3,XGBoost,Media,Media
quito,2013-05-01,3,XGBoost,Alta,Alta
riobamba,2013-05-01,3,XGBoost,Media,Media
salinas,2013-05-01,3,XGBoost,Baja,Baja
tena,2013-05-01,3,XGBoost,Alta,Alta
babahoyo,2013-06-01,3,XGBoost,Baja,Alta
cuenca,2013-06-01,3,XGBoost,Baja,Baja
esmeraldas,2013-06-01,3,XGBoost,Baja,Baja
guayaquil,2013-06-01,3,XGBoost,Baja,Media
loja,2013-06-01,3,XGBoost,Baja,Baja
machala,2013-06-01,3,XGBoost,Baja,Baja
portoviejo,2013-06-01,3,XGBoost,Baja,Baja
puyo,2013-06-01,3,XGBoost,Media,Media
quito,2013-06-01,3,XGBoost,Media,Media
riobamba,2013-06-01,3,XGBoost,Baja,Baja
salinas,2013-06-01,3,XGBoost,Baja,Baja
tena,2013-06-01,3,XGBoost,Alta,Alta
babahoyo,2013-07-01,3,XGBoost,Media,Media
cuenca,2013-07-01,3,XGBoost,Baja,Baja
esmeraldas,2013-07-01,3,XGBoost,Baja,Baja
guayaquil,2013-07-01,3,XGBoost,Baja,Baja
loja,2013-07-01,3,XGBoost,Media,Baja
machala,2013-07-01,3,XGBoost,Baja,Baja
portoviejo,2013-07-01,3,XGBoost,Baja,Baja
puyo,2013-07-01,3,XGBoost,Media,Media
quito,2013-07-01,3,XGBoost,Media,Media
riobamba,2013-07-01,3,XGBoost,Baja,Baja
salinas,2013-07-01,3,XGBoost,Baja,Baja
tena,2013-07-01,3,XGBoost,Alta,Alta
babahoyo,2013-08-01,3,XGBoost,Baja,Baja
cuenca,2013-08-01,3,XGBoost,Baja,Baja
esmeraldas,2013-08-01,3,XGBoost,Baja,Baja
guayaquil,2013-08-01,3,XGBoost,Baja,Baja
loja,2013-08-01,3,XGBoost,Baja,Baja
machala,2013-08-01,3,XGBoost,Baja,Baja
portoviejo,2013-08-01,3,XGBoost,Baja,Baja
puyo,2013-08-01,3,XGBoost,Media,Media
quito,2013-08-01,3,XGBoost,Media,Media
riobamba,2013-08-01,3,XGBoost,Baja,Baja
salinas,2013-08-01,3,XGBoost,Baja,Baja
tena,2013-08-01,3,XGBoost,Alta,Alta
babahoyo,2013-09-01,3,XGBoost,Media,Baja
cuenca,2013-09-01,3,XGBoost,Baja,Baja
esmeraldas,2013-09-01,3,XGBoost,Media,Baja
guayaquil,2013-09-01,3,XGBoost,Baja,Baja
loja,2013-09-01,3,XGBoost,Baja,Baja
machala,2013-09-01,3,XGBoost,Baja,Baja
portoviejo,2013-09-01,3,XGBoost,Baja,Baja
puyo,2013-09-01,3,XGBoost,Baja,Baja
quito,2013-09-01,3,XGBoost,Alta,Media
riobamba,2013-09-01,3,XGBoost,Baja,Baja
salinas,2013-09-01,3,XGBoost,Baja,Baja
tena,2013-09-01,3,XGBoost,Media,Media
babahoyo,2013-10-01,3,XGBoost,Baja,Media
cuenca,2013-10-01,3,XGBoost,Media,Media
esmeraldas,2013-10-01,3,XGBoost,Baja,Baja
guayaquil,2013-10-01,3,XGBoost,Baja,Baja
loja,2013-10-01,3,XGBoost,Media,Media
machala,2013-10-01,3,XGBoost,Baja,Baja
portoviejo,2013-10-01,3,XGBoost,Baja,Baja
puyo,2013-10-01,3,XGBoost,Baja,Baja
quito,2013-10-01,3,XGBoost,Alta,Alta
riobamba,2013-10-01,3,XGBoost,Media,Media
salinas,2013-10-01,3,XGBoost,Baja,Baja
tena,2013-10-01,3,XGBoost,Alta,Media
babahoyo,2013-11-01,3,XGBoost,Media,Media
cuenca,2013-11-01,3,XGBoost,Alta,Media
esmeraldas,2013-11-01,3,XGBoost,Baja,Baja
guayaquil,2013-11-01,3,XGBoost,Baja,Baja
loja,2013-11-01,3,XGBoost,Baja,Media
machala,2013-11-01,3,XGBoost,Baja,Baja
portoviejo,2013-11-01,3,XGBoost,Baja,Baja
puyo,2013-11-01,3,XGBoost,Alta,Alta
quito,2013-11-01,3,XGBoost,Media,Alta
riobamba,2013-11-01,3,XGBoost,Media,Media
salinas,2013-11-01,3,XGBoost,Baja,Baja
tena,2013-11-01,3,XGBoost,Alta,Alta
babahoyo,2013-12-01,3,XGBoost,Media,Media
cuenca,2013-12-01,3,XGBoost,Alta,Media
esmeraldas,2013-12-01,3,XGBoost,Baja,Media
guayaquil,2013-12-01,3,XGBoost,Baja,Baja
loja,2013-12-01,3,XGBoost,Baja,Media
machala,2013-12-01,3,XGBoost,Baja,Baja
portoviejo,2013-12-01,3,XGBoost,Baja,Baja
puyo,2013-12-01,3,XGBoost,Alta,Alta
quito,2013-12-01,3,XGBoost,Media,Alta
riobamba,2013-12-01,3,XGBoost,Media,Media
salinas,2013-12-01,3,XGBoost,Baja,Baja
tena,2013-12-01,3,XGBoost,Alta,Alta
babahoyo,2014-01-01,4,XGBoost,Alta,Alta
cuenca,2014-01-01,4,XGBoost,Alta,Media
esmeraldas,2014-01-01,4,XGBoost,Alta,Alta
guayaquil,2014-01-01,4,XGBoost,Alta,Alta
loja,2014-01-01,4,XGBoost,Media,Media
machala,2014-01-01,4,XGBoost,Media,Media
portoviejo,2014-01-01,4,XGBoost,Alta,Alta
puyo,2014-01-01,4,XGBoost,Alta,Alta
quito,2014-01-01,4,XGBoost,Alta,Alta
riobamba,2014-01-01,4,XGBoost,Media,Media
salinas,2014-01-01,4,XGBoost,Baja,Baja
tena,2014-01-01,4,XGBoost,Alta,Alta
babahoyo,2014-02-01,4,XGBoost,Alta,Alta
cuenca,2014-02-01,4,XGBoost,Media,Media
esmeraldas,2014-02-01,4,XGBoost,Alta,Alta
guayaquil,2014-02-01,4,XGBoost,Media,Alta
loja,2014-02-01,4,XGBoost,Media,Media
machala,2014-02-01,4,XGBoost,Baja,Alta
portoviejo,2014-02-01,4,XGBoost,Media,Alta
puyo,2014-02-01,4,XGBoost,Alta,Alta
quito,2014-02-01,4,XGBoost,Alta,Alta
riobamba,2014-02-01,4,XGBoost,Media,Media
salinas,2014-02-01,4,XGBoost,Baja,Media
tena,2014-02-01,4,XGBoost,Alta,Alta
babahoyo,2014-03-01,4,XGBoost,Alta,Alta
cuenca,2014-03-01,4,XGBoost,Media,Media
esmeraldas,2014-03-01,4,XGBoost,Media,Alta
guayaquil,2014-03-01,4,XGBoost,Alta,Alta
loja,2014-03-01,4,XGBoost,Media,Media
machala,2014-03-01,4,XGBoost,Media,Media
portoviejo,2014-03-01,4,XGBoost,Media,Alta
puyo,2014-03-01,4,XGBoost,Alta,Media
quito,2014-03-01,4,XGBoost,Alta,Alta
riobamba,2014-03-01,4,XGBoost,Alta,Media
salinas,2014-03-01,4,XGBoost,Baja,Baja
tena,2014-03-01,4,XGBoost,Alta,Alta
babahoyo,2014-04-01,4,XGBoost,Alta,Alta
cuenca,2014-04-01,4,XGBoost,Baja,Media
esmeraldas,2014-04-01,4,XGBoost,Alta,Alta
guayaquil,2014-04-01,4,XGBoost,Alta,Alta
loja,2014-04-01,4,XGBoost,Baja,Media
machala,2014-04-01,4,XGBoost,Media,Media
portoviejo,2014-04-01,4,XGBoost,Media,Media
puyo,2014-04-01,4,XGBoost,Media,Alta
quito,2014-04-01,4,XGBoost,Media,Alta
riobamba,2014-04-01,4,XGBoost,Media,Media
salinas,2014-04-01,4,XGBoost,Baja,Baja
tena,2014-04-01,4,XGBoost,Alta,Alta
babahoyo,2014-05-01,4,XGBoost,Alta,Alta
cuenca,2014-05-01,4,XGBoost,Alta,Baja
esmeraldas,2014-05-01,4,XGBoost,Media,Media
guayaquil,2014-05-01,4,XGBoost,Alta,Alta
loja,2014-05-01,4,XGBoost,Media,Baja
machala,2014-05-01,4,XGBoost,Alta,Baja
portoviejo,2014-05-01,4,XGBoost,Baja,Baja
puyo,2014-05-01,4,XGBoost,Alta,Alta
quito,2014-05-01,4,XGBoost,Alta,Media
riobamba,2014-05-01,4,XGBoost,Media,Media
salinas,2014-05-01,4,XGBoost,Baja,Baja
tena,2014-05-01,4,XGBoost,Alta,Alta
babahoyo,2014-06-01,4,XGBoost,Alta,Alta
cuenca,2014-06-01,4,XGBoost,Baja,Baja
esmeraldas,2014-06-01,4,XGBoost,Alta,Baja
guayaquil,2014-06-01,4,XGBoost,Media,Alta
loja,2014-06-01,4,XGBoost,Media,Baja
machala,2014-06-01,4,XGBoost,Baja,Media
portoviejo,2014-06-01,4,XGBoost,Baja,Baja
puyo,2014-06-01,4,XGBoost,Alta,Alta
quito,2014-06-01,4,XGBoost,Media,Media
riobamba,2014-06-01,4,XGBoost,Baja,Media
salinas,2014-06-01,4,XGBoost,Baja,Baja
tena,2014-06-01,4,XGBoost,Alta,Alta
babahoyo,2014-07-01,4,XGBoost,Alta,Media
cuenca,2014-07-01,4,XGBoost,Baja,Baja
esmeraldas,2014-07-01,4,XGBoost,Media,Media
guayaquil,2014-07-01,4,XGBoost,Media,Media
loja,2014-07-01,4,XGBoost,Baja,Baja
machala,2014-07-01,4,XGBoost,Baja,Baja
portoviejo,2014-07-01,4,XGBoost,Baja,Baja
puyo,2014-07-01,4,XGBoost,Media,Media
quito,2014-07-01,4,XGBoost,Baja,Media
riobamba,2014-07-01,4,XGBoost,Baja,Baja
salinas,2014-07-01,4,XGBoost,Baja,Baja
tena,2014-07-01,4,XGBoost,Alta,Alta
babahoyo,2014-08-01,4,XGBoost,Alta,Media
cuenca,2014-08-01,4,XGBoost,Baja,Baja
esmeraldas,2014-08-01,4,XGBoost,Media,Media
guayaquil,2014-08-01,4,XGBoost,Alta,Media
loja,2014-08-01,4,XGBoost,Baja,Baja
machala,2014-08-01,4,XGBoost,Baja,Baja
portoviejo,2014-08-01,4,XGBoost,Baja,Baja
puyo,2014-08-01,4,XGBoost,Media,Media
quito,2014-08-01,4,XGBoost,Baja,Media
riobamba,2014-08-01,4,XGBoost,Baja,Baja
salinas,2014-08-01,4,XGBoost,Baja,Baja
tena,2014-08-01,4,XGBoost,Media,Alta
babahoyo,2014-09-01,4,XGBoost,Alta,Media
cuenca,2014-09-01,4,XGBoost,Baja,Baja
esmeraldas,2014-09-01,4,XGBoost,Media,Baja
guayaquil,2014-09-01,4,XGBoost,Media,Media
loja,2014-09-01,4,XGBoost,Baja,Baja
machala,2014-09-01,4,XGBoost,Baja,Baja
portoviejo,2014-09-01,4,XGBoost,Baja,Baja
puyo,2014-09-01,4,XGBoost,Baja,Media
quito,2014-09-01,4,XGBoost,Media,Media
riobamba,2014-09-01,4,XGBoost,Baja,Baja
salinas,2014-09-01,4,XGBoost,Baja,Baja
tena,2014-09-01,4,XGBoost,Baja,Media
babahoyo,2014-10-01,4,XGBoost,Alta,Media
cuenca,2014-10-01,4,XGBoost,Media,Media
esmeraldas,2014-10-01,4,XGBoost,Baja,Baja
guayaquil,2014-10-01,4,XGBoost,Media,Baja
loja,2014-10-01,4,XGBoost,Baja,Media
machala,2014-10-01,4,XGBoost,Baja,Baja
portoviejo,2014-10-01,4,XGBoost,Baja,Baja
puyo,2014-10-01,4,XGBoost,Media,Media
quito,2014-10-01,4,XGBoost,Alta,Alta
riobamba,2014-10-01,4,XGBoost,Media,Media
salinas,2014-10-01,4,XGBoost,Baja,Baja
tena,2014-10-01,4,XGBoost,Alta,Media
babahoyo,2014-11-01,4,XGBoost,Baja,Alta
cuenca,2014-11-01,4,XGBoost,Alta,Media
esmeraldas,2014-11-01,4,XGBoost,Baja,Media
guayaquil,2014-11-01,4,XGBoost,Baja,Media
loja,2014-11-01,4,XGBoost,Media,Media
machala,2014-11-01,4,XGBoost,Baja,Baja
portoviejo,2014-11-01,4,XGBoost,Baja,Baja
puyo,2014-11-01,4,XGBoost,Alta,Alta
quito,2014-11-01,4,XGBoost,Media,Alta
riobamba,2014-11-01,4,XGBoost,Media,Media
salinas,2014-11-01,4,XGBoost,Baja,Baja
tena,2014-11-01,4,XGBoost,Alta,Alta
babahoyo,2014-12-01,4,XGBoost,Alta,Media
cuenca,2014-12-01,4,XGBoost,Media,Media
esmeraldas,2014-12-01,4,XGBoost,Media,Media
guayaquil,2014-12-01,4,XGBoost,Media,Baja
loja,2014-12-01,4,XGBoost,Media,Media
machala,2014-12-01,4,XGBoost,Media,Baja
portoviejo,2014-12-01,4,XGBoost,Baja,Baja
puyo,2014-12-01,4,XGBoost,Media,Alta
quito,2014-12-01,4,XGBoost,Alta,Media
riobamba,2014-12-01,4,XGBoost,Media,Media
salinas,2014-12-01,4,XGBoost,Baja,Baja
tena,2014-12-01,4,XGBoost,Alta,Alta
babahoyo,2015-01-01,4,XGBoost,Alta,Alta
cuenca,2015-01-01,4,XGBoost,Alta,Media
esmeraldas,2015-01-01,4,XGBoost,Alta,Alta
guayaquil,2015-01-01,4,XGBoost,Alta,Alta
loja,2015-01-01,4,XGBoost,Media,Media
machala,2015-01-01,4,XGBoost,Alta,Media
portoviejo,2015-01-01,4,XGBoost,Media,Alta
puyo,2015-01-01,4,XGBoost,Media,Media
quito,2015-01-01,4,XGBoost,Alta,Alta
riobamba,2015-01-01,4,XGBoost,Media,Media
salinas,2015-01-01,4,XGBoost,Baja,Baja
tena,2015-01-01,4,XGBoost,Alta,Alta
babahoyo,2015-02-01,4,XGBoost,Alta,Alta
cuenca,2015-02-01,4,XGBoost,Media,Media
esmeraldas,2015-02-01,4,XGBoost,Media,Alta
guayaquil,2015-02-01,4,XGBoost,Alta,Alta
loja,2015-02-01,4,XGBoost,Baja,Media
machala,2015-02-01,4,XGBoost,Media,Alta
portoviejo,2015-02-01,4,XGBoost,Baja,Alta
puyo,2015-02-01,4,XGBoost,Alta,Alta
quito,2015-02-01,4,XGBoost,Media,Alta
riobamba,2015-02-01,4,XGBoost,Baja,Media
salinas,2015-02-01,4,XGBoost,Baja,Media
tena,2015-02-01,4,XGBoost,Alta,Alta
babahoyo,2015-03-01,4,XGBoost,Alta,Alta
cuenca,2015-03-01,4,XGBoost,Alta,Media
esmeraldas,2015-03-01,4,XGBoost,Media,Alta
guayaquil,2015-03-01,4,XGBoost,Alta,Alta
loja,2015-03-01,4,XGBoost,Alta,Media
machala,2015-03-01,4,XGBoost,Alta,Media
portoviejo,2015-03-01,4,XGBoost,Alta,Media
puyo,2015-03-01,4,XGBoost,Alta,Alta
quito,2015-03-01,4,XGBoost,Alta,Media
riobamba,2015-03-01,4,XGBoost,Alta,Media
salinas,2015-03-01,4,XGBoost,Media,Media
tena,2015-03-01,4,XGBoost,Alta,Alta
babahoyo,2015-04-01,4,XGBoost,Alta,Alta
cuenca,2015-04-01,4,XGBoost,Media,Media
esmeraldas,2015-04-01,4,XGBoost,Alta,Alta
guayaquil,2015-04-01,4,XGBoost,Alta,Alta
loja,2015-04-01,4,XGBoost,Media,Media
machala,2015-04-01,4,XGBoost,Alta,Alta
portoviejo,2015-04-01,4,XGBoost,Media,Media
puyo,2015-04-01,4,XGBoost,Media,Media
quito,2015-04-01,4,XGBoost,Media,Alta
riobamba,2015-04-01,4,XGBoost,Alta,Media
salinas,2015-04-01,4,XGBoost,Baja,Baja
tena,2015-04-01,4,XGBoost,Media,Alta
babahoyo,2015-05-01,4,XGBoost,Alta,Alta
cuenca,2015-05-01,4,XGBoost,Baja,Media
esmeraldas,2015-05-01,4,XGBoost,Alta,Alta
guayaquil,2015-05-01,4,XGBoost,Alta,Alta
loja,2015-05-01,4,XGBoost,Baja,Media
machala,2015-05-01,4,XGBoost,Alta,Alta
portoviejo,2015-05-01,4,XGBoost,Media,Media
puyo,2015-05-01,4,XGBoost,Media,Alta
quito,2015-05-01,4,XGBoost,Media,Media
riobamba,2015-05-01,4,XGBoost,Baja,Media
salinas,2015-05-01,4,XGBoost,Baja,Baja
tena,2015-05-01,4,XGBoost,Alta,Alta
babahoyo,2015-06-01,4,XGBoost,Alta,Alta
cuenca,2015-06-01,4,XGBoost,Baja,Baja
esmeraldas,2015-06-01,4,XGBoost,Alta,Alta
guayaquil,2015-06-01,4,XGBoost,Alta,Alta
loja,2015-06-01,4,XGBoost,Baja,Baja
machala,2015-06-01,4,XGBoost,Baja,Alta
portoviejo,2015-06-01,4,XGBoost,Media,Baja
puyo,2015-06-01,4,XGBoost,Media,Media
quito,2015-06-01,4,XGBoost,Media,Media
riobamba,2015-06-01,4,XGBoost,Baja,Baja
salinas,2015-06-01,4,XGBoost,Baja,Baja
tena,2015-06-01,4,XGBoost,Alta,Alta
babahoyo,2015-07-01,4,XGBoost,Alta,Alta
cuenca,2015-07-01,4,XGBoost,Baja,Baja
esmeraldas,2015-07-01,4,XGBoost,Media,Baja
guayaquil,2015-07-01,4,XGBoost,Alta,Alta
loja,2015-07-01,4,XGBoost,Baja,Baja
machala,2015-07-01,4,XGBoost,Baja,Baja
portoviejo,2015-07-01,4,XGBoost,Baja,Baja
puyo,2015-07-01,4,XGBoost,Baja,Media
quito,2015-07-01,4,XGBoost,Media,Media
riobamba,2015-07-01,4,XGBoost,Baja,Baja
salinas,2015-07-01,4,XGBoost,Baja,Baja
tena,2015-07-01,4,XGBoost,Alta,Alta
babahoyo,2015-08-01,4,XGBoost,Baja,Alta
cuenca,2015-08-01,4,XGBoost,Baja,Baja
esmeraldas,2015-08-01,4,XGBoost,Media,Alta
guayaquil,2015-08-01,4,XGBoost,Baja,Media
loja,2015-08-01,4,XGBoost,Baja,Baja
machala,2015-08-01,4,XGBoost,Baja,Baja
portoviejo,2015-08-01,4,XGBoost,Baja,Baja
puyo,2015-08-01,4,XGBoost,Baja,Baja
quito,2015-08-01,4,XGBoost,Baja,Media
riobamba,2015-08-01,4,XGBoost,Baja,Baja
salinas,2015-08-01,4,XGBoost,Baja,Baja
tena,2015-08-01,4,XGBoost,Media,Alta
babahoyo,2015-09-01,4,XGBoost,Media,Media
cuenca,2015-09-01,4,XGBoost,Baja,Baja
esmeraldas,2015-09-01,4,XGBoost,Baja,Media
guayaquil,2015-09-01,4,XGBoost,Baja,Media
loja,2015-09-01,4,XGBoost,Baja,Baja
machala,2015-09-01,4,XGBoost,Baja,Baja
portoviejo,2015-09-01,4,XGBoost,Baja,Baja
puyo,2015-09-01,4,XGBoost,Baja,Baja
quito,2015-09-01,4,XGBoost,Media,Media
riobamba,2015-09-01,4,XGBoost,Baja,Baja
salinas,2015-09-01,4,XGBoost,Baja,Baja
tena,2015-09-01,4,XGBoost,Baja,Media
babahoyo,2015-10-01,4,XGBoost,Alta,Alta
cuenca,2015-10-01,4,XGBoost,Media,Baja
esmeraldas,2015-10-01,4,XGBoost,Alta,Media
guayaquil,2015-10-01,4,XGBoost,Media,Media
loja,2015-10-01,4,XGBoost,Baja,Baja
machala,2015-10-01,4,XGBoost,Baja,Baja
portoviejo,2015-10-01,4,XGBoost,Baja,Baja
puyo,2015-10-01,4,XGBoost,Media,Media
quito,2015-10-01,4,XGBoost,Alta,Alta
riobamba,2015-10-01,4,XGBoost,Media,Media
salinas,2015-10-01,4,XGBoost,Baja,Baja
tena,2015-10-01,4,XGBoost,Alta,Alta
babahoyo,2015-11-01,4,XGBoost,Alta,Alta
cuenca,2015-11-01,4,XGBoost,Baja,Alta
esmeraldas,2015-11-01,4,XGBoost,Alta,Alta
guayaquil,2015-11-01,4,XGBoost,Media,Media
loja,2015-11-01,4,XGBoost,Media,Media
machala,2015-11-01,4,XGBoost,Alta,Baja
portoviejo,2015-11-01,4,XGBoost,Baja,Baja
puyo,2015-11-01,4,XGBoost,Alta,Alta
quito,2015-11-01,4,XGBoost,Alta,Alta
riobamba,2015-11-01,4,XGBoost,Media,Media
salinas,2015-11-01,4,XGBoost,Baja,Baja
tena,2015-11-01,4,XGBoost,Alta,Alta
babahoyo,2015-12-01,4,XGBoost,Alta,Alta
cuenca,2015-12-01,4,XGBoost,Baja,Media
esmeraldas,2015-12-01,4,XGBoost,Alta,Alta
guayaquil,2015-12-01,4,XGBoost,Alta,Media
loja,2015-12-01,4,XGBoost,Baja,Media
machala,2015-12-01,4,XGBoost,Media,Media
portoviejo,2015-12-01,4,XGBoost,Media,Media
puyo,2015-12-01,4,XGBoost,Alta,Alta
quito,2015-12-01,4,XGBoost,Media,Alta
riobamba,2015-12-01,4,XGBoost,Media,Media
salinas,2015-12-01,4,XGBoost,Baja,Baja
tena,2015-12-01,4,XGBoost,Alta,Alta
babahoyo,2016-01-01,4,XGBoost,Alta,Alta
cuenca,2016-01-01,4,XGBoost,Media,Media
esmeraldas,2016-01-01,4,XGBoost,Alta,Alta
guayaquil,2016-01-01,4,XGBoost,Alta,Alta
loja,2016-01-01,4,XGBoost,Alta,Media
machala,2016-01-01,4,XGBoost,Alta,Alta
portoviejo,2016-01-01,4,XGBoost,Alta,Alta
puyo,2016-01-01,4,XGBoost,Media,Alta
quito,2016-01-01,4,XGBoost,Alta,Alta
riobamba,2016-01-01,4,XGBoost,Media,Media
salinas,2016-01-01,4,XGBoost,Baja,Baja
tena,2016-01-01,4,XGBoost,Media,Alta
babahoyo,2016-02-01,4,XGBoost,Alta,Alta
cuenca,2016-02-01,4,XGBoost,Media,Media
esmeraldas,2016-02-01,4,XGBoost,Alta,Alta
guayaquil,2016-02-01,4,XGBoost,Alta,Alta
loja,2016-02-01,4,XGBoost,Media,Media
machala,2016-02-01,4,XGBoost,Alta,Alta
portoviejo,2016-02-01,4,XGBoost,Alta,Alta
puyo,2016-02-01,4,XGBoost,Alta,Media
quito,2016-02-01,4,XGBoost,Alta,Alta
riobamba,2016-02-01,4,XGBoost,Media,Media
salinas,2016-02-01,4,XGBoost,Media,Media
tena,2016-02-01,4,XGBoost,Alta,Alta
babahoyo,2016-03-01,4,XGBoost,Alta,Alta
cuenca,2016-03-01,4,XGBoost,Media,Media
esmeraldas,2016-03-01,4,XGBoost,Alta,Alta
guayaquil,2016-03-01,4,XGBoost,Alta,Alta
loja,2016-03-01,4,XGBoost,Alta,Media
machala,2016-03-01,4,XGBoost,Alta,Alta
portoviejo,2016-03-01,4,XGBoost,Alta,Alta
puyo,2016-03-01,4,XGBoost,Media,Alta
quito,2016-03-01,4,XGBoost,Alta,Alta
riobamba,2016-03-01,4,XGBoost,Media,Media
salinas,2016-03-01,4,XGBoost,Alta,Media
tena,2016-03-01,4,XGBoost,Alta,Alta
babahoyo,2016-04-01,4,XGBoost,Alta,Alta
cuenca,2016-04-01,4,XGBoost,Alta,Media
esmeraldas,2016-04-01,4,XGBoost,Alta,Alta
guayaquil,2016-04-01,4,XGBoost,Alta,Alta
loja,2016-04-01,4,XGBoost,Media,Media
machala,2016-04-01,4,XGBoost,Alta,Alta
portoviejo,2016-04-01,4,XGBoost,Alta,Alta
puyo,2016-04-01,4,XGBoost,Alta,Alta
quito,2016-04-01,4,XGBoost,Alta,Alta
riobamba,2016-04-01,4,XGBoost,Media,Media
salinas,2016-04-01,4,XGBoost,Baja,Baja
tena,2016-04-01,4,XGBoost,Alta,Alta
babahoyo,2016-05-01,4,XGBoost,Alta,Alta
cuenca,2016-05-01,4,XGBoost,Baja,Media
esmeraldas,2016-05-01,4,XGBoost,Alta,Alta
guayaquil,2016-05-01,4,XGBoost,Alta,Alta
loja,2016-05-01,4,XGBoost,Baja,Baja
machala,2016-05-01,4,XGBoost,Media,Alta
portoviejo,2016-05-01,4,XGBoost,Baja,Alta
puyo,2016-05-01,4,XGBoost,Media,Media
quito,2016-05-01,4,XGBoost,Alta,Media
riobamba,2016-05-01,4,XGBoost,Baja,Media
salinas,2016-05-01,4,XGBoost,Baja,Baja
tena,2016-05-01,4,XGBoost,Alta,Alta
babahoyo,2016-06-01,4,XGBoost,Baja,Alta
cuenca,2016-06-01,4,XGBoost,Baja,Baja
esmeraldas,2016-06-01,4,XGBoost,Media,Alta
guayaquil,2016-06-01,4,XGBoost,Baja,Alta
loja,2016-06-01,4,XGBoost,Baja,Baja
machala,2016-06-01,4,XGBoost,Baja,Baja
portoviejo,2016-06-01,4,XGBoost,Baja,Baja
puyo,2016-06-01,4,XGBoost,Alta,Alta
quito,2016-06-01,4,XGBoost,Media,Media
riobamba,2016-06-01,4,XGBoost,Media,Baja
salinas,2016-06-01,4,XGBoost,Baja,Baja
tena,2016-06-01,4,XGBoost,Alta,Alta
babahoyo,2016-07-01,4,XGBoost,Media,Media
cuenca,2016-07-01,4,XGBoost,Baja,Baja
esmeraldas,2016-07-01,4,XGBoost,Baja,Baja
guayaquil,2016-07-01,4,XGBoost,Media,Media
loja,2016-07-01,4,XGBoost,Baja,Baja
machala,2016-07-01,4,XGBoost,Baja,Baja
portoviejo,2016-07-01,4,XGBoost,Baja,Baja
puyo,2016-07-01,4,XGBoost,Media,Media
quito,2016-07-01,4,XGBoost,Media,Media
riobamba,2016-07-01,4,XGBoost,Baja,Baja
salinas,2016-07-01,4,XGBoost,Baja,Baja
tena,2016-07-01,4,XGBoost,Alta,Alta
babahoyo,2016-08-01,4,XGBoost,Media,Media
cuenca,2016-08-01,4,XGBoost,Baja,Baja
esmeraldas,2016-08-01,4,XGBoost,Baja,Baja
guayaquil,2016-08-01,4,XGBoost,Baja,Baja
loja,2016-08-01,4,XGBoost,Baja,Baja
machala,2016-08-01,4,XGBoost,Baja,Baja
portoviejo,2016-08-01,4,XGBoost,Baja,Baja
puyo,2016-08-01,4,XGBoost,Baja,Media
quito,2016-08-01,4,XGBoost,Baja,Media
riobamba,2016-08-01,4,XGBoost,Baja,Baja
salinas,2016-08-01,4,XGBoost,Baja,Baja
tena,2016-08-01,4,XGBoost,Media,Media
babahoyo,2016-09-01,4,XGBoost,Alta,Media
cuenca,2016-09-01,4,XGBoost,Baja,Baja
esmeraldas,2016-09-01,4,XGBoost,Media,Baja
guayaquil,2016-09-01,4,XGBoost,Media,Baja
loja,2016-09-01,4,XGBoost,Baja,Baja
machala,2016-09-01,4,XGBoost,Baja,Baja
portoviejo,2016-09-01,4,XGBoost,Baja,Baja
puyo,2016-09-01,4,XGBoost,Media,Baja
quito,2016-09-01,4,XGBoost,Media,Media
riobamba,2016-09-01,4,XGBoost,Baja,Baja
salinas,2016-09-01,4,XGBoost,Baja,Baja
tena,2016-09-01,4,XGBoost,Media,Media
babahoyo,2016-10-01,4,XGBoost,Media,Alta
cuenca,2016-10-01,4,XGBoost,Media,Baja
esmeraldas,2016-10-01,4,XGBoost,Baja,Alta
guayaquil,2016-10-01,4,XGBoost,Baja,Baja
loja,2016-10-01,4,XGBoost,Baja,Baja
machala,2016-10-01,4,XGBoost,Baja,Baja
portoviejo,2016-10-01,4,XGBoost,Baja,Baja
puyo,2016-10-01,4,XGBoost,Alta,Media
quito,2016-10-01,4,XGBoost,Alta,Alta
riobamba,2016-10-01,4,XGBoost,Media,Media
salinas,2016-10-01,4,XGBoost,Baja,Baja
tena,2016-10-01,4,XGBoost,Alta,Alta
babahoyo,2016-11-01,4,XGBoost,Media,Media
cuenca,2016-11-01,4,XGBoost,Media,Media
esmeraldas,2016-11-01,4,XGBoost,Baja,Baja
guayaquil,2016-11-01,4,XGBoost,Baja,Baja
loja,2016-11-01,4,XGBoost,Baja,Media
machala,2016-11-01,4,XGBoost,Baja,Baja
portoviejo,2016-11-01,4,XGBoost,Baja,Baja
puyo,2016-11-01,4,XGBoost,Alta,Media
quito,2016-11-01,4,XGBoost,Alta,Alta
riobamba,2016-11-01,4,XGBoost,Baja,Media
salinas,2016-11-01,4,XGBoost,Baja,Baja
tena,2016-11-01,4,XGBoost,Alta,Alta
babahoyo,2016-12-01,4,XGBoost,Media,Alta
cuenca,2016-12-01,4,XGBoost,Media,Baja
esmeraldas,2016-12-01,4,XGBoost,Baja,Alta
guayaquil,2016-12-01,4,XGBoost,Baja,Baja
loja,2016-12-01,4,XGBoost,Media,Media
machala,2016-12-01,4,XGBoost,Baja,Baja
portoviejo,2016-12-01,4,XGBoost,Baja,Baja
puyo,2016-12-01,4,XGBoost,Alta,Media
quito,2016-12-01,4,XGBoost,Alta,Media
riobamba,2016-12-01,4,XGBoost,Media,Baja
salinas,2016-12-01,4,XGBoost,Baja,Baja
tena,2016-12-01,4,XGBoost,Alta,Alta
babahoyo,2017-01-01,4,XGBoost,Alta,Alta
cuenca,2017-01-01,4,XGBoost,Media,Media
esmeraldas,2017-01-01,4,XGBoost,Alta,Alta
guayaquil,2017-01-01,4,XGBoost,Alta,Alta
loja,2017-01-01,4,XGBoost,Alta,Alta
machala,2017-01-01,4,XGBoost,Alta,Media
portoviejo,2017-01-01,4,XGBoost,Media,Media
puyo,2017-01-01,4,XGBoost,Alta,Alta
quito,2017-01-01,4,XGBoost,Alta,Alta
riobamba,2017-01-01,4,XGBoost,Alta,Media
salinas,2017-01-01,4,XGBoost,Baja,Baja
tena,2017-01-01,4,XGBoost,Alta,Alta
babahoyo,2017-02-01,4,XGBoost,Alta,Alta
cuenca,2017-02-01,4,XGBoost,Alta,Media
esmeraldas,2017-02-01,4,XGBoost,Alta,Alta
guayaquil,2017-02-01,4,XGBoost,Alta,Alta
loja,2017-02-01,4,XGBoost,Alta,Alta
machala,2017-02-01,4,XGBoost,Alta,Alta
portoviejo,2017-02-01,4,XGBoost,Alta,Alta
puyo,2017-02-01,4,XGBoost,Alta,Alta
quito,2017-02-01,4,XGBoost,Alta,Alta
riobamba,2017-02-01,4,XGBoost,Media,Media
salinas,2017-02-01,4,XGBoost,Media,Media
tena,2017-02-01,4,XGBoost,Alta,Alta
babahoyo,2017-03-01,4,XGBoost,Alta,Alta
cuenca,2017-03-01,4,XGBoost,Alta,Media
esmeraldas,2017-03-01,4,XGBoost,Media,Alta
guayaquil,2017-03-01,4,XGBoost,Alta,Alta
loja,2017-03-01,4,XGBoost,Alta,Media
machala,2017-03-01,4,XGBoost,Alta,Alta
portoviejo,2017-03-01,4,XGBoost,Alta,Alta
puyo,2017-03-01,4,XGBoost,Alta,Alta
quito,2017-03-01,4,XGBoost,Alta,Media
riobamba,2017-03-01,4,XGBoost,Alta,Media
salinas,2017-03-01,4,XGBoost,Alta,Media
tena,2017-03-01,4,XGBoost,Alta,Alta
babahoyo,2017-04-01,4,XGBoost,Alta,Alta
cuenca,2017-04-01,4,XGBoost,Media,Media
esmeraldas,2017-04-01,4,XGBoost,Alta,Media
guayaquil,2017-04-01,4,XGBoost,Alta,Alta
loja,2017-04-01,4,XGBoost,Alta,Alta
machala,2017-04-01,4,XGBoost,Alta,Alta
portoviejo,2017-04-01,4,XGBoost,Alta,Alta
puyo,2017-04-01,4,XGBoost,Alta,Alta
quito,2017-04-01,4,XGBoost,Alta,Media
riobamba,2017-04-01,4,XGBoost,Media,Media
salinas,2017-04-01,4,XGBoost,Alta,Alta
tena,2017-04-01,4,XGBoost,Alta,Alta
babahoyo,2017-05-01,4,XGBoost,Alta,Alta
cuenca,2017-05-01,4,XGBoost,Baja,Baja
esmeraldas,2017-05-01,4,XGBoost,Media,Alta
guayaquil,2017-05-01,4,XGBoost,Alta,Alta
loja,2017-05-01,4,XGBoost,Media,Media
machala,2017-05-01,4,XGBoost,Media,Alta
portoviejo,2017-05-01,4,XGBoost,Media,Media
puyo,2017-05-01,4,XGBoost,Alta,Alta
quito,2017-05-01,4,XGBoost,Alta,Media
riobamba,2017-05-01,4,XGBoost,Media,Media
salinas,2017-05-01,4,XGBoost,Baja,Baja
tena,2017-05-01,4,XGBoost,Alta,Alta
babahoyo,2017-06-01,4,XGBoost,Alta,Alta
cuenca,2017-06-01,4,XGBoost,Baja,Baja
esmeraldas,2017-06-01,4,XGBoost,Baja,Alta
guayaquil,2017-06-01,4,XGBoost,Alta,Alta
loja,2017-06-01,4,XGBoost,Media,Baja
machala,2017-06-01,4,XGBoost,Baja,Media
portoviejo,2017-06-01,4,XGBoost,Baja,Baja
puyo,2017-06-01,4,XGBoost,Alta,Media
quito,2017-06-01,4,XGBoost,Media,Media
riobamba,2017-06-01,4,XGBoost,Baja,Baja
salinas,2017-06-01,4,XGBoost,Baja,Baja
tena,2017-06-01,4,XGBoost,Alta,Alta
babahoyo,2017-07-01,4,XGBoost,Media,Alta
cuenca,2017-07-01,4,XGBoost,Media,Baja
esmeraldas,2017-07-01,4,XGBoost,Baja,Baja
guayaquil,2017-07-01,4,XGBoost,Baja,Media
loja,2017-07-01,4,XGBoost,Baja,Baja
machala,2017-07-01,4,XGBoost,Baja,Baja
portoviejo,2017-07-01,4,XGBoost,Baja,Baja
puyo,2017-07-01,4,XGBoost,Alta,Media
quito,2017-07-01,4,XGBoost,Media,Media
riobamba,2017-07-01,4,XGBoost,Baja,Baja
salinas,2017-07-01,4,XGBoost,Baja,Baja
tena,2017-07-01,4,XGBoost,Alta,Alta
babahoyo,2017-08-01,4,XGBoost,Media,Media
cuenca,2017-08-01,4,XGBoost,Baja,Baja
esmeraldas,2017-08-01,4,XGBoost,Media,Baja
guayaquil,2017-08-01,4,XGBoost,Baja,Baja
loja,2017-08-01,4,XGBoost,Baja,Baja
machala,2017-08-01,4,XGBoost,Baja,Baja
portoviejo,2017-08-01,4,XGBoost,Baja,Baja
puyo,2017-08-01,4,XGBoost,Media,Media
quito,2017-08-01,4,XGBoost,Alta,Media
riobamba,2017-08-01,4,XGBoost,Baja,Baja
salinas,2017-08-01,4,XGBoost,Baja,Baja
tena,2017-08-01,4,XGBoost,Media,Alta
babahoyo,2017-09-01,4,XGBoost,Alta,Media
cuenca,2017-09-01,4,XGBoost,Baja,Baja
esmeraldas,2017-09-01,4,XGBoost,Baja,Baja
guayaquil,2017-09-01,4,XGBoost,Media,Baja
loja,2017-09-01,4,XGBoost,Baja,Baja
machala,2017-09-01,4,XGBoost,Baja,Baja
portoviejo,2017-09-01,4,XGBoost,Baja,Baja
puyo,2017-09-01,4,XGBoost,Baja,Baja
quito,2017-09-01,4,XGBoost,Media,Media
riobamba,2017-09-01,4,XGBoost,Baja,Baja
salinas,2017-09-01,4,XGBoost,Baja,Baja
tena,2017-09-01,4,XGBoost,Alta,Media
babahoyo,2017-10-01,4,XGBoost,Alta,Media
cuenca,2017-10-01,4,XGBoost,Baja,Media
esmeraldas,2017-10-01,4,XGBoost,Baja,Baja
guayaquil,2017-10-01,4,XGBoost,Baja,Baja
loja,2017-10-01,4,XGBoost,Baja,Media
machala,2017-10-01,4,XGBoost,Baja,Baja
portoviejo,2017-10-01,4,XGBoost,Baja,Baja
puyo,2017-10-01,4,XGBoost,Media,Alta
quito,2017-10-01,4,XGBoost,Alta,Alta
riobamba,2017-10-01,4,XGBoost,Media,Media
salinas,2017-10-01,4,XGBoost,Baja,Baja
tena,2017-10-01,4,XGBoost,Alta,Alta
babahoyo,2017-11-01,4,XGBoost,Media,Media
cuenca,2017-11-01,4,XGBoost,Media,Media
esmeraldas,2017-11-01,4,XGBoost,Baja,Baja
guayaquil,2017-11-01,4,XGBoost,Baja,Baja
loja,2017-11-01,4,XGBoost,Baja,Media
machala,2017-11-01,4,XGBoost,Baja,Baja
portoviejo,2017-11-01,4,XGBoost,Baja,Baja
puyo,2017-11-01,4,XGBoost,Alta,Alta
quito,2017-11-01,4,XGBoost,Alta,Alta
riobamba,2017-11-01,4,XGBoost,Media,Media
salinas,2017-11-01,4,XGBoost,Baja,Baja
tena,2017-11-01,4,XGBoost,Alta,Alta
babahoyo,2017-12-01,4,XGBoost,Media,Media
cuenca,2017-12-01,4,XGBoost,Alta,Media
esmeraldas,2017-12-01,4,XGBoost,Baja,Baja
guayaquil,2017-12-01,4,XGBoost,Media,Baja
loja,2017-12-01,4,XGBoost,Alta,Media
machala,2017-12-01,4,XGBoost,Baja,Baja
portoviejo,2017-12-01,4,XGBoost,Baja,Baja
puyo,2017-12-01,4,XGBoost,Alta,Alta
quito,2017-12-01,4,XGBoost,Alta,Media
riobamba,2017-12-01,4,XGBoost,Media,Media
salinas,2017-12-01,4,XGBoost,Baja,Baja
tena,2017-12-01,4,XGBoost,Alta,Alta
babahoyo,2005-01-01,1,SVM_RBF,Alta,Alta
cuenca,2005-01-01,1,SVM_RBF,Baja,Media
esmeraldas,2005-01-01,1,SVM_RBF,Alta,Alta
guayaquil,2005-01-01,1,SVM_RBF,Media,Alta
loja,2005-01-01,1,SVM_RBF,Baja,Media
machala,2005-01-01,1,SVM_RBF,Media,Media
portoviejo,2005-01-01,1,SVM_RBF,Baja,Baja
puyo,2005-01-01,1,SVM_RBF,Media,Media
quito,2005-01-01,1,SVM_RBF,Media,Alta
riobamba,2005-01-01,1,SVM_RBF,Baja,Media
salinas,2005-01-01,1,SVM_RBF,Baja,Baja
tena,2005-01-01,1,SVM_RBF,Alta,Alta
babahoyo,2005-02-01,1,SVM_RBF,Alta,Alta
cuenca,2005-02-01,1,SVM_RBF,Alta,Media
esmeraldas,2005-02-01,1,SVM_RBF,Alta,Alta
guayaquil,2005-02-01,1,SVM_RBF,Media,Alta
loja,2005-02-01,1,SVM_RBF,Alta,Media
machala,2005-02-01,1,SVM_RBF,Media,Media
portoviejo,2005-02-01,1,SVM_RBF,Alta,Alta
puyo,2005-02-01,1,SVM_RBF,Alta,Media
quito,2005-02-01,1,SVM_RBF,Alta,Alta
riobamba,2005-02-01,1,SVM_RBF,Alta,Media
salinas,2005-02-01,1,SVM_RBF,Baja,Baja
tena,2005-02-01,1,SVM_RBF,Alta,Alta
babahoyo,2005-03-01,1,SVM_RBF,Alta,Alta
cuenca,2005-03-01,1,SVM_RBF,Media,Media
esmeraldas,2005-03-01,1,SVM_RBF,Alta,Alta
guayaquil,2005-03-01,1,SVM_RBF,Alta,Alta
loja,2005-03-01,1,SVM_RBF,Alta,Media
machala,2005-03-01,1,SVM_RBF,Media,Alta
portoviejo,2005-03-01,1,SVM_RBF,Media,Alta
puyo,2005-03-01,1,SVM_RBF,Baja,Media
quito,2005-03-01,1,SVM_RBF,Alta,Alta
riobamba,2005-03-01,1,SVM_RBF,Media,Media
salinas,2005-03-01,1,SVM_RBF,Baja,Media
tena,2005-03-01,1,SVM_RBF,Media,Alta
babahoyo,2005-04-01,1,SVM_RBF,Alta,Alta
cuenca,2005-04-01,1,SVM_RBF,Media,Media
esmeraldas,2005-04-01,1,SVM_RBF,Alta,Alta
guayaquil,2005-04-01,1,SVM_RBF,Alta,Alta
loja,2005-04-01,1,SVM_RBF,Media,Media
machala,2005-04-01,1,SVM_RBF,Media,Media
portoviejo,2005-04-01,1,SVM_RBF,Media,Media
puyo,2005-04-01,1,SVM_RBF,Alta,Media
quito,2005-04-01,1,SVM_RBF,Media,Alta
riobamba,2005-04-01,1,SVM_RBF,Alta,Media
salinas,2005-04-01,1,SVM_RBF,Baja,Baja
tena,2005-04-01,1,SVM_RBF,Alta,Alta
babahoyo,2005-05-01,1,SVM_RBF,Media,Alta
cuenca,2005-05-01,1,SVM_RBF,Media,Baja
esmeraldas,2005-05-01,1,SVM_RBF,Alta,Alta
guayaquil,2005-05-01,1,SVM_RBF,Baja,Alta
loja,2005-05-01,1,SVM_RBF,Media,Baja
machala,2005-05-01,1,SVM_RBF,Media,Media
portoviejo,2005-05-01,1,SVM_RBF,Baja,Media
puyo,2005-05-01,1,SVM_RBF,Media,Alta
quito,2005-05-01,1,SVM_RBF,Media,Media
riobamba,2005-05-01,1,SVM_RBF,Media,Media
salinas,2005-05-01,1,SVM_RBF,Baja,Baja
tena,2005-05-01,1,SVM_RBF,Alta,Alta
babahoyo,2005-06-01,1,SVM_RBF,Alta,Media
cuenca,2005-06-01,1,SVM_RBF,Baja,Baja
esmeraldas,2005-06-01,1,SVM_RBF,Media,Alta
guayaquil,2005-06-01,1,SVM_RBF,Media,Media
loja,2005-06-01,1,SVM_RBF,Baja,Baja
machala,2005-06-01,1,SVM_RBF,Baja,Baja
portoviejo,2005-06-01,1,SVM_RBF,Baja,Baja
puyo,2005-06-01,1,SVM_RBF,Media,Media
quito,2005-06-01,1,SVM_RBF,Media,Media
riobamba,2005-06-01,1,SVM_RBF,Baja,Baja
salinas,2005-06-01,1,SVM_RBF,Baja,Baja
tena,2005-06-01,1,SVM_RBF,Alta,Alta
babahoyo,2005-07-01,1,SVM_RBF,Baja,Media
cuenca,2005-07-01,1,SVM_RBF,Baja,Baja
esmeraldas,2005-07-01,1,SVM_RBF,Baja,Baja
guayaquil,2005-07-01,1,SVM_RBF,Media,Media
loja,2005-07-01,1,SVM_RBF,Baja,Baja
machala,2005-07-01,1,SVM_RBF,Baja,Baja
portoviejo,2005-07-01,1,SVM_RBF,Baja,Baja
puyo,2005-07-01,1,SVM_RBF,Media,Media
quito,2005-07-01,1,SVM_RBF,Baja,Media
riobamba,2005-07-01,1,SVM_RBF,Baja,Baja
salinas,2005-07-01,1,SVM_RBF,Baja,Baja
tena,2005-07-01,1,SVM_RBF,Alta,Alta
babahoyo,2005-08-01,1,SVM_RBF,Baja,Baja
cuenca,2005-08-01,1,SVM_RBF,Baja,Baja
esmeraldas,2005-08-01,1,SVM_RBF,Baja,Baja
guayaquil,2005-08-01,1,SVM_RBF,Baja,Baja
loja,2005-08-01,1,SVM_RBF,Baja,Baja
machala,2005-08-01,1,SVM_RBF,Baja,Baja
portoviejo,2005-08-01,1,SVM_RBF,Baja,Baja
puyo,2005-08-01,1,SVM_RBF,Media,Media
quito,2005-08-01,1,SVM_RBF,Media,Baja
riobamba,2005-08-01,1,SVM_RBF,Baja,Baja
salinas,2005-08-01,1,SVM_RBF,Baja,Baja
tena,2005-08-01,1,SVM_RBF,Alta,Media
babahoyo,2005-09-01,1,SVM_RBF,Baja,Media
cuenca,2005-09-01,1,SVM_RBF,Baja,Baja
esmeraldas,2005-09-01,1,SVM_RBF,Media,Baja
guayaquil,2005-09-01,1,SVM_RBF,Baja,Baja
loja,2005-09-01,1,SVM_RBF,Baja,Baja
machala,2005-09-01,1,SVM_RBF,Baja,Baja
portoviejo,2005-09-01,1,SVM_RBF,Baja,Baja
puyo,2005-09-01,1,SVM_RBF,Baja,Media
quito,2005-09-01,1,SVM_RBF,Alta,Media
riobamba,2005-09-01,1,SVM_RBF,Baja,Baja
salinas,2005-09-01,1,SVM_RBF,Baja,Baja
tena,2005-09-01,1,SVM_RBF,Media,Media
babahoyo,2005-10-01,1,SVM_RBF,Media,Media
cuenca,2005-10-01,1,SVM_RBF,Media,Baja
esmeraldas,2005-10-01,1,SVM_RBF,Baja,Baja
guayaquil,2005-10-01,1,SVM_RBF,Baja,Baja
loja,2005-10-01,1,SVM_RBF,Baja,Media
machala,2005-10-01,1,SVM_RBF,Baja,Baja
portoviejo,2005-10-01,1,SVM_RBF,Baja,Baja
puyo,2005-10-01,1,SVM_RBF,Media,Media
quito,2005-10-01,1,SVM_RBF,Alta,Alta
riobamba,2005-10-01,1,SVM_RBF,Media,Media
salinas,2005-10-01,1,SVM_RBF,Baja,Baja
tena,2005-10-01,1,SVM_RBF,Media,Media
babahoyo,2005-11-01,1,SVM_RBF,Media,Media
cuenca,2005-11-01,1,SVM_RBF,Media,Media
esmeraldas,2005-11-01,1,SVM_RBF,Baja,Baja
guayaquil,2005-11-01,1,SVM_RBF,Media,Baja
loja,2005-11-01,1,SVM_RBF,Media,Media
machala,2005-11-01,1,SVM_RBF,Media,Baja
portoviejo,2005-11-01,1,SVM_RBF,Baja,Baja
puyo,2005-11-01,1,SVM_RBF,Media,Media
quito,2005-11-01,1,SVM_RBF,Media,Alta
riobamba,2005-11-01,1,SVM_RBF,Media,Media
salinas,2005-11-01,1,SVM_RBF,Baja,Baja
tena,2005-11-01,1,SVM_RBF,Alta,Alta
babahoyo,2005-12-01,1,SVM_RBF,Alta,Media
cuenca,2005-12-01,1,SVM_RBF,Alta,Media
esmeraldas,2005-12-01,1,SVM_RBF,Alta,Baja
guayaquil,2005-12-01,1,SVM_RBF,Alta,Baja
loja,2005-12-01,1,SVM_RBF,Alta,Media
machala,2005-12-01,1,SVM_RBF,Media,Media
portoviejo,2005-12-01,1,SVM_RBF,Media,Baja
puyo,2005-12-01,1,SVM_RBF,Alta,Alta
quito,2005-12-01,1,SVM_RBF,Alta,Alta
riobamba,2005-12-01,1,SVM_RBF,Media,Media
salinas,2005-12-01,1,SVM_RBF,Baja,Baja
tena,2005-12-01,1,SVM_RBF,Alta,Alta
babahoyo,2006-01-01,1,SVM_RBF,Alta,Alta
cuenca,2006-01-01,1,SVM_RBF,Media,Media
esmeraldas,2006-01-01,1,SVM_RBF,Alta,Alta
guayaquil,2006-01-01,1,SVM_RBF,Media,Alta
loja,2006-01-01,1,SVM_RBF,Media,Media
machala,2006-01-01,1,SVM_RBF,Media,Media
portoviejo,2006-01-01,1,SVM_RBF,Media,Baja
puyo,2006-01-01,1,SVM_RBF,Alta,Alta
quito,2006-01-01,1,SVM_RBF,Alta,Alta
riobamba,2006-01-01,1,SVM_RBF,Media,Media
salinas,2006-01-01,1,SVM_RBF,Baja,Baja
tena,2006-01-01,1,SVM_RBF,Alta,Alta
babahoyo,2006-02-01,1,SVM_RBF,Alta,Alta
cuenca,2006-02-01,1,SVM_RBF,Media,Media
esmeraldas,2006-02-01,1,SVM_RBF,Alta,Alta
guayaquil,2006-02-01,1,SVM_RBF,Alta,Alta
loja,2006-02-01,1,SVM_RBF,Media,Media
machala,2006-02-01,1,SVM_RBF,Alta,Media
portoviejo,2006-02-01,1,SVM_RBF,Alta,Alta
puyo,2006-02-01,1,SVM_RBF,Media,Alta
quito,2006-02-01,1,SVM_RBF,Alta,Alta
riobamba,2006-02-01,1,SVM_RBF,Media,Media
salinas,2006-02-01,1,SVM_RBF,Alta,Baja
tena,2006-02-01,1,SVM_RBF,Alta,Alta
babahoyo,2006-03-01,1,SVM_RBF,Alta,Alta
cuenca,2006-03-01,1,SVM_RBF,Media,Media
esmeraldas,2006-03-01,1,SVM_RBF,Media,Alta
guayaquil,2006-03-01,1,SVM_RBF,Alta,Alta
loja,2006-03-01,1,SVM_RBF,Media,Media
machala,2006-03-01,1,SVM_RBF,Alta,Alta
portoviejo,2006-03-01,1,SVM_RBF,Alta,Alta
puyo,2006-03-01,1,SVM_RBF,Media,Media
quito,2006-03-01,1,SVM_RBF,Alta,Alta
riobamba,2006-03-01,1,SVM_RBF,Media,Media
salinas,2006-03-01,1,SVM_RBF,Media,Media
tena,2006-03-01,1,SVM_RBF,Alta,Alta
babahoyo,2006-04-01,1,SVM_RBF,Alta,Alta
cuenca,2006-04-01,1,SVM_RBF,Media,Media
esmeraldas,2006-04-01,1,SVM_RBF,Media,Alta
guayaquil,2006-04-01,1,SVM_RBF,Media,Alta
loja,2006-04-01,1,SVM_RBF,Media,Media
machala,2006-04-01,1,SVM_RBF,Media,Alta
portoviejo,2006-04-01,1,SVM_RBF,Baja,Alta
puyo,2006-04-01,1,SVM_RBF,Media,Media
quito,2006-04-01,1,SVM_RBF,Alta,Alta
riobamba,2006-04-01,1,SVM_RBF,Media,Media
salinas,2006-04-01,1,SVM_RBF,Baja,Baja
tena,2006-04-01,1,SVM_RBF,Alta,Alta
babahoyo,2006-05-01,1,SVM_RBF,Alta,Alta
cuenca,2006-05-01,1,SVM_RBF,Baja,Baja
esmeraldas,2006-05-01,1,SVM_RBF,Media,Baja
guayaquil,2006-05-01,1,SVM_RBF,Media,Media
loja,2006-05-01,1,SVM_RBF,Baja,Baja
machala,2006-05-01,1,SVM_RBF,Baja,Baja
portoviejo,2006-05-01,1,SVM_RBF,Baja,Baja
puyo,2006-05-01,1,SVM_RBF,Alta,Alta
quito,2006-05-01,1,SVM_RBF,Alta,Alta
riobamba,2006-05-01,1,SVM_RBF,Media,Media
salinas,2006-05-01,1,SVM_RBF,Baja,Baja
tena,2006-05-01,1,SVM_RBF,Alta,Alta
babahoyo,2006-06-01,1,SVM_RBF,Alta,Media
cuenca,2006-06-01,1,SVM_RBF,Baja,Baja
esmeraldas,2006-06-01,1,SVM_RBF,Media,Baja
guayaquil,2006-06-01,1,SVM_RBF,Media,Baja
loja,2006-06-01,1,SVM_RBF,Baja,Baja
machala,2006-06-01,1,SVM_RBF,Baja,Baja
portoviejo,2006-06-01,1,SVM_RBF,Baja,Baja
puyo,2006-06-01,1,SVM_RBF,Media,Media
quito,2006-06-01,1,SVM_RBF,Alta,Media
riobamba,2006-06-01,1,SVM_RBF,Media,Baja
salinas,2006-06-01,1,SVM_RBF,Baja,Baja
tena,2006-06-01,1,SVM_RBF,Media,Alta
babahoyo,2006-07-01,1,SVM_RBF,Media,Media
cuenca,2006-07-01,1,SVM_RBF,Baja,Baja
esmeraldas,2006-07-01,1,SVM_RBF,Media,Baja
guayaquil,2006-07-01,1,SVM_RBF,Media,Baja
loja,2006-07-01,1,SVM_RBF,Baja,Baja
machala,2006-07-01,1,SVM_RBF,Baja,Baja
portoviejo,2006-07-01,1,SVM_RBF,Baja,Baja
puyo,2006-07-01,1,SVM_RBF,Media,Media
quito,2006-07-01,1,SVM_RBF,Media,Media
riobamba,2006-07-01,1,SVM_RBF,Baja,Baja
salinas,2006-07-01,1,SVM_RBF,Baja,Baja
tena,2006-07-01,1,SVM_RBF,Media,Media
babahoyo,2006-08-01,1,SVM_RBF,Alta,Media
cuenca,2006-08-01,1,SVM_RBF,Baja,Baja
esmeraldas,2006-08-01,1,SVM_RBF,Baja,Baja
guayaquil,2006-08-01,1,SVM_RBF,Media,Media
loja,2006-08-01,1,SVM_RBF,Baja,Baja
machala,2006-08-01,1,SVM_RBF,Baja,Baja
portoviejo,2006-08-01,1,SVM_RBF,Baja,Baja
puyo,2006-08-01,1,SVM_RBF,Baja,Baja
quito,2006-08-01,1,SVM_RBF,Media,Baja
riobamba,2006-08-01,1,SVM_RBF,Baja,Baja
salinas,2006-08-01,1,SVM_RBF,Baja,Baja
tena,2006-08-01,1,SVM_RBF,Media,Media
babahoyo,2006-09-01,1,SVM_RBF,Alta,Media
cuenca,2006-09-01,1,SVM_RBF,Baja,Baja
esmeraldas,2006-09-01,1,SVM_RBF,Media,Baja
guayaquil,2006-09-01,1,SVM_RBF,Alta,Media
loja,2006-09-01,1,SVM_RBF,Baja,Baja
machala,2006-09-01,1,SVM_RBF,Media,Baja
portoviejo,2006-09-01,1,SVM_RBF,Baja,Baja
puyo,2006-09-01,1,SVM_RBF,Media,Baja
quito,2006-09-01,1,SVM_RBF,Media,Media
riobamba,2006-09-01,1,SVM_RBF,Baja,Baja
salinas,2006-09-01,1,SVM_RBF,Baja,Baja
tena,2006-09-01,1,SVM_RBF,Alta,Media
babahoyo,2006-10-01,1,SVM_RBF,Media,Alta
cuenca,2006-10-01,1,SVM_RBF,Media,Media
esmeraldas,2006-10-01,1,SVM_RBF,Baja,Baja
guayaquil,2006-10-01,1,SVM_RBF,Media,Media
loja,2006-10-01,1,SVM_RBF,Media,Media
machala,2006-10-01,1,SVM_RBF,Baja,Baja
portoviejo,2006-10-01,1,SVM_RBF,Baja,Baja
puyo,2006-10-01,1,SVM_RBF,Media,Alta
quito,2006-10-01,1,SVM_RBF,Alta,Alta
riobamba,2006-10-01,1,SVM_RBF,Media,Media
salinas,2006-10-01,1,SVM_RBF,Baja,Baja
tena,2006-10-01,1,SVM_RBF,Media,Alta
babahoyo,2006-11-01,1,SVM_RBF,Alta,Media
cuenca,2006-11-01,1,SVM_RBF,Media,Media
esmeraldas,2006-11-01,1,SVM_RBF,Alta,Baja
guayaquil,2006-11-01,1,SVM_RBF,Baja,Media
loja,2006-11-01,1,SVM_RBF,Media,Media
machala,2006-11-01,1,SVM_RBF,Media,Baja
portoviejo,2006-11-01,1,SVM_RBF,Baja,Baja
puyo,2006-11-01,1,SVM_RBF,Alta,Media
quito,2006-11-01,1,SVM_RBF,Alta,Alta
riobamba,2006-11-01,1,SVM_RBF,Media,Media
salinas,2006-11-01,1,SVM_RBF,Baja,Baja
tena,2006-11-01,1,SVM_RBF,Alta,Alta
babahoyo,2006-12-01,1,SVM_RBF,Alta,Alta
cuenca,2006-12-01,1,SVM_RBF,Alta,Media
esmeraldas,2006-12-01,1,SVM_RBF,Alta,Alta
guayaquil,2006-12-01,1,SVM_RBF,Alta,Media
loja,2006-12-01,1,SVM_RBF,Alta,Media
machala,2006-12-01,1,SVM_RBF,Media,Media
portoviejo,2006-12-01,1,SVM_RBF,Media,Baja
puyo,2006-12-01,1,SVM_RBF,Alta,Alta
quito,2006-12-01,1,SVM_RBF,Alta,Alta
riobamba,2006-12-01,1,SVM_RBF,Media,Media
salinas,2006-12-01,1,SVM_RBF,Baja,Baja
tena,2006-12-01,1,SVM_RBF,Alta,Alta
babahoyo,2007-01-01,1,SVM_RBF,Alta,Alta
cuenca,2007-01-01,1,SVM_RBF,Media,Media
esmeraldas,2007-01-01,1,SVM_RBF,Alta,Alta
guayaquil,2007-01-01,1,SVM_RBF,Media,Alta
loja,2007-01-01,1,SVM_RBF,Alta,Media
machala,2007-01-01,1,SVM_RBF,Media,Media
portoviejo,2007-01-01,1,SVM_RBF,Media,Alta
puyo,2007-01-01,1,SVM_RBF,Baja,Alta
quito,2007-01-01,1,SVM_RBF,Alta,Alta
riobamba,2007-01-01,1,SVM_RBF,Baja,Media
salinas,2007-01-01,1,SVM_RBF,Baja,Baja
tena,2007-01-01,1,SVM_RBF,Media,Alta
babahoyo,2007-02-01,1,SVM_RBF,Media,Alta
cuenca,2007-02-01,1,SVM_RBF,Media,Media
esmeraldas,2007-02-01,1,SVM_RBF,Media,Alta
guayaquil,2007-02-01,1,SVM_RBF,Media,Alta
loja,2007-02-01,1,SVM_RBF,Media,Media
machala,2007-02-01,1,SVM_RBF,Media,Alta
portoviejo,2007-02-01,1,SVM_RBF,Alta,Alta
puyo,2007-02-01,1,SVM_RBF,Media,Media
quito,2007-02-01,1,SVM_RBF,Media,Alta
riobamba,2007-02-01,1,SVM_RBF,Baja,Media
salinas,2007-02-01,1,SVM_RBF,Baja,Media
tena,2007-02-01,1,SVM_RBF,Media,Alta
babahoyo,2007-03-01,1,SVM_RBF,Alta,Alta
cuenca,2007-03-01,1,SVM_RBF,Media,Media
esmeraldas,2007-03-01,1,SVM_RBF,Alta,Alta
guayaquil,2007-03-01,1,SVM_RBF,Alta,Alta
loja,2007-03-01,1,SVM_RBF,Media,Media
machala,2007-03-01,1,SVM_RBF,Alta,Media
portoviejo,2007-03-01,1,SVM_RBF,Alta,Alta
puyo,2007-03-01,1,SVM_RBF,Media,Media
quito,2007-03-01,1,SVM_RBF,Alta,Alta
riobamba,2007-03-01,1,SVM_RBF,Media,Media
salinas,2007-03-01,1,SVM_RBF,Media,Baja
tena,2007-03-01,1,SVM_RBF,Alta,Media
babahoyo,2007-04-01,1,SVM_RBF,Alta,Alta
cuenca,2007-04-01,1,SVM_RBF,Media,Media
esmeraldas,2007-04-01,1,SVM_RBF,Alta,Alta
guayaquil,2007-04-01,1,SVM_RBF,Alta,Alta
loja,2007-04-01,1,SVM_RBF,Media,Media
machala,2007-04-01,1,SVM_RBF,Media,Media
portoviejo,2007-04-01,1,SVM_RBF,Media,Alta
puyo,2007-04-01,1,SVM_RBF,Media,Alta
quito,2007-04-01,1,SVM_RBF,Alta,Alta
riobamba,2007-04-01,1,SVM_RBF,Media,Media
salinas,2007-04-01,1,SVM_RBF,Media,Baja
tena,2007-04-01,1,SVM_RBF,Media,Alta
babahoyo,2007-05-01,1,SVM_RBF,Alta,Alta
cuenca,2007-05-01,1,SVM_RBF,Baja,Baja
esmeraldas,2007-05-01,1,SVM_RBF,Alta,Alta
guayaquil,2007-05-01,1,SVM_RBF,Media,Alta
loja,2007-05-01,1,SVM_RBF,Baja,Baja
machala,2007-05-01,1,SVM_RBF,Baja,Media
portoviejo,2007-05-01,1,SVM_RBF,Baja,Media
puyo,2007-05-01,1,SVM_RBF,Alta,Media
quito,2007-05-01,1,SVM_RBF,Media,Alta
riobamba,2007-05-01,1,SVM_RBF,Media,Media
salinas,2007-05-01,1,SVM_RBF,Baja,Baja
tena,2007-05-01,1,SVM_RBF,Alta,Alta
babahoyo,2007-06-01,1,SVM_RBF,Alta,Media
cuenca,2007-06-01,1,SVM_RBF,Baja,Baja
esmeraldas,2007-06-01,1,SVM_RBF,Media,Media
guayaquil,2007-06-01,1,SVM_RBF,Alta,Media
loja,2007-06-01,1,SVM_RBF,Baja,Baja
machala,2007-06-01,1,SVM_RBF,Baja,Baja
portoviejo,2007-06-01,1,SVM_RBF,Media,Baja
puyo,2007-06-01,1,SVM_RBF,Media,Media
quito,2007-06-01,1,SVM_RBF,Media,Media
riobamba,2007-06-01,1,SVM_RBF,Media,Baja
salinas,2007-06-01,1,SVM_RBF,Baja,Baja
tena,2007-06-01,1,SVM_RBF,Media,Media
babahoyo,2007-07-01,1,SVM_RBF,Media,Media
cuenca,2007-07-01,1,SVM_RBF,Baja,Baja
esmeraldas,2007-07-01,1,SVM_RBF,Baja,Baja
guayaquil,2007-07-01,1,SVM_RBF,Media,Media
loja,2007-07-01,1,SVM_RBF,Baja,Baja
machala,2007-07-01,1,SVM_RBF,Baja,Baja
portoviejo,2007-07-01,1,SVM_RBF,Baja,Baja
puyo,2007-07-01,1,SVM_RBF,Media,Media
quito,2007-07-01,1,SVM_RBF,Media,Media
riobamba,2007-07-01,1,SVM_RBF,Baja,Baja
salinas,2007-07-01,1,SVM_RBF,Baja,Baja
tena,2007-07-01,1,SVM_RBF,Media,Media
babahoyo,2007-08-01,1,SVM_RBF,Media,Media
cuenca,2007-08-01,1,SVM_RBF,Baja,Baja
esmeraldas,2007-08-01,1,SVM_RBF,Baja,Baja
guayaquil,2007-08-01,1,SVM_RBF,Media,Media
loja,2007-08-01,1,SVM_RBF,Baja,Baja
machala,2007-08-01,1,SVM_RBF,Baja,Baja
portoviejo,2007-08-01,1,SVM_RBF,Baja,Baja
puyo,2007-08-01,1,SVM_RBF,Baja,Media
quito,2007-08-01,1,SVM_RBF,Media,Baja
riobamba,2007-08-01,1,SVM_RBF,Baja,Baja
salinas,2007-08-01,1,SVM_RBF,Baja,Baja
tena,2007-08-01,1,SVM_RBF,Media,Media
babahoyo,2007-09-01,1,SVM_RBF,Media,Media
cuenca,2007-09-01,1,SVM_RBF,Baja,Baja
esmeraldas,2007-09-01,1,SVM_RBF,Baja,Baja
guayaquil,2007-09-01,1,SVM_RBF,Baja,Media
loja,2007-09-01,1,SVM_RBF,Baja,Baja
machala,2007-09-01,1,SVM_RBF,Baja,Baja
portoviejo,2007-09-01,1,SVM_RBF,Baja,Baja
puyo,2007-09-01,1,SVM_RBF,Baja,Baja
quito,2007-09-01,1,SVM_RBF,Media,Media
riobamba,2007-09-01,1,SVM_RBF,Baja,Baja
salinas,2007-09-01,1,SVM_RBF,Baja,Baja
tena,2007-09-01,1,SVM_RBF,Media,Media
babahoyo,2007-10-01,1,SVM_RBF,Baja,Media
cuenca,2007-10-01,1,SVM_RBF,Media,Baja
esmeraldas,2007-10-01,1,SVM_RBF,Baja,Baja
guayaquil,2007-10-01,1,SVM_RBF,Baja,Media
loja,2007-10-01,1,SVM_RBF,Media,Baja
machala,2007-10-01,1,SVM_RBF,Baja,Baja
portoviejo,2007-10-01,1,SVM_RBF,Baja,Baja
puyo,2007-10-01,1,SVM_RBF,Alta,Media
quito,2007-10-01,1,SVM_RBF,Alta,Alta
riobamba,2007-10-01,1,SVM_RBF,Media,Media
salinas,2007-10-01,1,SVM_RBF,Baja,Baja
tena,2007-10-01,1,SVM_RBF,Media,Media
babahoyo,2007-11-01,1,SVM_RBF,Media,Media
cuenca,2007-11-01,1,SVM_RBF,Media,Media
esmeraldas,2007-11-01,1,SVM_RBF,Baja,Baja
guayaquil,2007-11-01,1,SVM_RBF,Baja,Baja
loja,2007-11-01,1,SVM_RBF,Media,Media
machala,2007-11-01,1,SVM_RBF,Baja,Baja
portoviejo,2007-11-01,1,SVM_RBF,Baja,Baja
puyo,2007-11-01,1,SVM_RBF,Alta,Alta
quito,2007-11-01,1,SVM_RBF,Alta,Alta
riobamba,2007-11-01,1,SVM_RBF,Media,Media
salinas,2007-11-01,1,SVM_RBF,Baja,Baja
tena,2007-11-01,1,SVM_RBF,Alta,Alta
babahoyo,2007-12-01,1,SVM_RBF,Media,Alta
cuenca,2007-12-01,1,SVM_RBF,Media,Media
esmeraldas,2007-12-01,1,SVM_RBF,Media,Baja
guayaquil,2007-12-01,1,SVM_RBF,Baja,Baja
loja,2007-12-01,1,SVM_RBF,Media,Media
machala,2007-12-01,1,SVM_RBF,Baja,Media
portoviejo,2007-12-01,1,SVM_RBF,Baja,Baja
puyo,2007-12-01,1,SVM_RBF,Alta,Alta
quito,2007-12-01,1,SVM_RBF,Alta,Alta
riobamba,2007-12-01,1,SVM_RBF,Baja,Media
salinas,2007-12-01,1,SVM_RBF,Baja,Baja
tena,2007-12-01,1,SVM_RBF,Alta,Alta
babahoyo,2008-01-01,2,SVM_RBF,Alta,Alta
cuenca,2008-01-01,2,SVM_RBF,Media,Media
esmeraldas,2008-01-01,2,SVM_RBF,Alta,Media
guayaquil,2008-01-01,2,SVM_RBF,Alta,Media
loja,2008-01-01,2,SVM_RBF,Media,Media
machala,2008-01-01,2,SVM_RBF,Alta,Media
portoviejo,2008-01-01,2,SVM_RBF,Media,Baja
puyo,2008-01-01,2,SVM_RBF,Alta,Alta
quito,2008-01-01,2,SVM_RBF,Media,Alta
riobamba,2008-01-01,2,SVM_RBF,Media,Media
salinas,2008-01-01,2,SVM_RBF,Media,Baja
tena,2008-01-01,2,SVM_RBF,Alta,Alta
babahoyo,2008-02-01,2,SVM_RBF,Alta,Alta
cuenca,2008-02-01,2,SVM_RBF,Alta,Media
esmeraldas,2008-02-01,2,SVM_RBF,Alta,Alta
guayaquil,2008-02-01,2,SVM_RBF,Alta,Alta
loja,2008-02-01,2,SVM_RBF,Alta,Media
machala,2008-02-01,2,SVM_RBF,Alta,Alta
portoviejo,2008-02-01,2,SVM_RBF,Alta,Alta
puyo,2008-02-01,2,SVM_RBF,Alta,Alta
quito,2008-02-01,2,SVM_RBF,Alta,Alta
riobamba,2008-02-01,2,SVM_RBF,Alta,Media
salinas,2008-02-01,2,SVM_RBF,Alta,Media
tena,2008-02-01,2,SVM_RBF,Alta,Alta
babahoyo,2008-03-01,2,SVM_RBF,Alta,Alta
cuenca,2008-03-01,2,SVM_RBF,Alta,Media
esmeraldas,2008-03-01,2,SVM_RBF,Alta,Alta
guayaquil,2008-03-01,2,SVM_RBF,Alta,Alta
loja,2008-03-01,2,SVM_RBF,Alta,Media
machala,2008-03-01,2,SVM_RBF,Alta,Alta
portoviejo,2008-03-01,2,SVM_RBF,Alta,Alta
puyo,2008-03-01,2,SVM_RBF,Alta,Alta
quito,2008-03-01,2,SVM_RBF,Alta,Alta
riobamba,2008-03-01,2,SVM_RBF,Media,Media
salinas,2008-03-01,2,SVM_RBF,Media,Media
tena,2008-03-01,2,SVM_RBF,Alta,Alta
babahoyo,2008-04-01,2,SVM_RBF,Alta,Alta
cuenca,2008-04-01,2,SVM_RBF,Media,Media
esmeraldas,2008-04-01,2,SVM_RBF,Alta,Alta
guayaquil,2008-04-01,2,SVM_RBF,Media,Alta
loja,2008-04-01,2,SVM_RBF,Alta,Media
machala,2008-04-01,2,SVM_RBF,Alta,Alta
portoviejo,2008-04-01,2,SVM_RBF,Alta,Alta
puyo,2008-04-01,2,SVM_RBF,Alta,Alta
quito,2008-04-01,2,SVM_RBF,Alta,Alta
riobamba,2008-04-01,2,SVM_RBF,Media,Media
salinas,2008-04-01,2,SVM_RBF,Baja,Media
tena,2008-04-01,2,SVM_RBF,Alta,Alta
babahoyo,2008-05-01,2,SVM_RBF,Alta,Alta
cuenca,2008-05-01,2,SVM_RBF,Media,Media
esmeraldas,2008-05-01,2,SVM_RBF,Media,Alta
guayaquil,2008-05-01,2,SVM_RBF,Alta,Media
loja,2008-05-01,2,SVM_RBF,Media,Media
machala,2008-05-01,2,SVM_RBF,Alta,Media
portoviejo,2008-05-01,2,SVM_RBF,Baja,Media
puyo,2008-05-01,2,SVM_RBF,Media,Alta
quito,2008-05-01,2,SVM_RBF,Alta,Alta
riobamba,2008-05-01,2,SVM_RBF,Media,Media
salinas,2008-05-01,2,SVM_RBF,Baja,Baja
tena,2008-05-01,2,SVM_RBF,Alta,Alta
babahoyo,2008-06-01,2,SVM_RBF,Media,Alta
cuenca,2008-06-01,2,SVM_RBF,Baja,Baja
esmeraldas,2008-06-01,2,SVM_RBF,Baja,Baja
guayaquil,2008-06-01,2,SVM_RBF,Alta,Media
loja,2008-06-01,2,SVM_RBF,Baja,Baja
machala,2008-06-01,2,SVM_RBF,Baja,Baja
portoviejo,2008-06-01,2,SVM_RBF,Baja,Baja
puyo,2008-06-01,2,SVM_RBF,Media,Media
quito,2008-06-01,2,SVM_RBF,Media,Media
riobamba,2008-06-01,2,SVM_RBF,Baja,Media
salinas,2008-06-01,2,SVM_RBF,Baja,Baja
tena,2008-06-01,2,SVM_RBF,Alta,Alta
babahoyo,2008-07-01,2,SVM_RBF,Alta,Media
cuenca,2008-07-01,2,SVM_RBF,Baja,Baja
esmeraldas,2008-07-01,2,SVM_RBF,Media,Baja
guayaquil,2008-07-01,2,SVM_RBF,Media,Media
loja,2008-07-01,2,SVM_RBF,Baja,Baja
machala,2008-07-01,2,SVM_RBF,Baja,Baja
portoviejo,2008-07-01,2,SVM_RBF,Baja,Baja
puyo,2008-07-01,2,SVM_RBF,Media,Media
quito,2008-07-01,2,SVM_RBF,Media,Media
riobamba,2008-07-01,2,SVM_RBF,Baja,Baja
salinas,2008-07-01,2,SVM_RBF,Baja,Baja
tena,2008-07-01,2,SVM_RBF,Media,Media
babahoyo,2008-08-01,2,SVM_RBF,Alta,Media
cuenca,2008-08-01,2,SVM_RBF,Baja,Baja
esmeraldas,2008-08-01,2,SVM_RBF,Media,Baja
guayaquil,2008-08-01,2,SVM_RBF,Media,Media
loja,2008-08-01,2,SVM_RBF,Baja,Baja
machala,2008-08-01,2,SVM_RBF,Baja,Baja
portoviejo,2008-08-01,2,SVM_RBF,Baja,Baja
puyo,2008-08-01,2,SVM_RBF,Media,Media
quito,2008-08-01,2,SVM_RBF,Media,Media
riobamba,2008-08-01,2,SVM_RBF,Baja,Baja
salinas,2008-08-01,2,SVM_RBF,Baja,Baja
tena,2008-08-01,2,SVM_RBF,Media,Media
babahoyo,2008-09-01,2,SVM_RBF,Media,Media
cuenca,2008-09-01,2,SVM_RBF,Baja,Baja
esmeraldas,2008-09-01,2,SVM_RBF,Baja,Baja
guayaquil,2008-09-01,2,SVM_RBF,Media,Media
loja,2008-09-01,2,SVM_RBF,Baja,Baja
machala,2008-09-01,2,SVM_RBF,Baja,Baja
portoviejo,2008-09-01,2,SVM_RBF,Baja,Baja
puyo,2008-09-01,2,SVM_RBF,Baja,Media
quito,2008-09-01,2,SVM_RBF,Media,Media
riobamba,2008-09-01,2,SVM_RBF,Baja,Baja
salinas,2008-09-01,2,SVM_RBF,Baja,Baja
tena,2008-09-01,2,SVM_RBF,Media,Media
babahoyo,2008-10-01,2,SVM_RBF,Media,Alta
cuenca,2008-10-01,2,SVM_RBF,Media,Media
esmeraldas,2008-10-01,2,SVM_RBF,Baja,Baja
guayaquil,2008-10-01,2,SVM_RBF,Baja,Media
loja,2008-10-01,2,SVM_RBF,Alta,Media
machala,2008-10-01,2,SVM_RBF,Media,Baja
portoviejo,2008-10-01,2,SVM_RBF,Baja,Baja
puyo,2008-10-01,2,SVM_RBF,Media,Media
quito,2008-10-01,2,SVM_RBF,Media,Alta
riobamba,2008-10-01,2,SVM_RBF,Media,Media
salinas,2008-10-01,2,SVM_RBF,Baja,Baja
tena,2008-10-01,2,SVM_RBF,Alta,Media
babahoyo,2008-11-01,2,SVM_RBF,Baja,Alta
cuenca,2008-11-01,2,SVM_RBF,Media,Media
esmeraldas,2008-11-01,2,SVM_RBF,Media,Baja
guayaquil,2008-11-01,2,SVM_RBF,Baja,Media
loja,2008-11-01,2,SVM_RBF,Media,Media
machala,2008-11-01,2,SVM_RBF,Baja,Baja
portoviejo,2008-11-01,2,SVM_RBF,Baja,Baja
puyo,2008-11-01,2,SVM_RBF,Alta,Alta
quito,2008-11-01,2,SVM_RBF,Alta,Alta
riobamba,2008-11-01,2,SVM_RBF,Media,Media
salinas,2008-11-01,2,SVM_RBF,Baja,Baja
tena,2008-11-01,2,SVM_RBF,Alta,Alta
babahoyo,2008-12-01,2,SVM_RBF,Baja,Media
cuenca,2008-12-01,2,SVM_RBF,Media,Media
esmeraldas,2008-12-01,2,SVM_RBF,Baja,Media
guayaquil,2008-12-01,2,SVM_RBF,Baja,Baja
loja,2008-12-01,2,SVM_RBF,Media,Media
machala,2008-12-01,2,SVM_RBF,Baja,Baja
portoviejo,2008-12-01,2,SVM_RBF,Baja,Baja
puyo,2008-12-01,2,SVM_RBF,Alta,Alta
quito,2008-12-01,2,SVM_RBF,Alta,Alta
riobamba,2008-12-01,2,SVM_RBF,Alta,Media
salinas,2008-12-01,2,SVM_RBF,Baja,Baja
tena,2008-12-01,2,SVM_RBF,Alta,Alta
babahoyo,2009-01-01,2,SVM_RBF,Alta,Alta
cuenca,2009-01-01,2,SVM_RBF,Media,Media
esmeraldas,2009-01-01,2,SVM_RBF,Alta,Alta
guayaquil,2009-01-01,2,SVM_RBF,Alta,Baja
loja,2009-01-01,2,SVM_RBF,Alta,Media
machala,2009-01-01,2,SVM_RBF,Alta,Media
portoviejo,2009-01-01,2,SVM_RBF,Alta,Baja
puyo,2009-01-01,2,SVM_RBF,Media,Alta
quito,2009-01-01,2,SVM_RBF,Alta,Alta
riobamba,2009-01-01,2,SVM_RBF,Media,Media
salinas,2009-01-01,2,SVM_RBF,Media,Baja
tena,2009-01-01,2,SVM_RBF,Media,Alta
babahoyo,2009-02-01,2,SVM_RBF,Alta,Alta
cuenca,2009-02-01,2,SVM_RBF,Alta,Media
esmeraldas,2009-02-01,2,SVM_RBF,Alta,Alta
guayaquil,2009-02-01,2,SVM_RBF,Alta,Alta
loja,2009-02-01,2,SVM_RBF,Media,Media
machala,2009-02-01,2,SVM_RBF,Alta,Alta
portoviejo,2009-02-01,2,SVM_RBF,Alta,Alta
puyo,2009-02-01,2,SVM_RBF,Alta,Alta
quito,2009-02-01,2,SVM_RBF,Media,Alta
riobamba,2009-02-01,2,SVM_RBF,Alta,Media
salinas,2009-02-01,2,SVM_RBF,Media,Baja
tena,2009-02-01,2,SVM_RBF,Alta,Alta
babahoyo,2009-03-01,2,SVM_RBF,Alta,Alta
cuenca,2009-03-01,2,SVM_RBF,Media,Media
esmeraldas,2009-03-01,2,SVM_RBF,Alta,Alta
guayaquil,2009-03-01,2,SVM_RBF,Alta,Alta
loja,2009-03-01,2,SVM_RBF,Media,Media
machala,2009-03-01,2,SVM_RBF,Alta,Alta
portoviejo,2009-03-01,2,SVM_RBF,Media,Alta
puyo,2009-03-01,2,SVM_RBF,Media,Alta
quito,2009-03-01,2,SVM_RBF,Alta,Alta
riobamba,2009-03-01,2,SVM_RBF,Media,Media
salinas,2009-03-01,2,SVM_RBF,Baja,Media
tena,2009-03-01,2,SVM_RBF,Alta,Alta
babahoyo,2009-04-01,2,SVM_RBF,Alta,Alta
cuenca,2009-04-01,2,SVM_RBF,Media,Media
esmeraldas,2009-04-01,2,SVM_RBF,Alta,Alta
guayaquil,2009-04-01,2,SVM_RBF,Media,Alta
loja,2009-04-01,2,SVM_RBF,Media,Media
machala,2009-04-01,2,SVM_RBF,Media,Alta
portoviejo,2009-04-01,2,SVM_RBF,Media,Media
puyo,2009-04-01,2,SVM_RBF,Alta,Alta
quito,2009-04-01,2,SVM_RBF,Media,Alta
riobamba,2009-04-01,2,SVM_RBF,Media,Media
salinas,2009-04-01,2,SVM_RBF,Baja,Baja
tena,2009-04-01,2,SVM_RBF,Alta,Alta
babahoyo,2009-05-01,2,SVM_RBF,Alta,Alta
cuenca,2009-05-01,2,SVM_RBF,Media,Media
esmeraldas,2009-05-01,2,SVM_RBF,Media,Media
guayaquil,2009-05-01,2,SVM_RBF,Alta,Media
loja,2009-05-01,2,SVM_RBF,Baja,Media
machala,2009-05-01,2,SVM_RBF,Baja,Media
portoviejo,2009-05-01,2,SVM_RBF,Alta,Media
puyo,2009-05-01,2,SVM_RBF,Alta,Alta
quito,2009-05-01,2,SVM_RBF,Alta,Alta
riobamba,2009-05-01,2,SVM_RBF,Media,Media
salinas,2009-05-01,2,SVM_RBF,Baja,Baja
tena,2009-05-01,2,SVM_RBF,Alta,Alta
babahoyo,2009-06-01,2,SVM_RBF,Alta,Media
cuenca,2009-06-01,2,SVM_RBF,Baja,Baja
esmeraldas,2009-06-01,2,SVM_RBF,Baja,Media
guayaquil,2009-06-01,2,SVM_RBF,Media,Media
loja,2009-06-01,2,SVM_RBF,Baja,Baja
machala,2009-06-01,2,SVM_RBF,Baja,Baja
portoviejo,2009-06-01,2,SVM_RBF,Baja,Baja
puyo,2009-06-01,2,SVM_RBF,Alta,Media
quito,2009-06-01,2,SVM_RBF,Media,Media
riobamba,2009-06-01,2,SVM_RBF,Baja,Media
salinas,2009-06-01,2,SVM_RBF,Baja,Baja
tena,2009-06-01,2,SVM_RBF,Alta,Alta
babahoyo,2009-07-01,2,SVM_RBF,Media,Media
cuenca,2009-07-01,2,SVM_RBF,Baja,Baja
esmeraldas,2009-07-01,2,SVM_RBF,Baja,Baja
guayaquil,2009-07-01,2,SVM_RBF,Media,Media
loja,2009-07-01,2,SVM_RBF,Baja,Baja
machala,2009-07-01,2,SVM_RBF,Baja,Baja
portoviejo,2009-07-01,2,SVM_RBF,Baja,Baja
puyo,2009-07-01,2,SVM_RBF,Media,Media
quito,2009-07-01,2,SVM_RBF,Baja,Media
riobamba,2009-07-01,2,SVM_RBF,Baja,Baja
salinas,2009-07-01,2,SVM_RBF,Baja,Baja
tena,2009-07-01,2,SVM_RBF,Alta,Alta
babahoyo,2009-08-01,2,SVM_RBF,Alta,Media
cuenca,2009-08-01,2,SVM_RBF,Baja,Baja
esmeraldas,2009-08-01,2,SVM_RBF,Baja,Baja
guayaquil,2009-08-01,2,SVM_RBF,Media,Media
loja,2009-08-01,2,SVM_RBF,Baja,Baja
machala,2009-08-01,2,SVM_RBF,Baja,Baja
portoviejo,2009-08-01,2,SVM_RBF,Baja,Baja
puyo,2009-08-01,2,SVM_RBF,Baja,Media
quito,2009-08-01,2,SVM_RBF,Media,Media
riobamba,2009-08-01,2,SVM_RBF,Baja,Baja
salinas,2009-08-01,2,SVM_RBF,Baja,Baja
tena,2009-08-01,2,SVM_RBF,Alta,Media
babahoyo,2009-09-01,2,SVM_RBF,Media,Media
cuenca,2009-09-01,2,SVM_RBF,Baja,Baja
esmeraldas,2009-09-01,2,SVM_RBF,Baja,Baja
guayaquil,2009-09-01,2,SVM_RBF,Media,Media
loja,2009-09-01,2,SVM_RBF,Baja,Baja
machala,2009-09-01,2,SVM_RBF,Baja,Baja
portoviejo,2009-09-01,2,SVM_RBF,Baja,Baja
puyo,2009-09-01,2,SVM_RBF,Baja,Media
quito,2009-09-01,2,SVM_RBF,Alta,Media
riobamba,2009-09-01,2,SVM_RBF,Baja,Baja
salinas,2009-09-01,2,SVM_RBF,Baja,Baja
tena,2009-09-01,2,SVM_RBF,Alta,Alta
babahoyo,2009-10-01,2,SVM_RBF,Alta,Media
cuenca,2009-10-01,2,SVM_RBF,Media,Baja
esmeraldas,2009-10-01,2,SVM_RBF,Media,Baja
guayaquil,2009-10-01,2,SVM_RBF,Media,Media
loja,2009-10-01,2,SVM_RBF,Baja,Media
machala,2009-10-01,2,SVM_RBF,Baja,Baja
portoviejo,2009-10-01,2,SVM_RBF,Baja,Baja
puyo,2009-10-01,2,SVM_RBF,Media,Media
quito,2009-10-01,2,SVM_RBF,Alta,Alta
riobamba,2009-10-01,2,SVM_RBF,Media,Media
salinas,2009-10-01,2,SVM_RBF,Baja,Baja
tena,2009-10-01,2,SVM_RBF,Alta,Alta
babahoyo,2009-11-01,2,SVM_RBF,Baja,Media
cuenca,2009-11-01,2,SVM_RBF,Media,Media
esmeraldas,2009-11-01,2,SVM_RBF,Media,Baja
guayaquil,2009-11-01,2,SVM_RBF,Baja,Baja
loja,2009-11-01,2,SVM_RBF,Media,Media
machala,2009-11-01,2,SVM_RBF,Baja,Baja
portoviejo,2009-11-01,2,SVM_RBF,Baja,Baja
puyo,2009-11-01,2,SVM_RBF,Media,Alta
quito,2009-11-01,2,SVM_RBF,Alta,Alta
riobamba,2009-11-01,2,SVM_RBF,Media,Media
salinas,2009-11-01,2,SVM_RBF,Baja,Baja
tena,2009-11-01,2,SVM_RBF,Alta,Alta
babahoyo,2009-12-01,2,SVM_RBF,Alta,Media
cuenca,2009-12-01,2,SVM_RBF,Alta,Media
esmeraldas,2009-12-01,2,SVM_RBF,Alta,Baja
guayaquil,2009-12-01,2,SVM_RBF,Media,Baja
loja,2009-12-01,2,SVM_RBF,Media,Media
machala,2009-12-01,2,SVM_RBF,Baja,Baja
portoviejo,2009-12-01,2,SVM_RBF,Baja,Baja
puyo,2009-12-01,2,SVM_RBF,Media,Alta
quito,2009-12-01,2,SVM_RBF,Alta,Alta
riobamba,2009-12-01,2,SVM_RBF,Media,Media
salinas,2009-12-01,2,SVM_RBF,Baja,Baja
tena,2009-12-01,2,SVM_RBF,Media,Alta
babahoyo,2010-01-01,2,SVM_RBF,Alta,Alta
cuenca,2010-01-01,2,SVM_RBF,Baja,Media
esmeraldas,2010-01-01,2,SVM_RBF,Alta,Alta
guayaquil,2010-01-01,2,SVM_RBF,Alta,Alta
loja,2010-01-01,2,SVM_RBF,Media,Media
machala,2010-01-01,2,SVM_RBF,Alta,Media
portoviejo,2010-01-01,2,SVM_RBF,Media,Alta
puyo,2010-01-01,2,SVM_RBF,Baja,Media
quito,2010-01-01,2,SVM_RBF,Media,Alta
riobamba,2010-01-01,2,SVM_RBF,Media,Media
salinas,2010-01-01,2,SVM_RBF,Media,Baja
tena,2010-01-01,2,SVM_RBF,Baja,Alta
babahoyo,2010-02-01,2,SVM_RBF,Alta,Alta
cuenca,2010-02-01,2,SVM_RBF,Alta,Media
esmeraldas,2010-02-01,2,SVM_RBF,Alta,Alta
guayaquil,2010-02-01,2,SVM_RBF,Alta,Alta
loja,2010-02-01,2,SVM_RBF,Media,Media
machala,2010-02-01,2,SVM_RBF,Alta,Alta
portoviejo,2010-02-01,2,SVM_RBF,Alta,Alta
puyo,2010-02-01,2,SVM_RBF,Media,Media
quito,2010-02-01,2,SVM_RBF,Media,Alta
riobamba,2010-02-01,2,SVM_RBF,Media,Media
salinas,2010-02-01,2,SVM_RBF,Media,Baja
tena,2010-02-01,2,SVM_RBF,Alta,Alta
babahoyo,2010-03-01,2,SVM_RBF,Alta,Alta
cuenca,2010-03-01,2,SVM_RBF,Baja,Media
esmeraldas,2010-03-01,2,SVM_RBF,Alta,Alta
guayaquil,2010-03-01,2,SVM_RBF,Alta,Alta
loja,2010-03-01,2,SVM_RBF,Media,Media
machala,2010-03-01,2,SVM_RBF,Media,Alta
portoviejo,2010-03-01,2,SVM_RBF,Alta,Alta
puyo,2010-03-01,2,SVM_RBF,Media,Media
quito,2010-03-01,2,SVM_RBF,Alta,Alta
riobamba,2010-03-01,2,SVM_RBF,Baja,Media
salinas,2010-03-01,2,SVM_RBF,Baja,Media
tena,2010-03-01,2,SVM_RBF,Media,Alta
babahoyo,2010-04-01,2,SVM_RBF,Alta,Alta
cuenca,2010-04-01,2,SVM_RBF,Media,Media
esmeraldas,2010-04-01,2,SVM_RBF,Alta,Alta
guayaquil,2010-04-01,2,SVM_RBF,Alta,Alta
loja,2010-04-01,2,SVM_RBF,Alta,Media
machala,2010-04-01,2,SVM_RBF,Alta,Media
portoviejo,2010-04-01,2,SVM_RBF,Media,Alta
puyo,2010-04-01,2,SVM_RBF,Alta,Media
quito,2010-04-01,2,SVM_RBF,Alta,Alta
riobamba,2010-04-01,2,SVM_RBF,Media,Media
salinas,2010-04-01,2,SVM_RBF,Baja,Baja
tena,2010-04-01,2,SVM_RBF,Alta,Alta
babahoyo,2010-05-01,2,SVM_RBF,Alta,Alta
cuenca,2010-05-01,2,SVM_RBF,Alta,Media
esmeraldas,2010-05-01,2,SVM_RBF,Alta,Alta
guayaquil,2010-05-01,2,SVM_RBF,Alta,Alta
loja,2010-05-01,2,SVM_RBF,Alta,Media
machala,2010-05-01,2,SVM_RBF,Media,Media
portoviejo,2010-05-01,2,SVM_RBF,Media,Media
puyo,2010-05-01,2,SVM_RBF,Alta,Media
quito,2010-05-01,2,SVM_RBF,Alta,Alta
riobamba,2010-05-01,2,SVM_RBF,Media,Media
salinas,2010-05-01,2,SVM_RBF,Baja,Baja
tena,2010-05-01,2,SVM_RBF,Alta,Media
babahoyo,2010-06-01,2,SVM_RBF,Media,Alta
cuenca,2010-06-01,2,SVM_RBF,Baja,Baja
esmeraldas,2010-06-01,2,SVM_RBF,Baja,Alta
guayaquil,2010-06-01,2,SVM_RBF,Media,Alta
loja,2010-06-01,2,SVM_RBF,Baja,Baja
machala,2010-06-01,2,SVM_RBF,Baja,Baja
portoviejo,2010-06-01,2,SVM_RBF,Baja,Baja
puyo,2010-06-01,2,SVM_RBF,Media,Media
quito,2010-06-01,2,SVM_RBF,Media,Media
riobamba,2010-06-01,2,SVM_RBF,Baja,Media
salinas,2010-06-01,2,SVM_RBF,Baja,Baja
tena,2010-06-01,2,SVM_RBF,Media,Alta
babahoyo,2010-07-01,2,SVM_RBF,Media,Media
cuenca,2010-07-01,2,SVM_RBF,Baja,Baja
esmeraldas,2010-07-01,2,SVM_RBF,Baja,Baja
guayaquil,2010-07-01,2,SVM_RBF,Alta,Media
loja,2010-07-01,2,SVM_RBF,Baja,Baja
machala,2010-07-01,2,SVM_RBF,Baja,Baja
portoviejo,2010-07-01,2,SVM_RBF,Baja,Baja
puyo,2010-07-01,2,SVM_RBF,Alta,Media
quito,2010-07-01,2,SVM_RBF,Media,Media
riobamba,2010-07-01,2,SVM_RBF,Baja,Baja
salinas,2010-07-01,2,SVM_RBF,Baja,Baja
tena,2010-07-01,2,SVM_RBF,Alta,Media
babahoyo,2010-08-01,2,SVM_RBF,Baja,Media
cuenca,2010-08-01,2,SVM_RBF,Baja,Baja
esmeraldas,2010-08-01,2,SVM_RBF,Baja,Baja
guayaquil,2010-08-01,2,SVM_RBF,Media,Media
loja,2010-08-01,2,SVM_RBF,Baja,Baja
machala,2010-08-01,2,SVM_RBF,Baja,Baja
portoviejo,2010-08-01,2,SVM_RBF,Baja,Baja
puyo,2010-08-01,2,SVM_RBF,Baja,Media
quito,2010-08-01,2,SVM_RBF,Media,Media
riobamba,2010-08-01,2,SVM_RBF,Baja,Baja
salinas,2010-08-01,2,SVM_RBF,Baja,Baja
tena,2010-08-01,2,SVM_RBF,Media,Alta
babahoyo,2010-09-01,2,SVM_RBF,Media,Media
cuenca,2010-09-01,2,SVM_RBF,Baja,Baja
esmeraldas,2010-09-01,2,SVM_RBF,Baja,Baja
guayaquil,2010-09-01,2,SVM_RBF,Media,Baja
loja,2010-09-01,2,SVM_RBF,Baja,Baja
machala,2010-09-01,2,SVM_RBF,Baja,Baja
portoviejo,2010-09-01,2,SVM_RBF,Baja,Baja
puyo,2010-09-01,2,SVM_RBF,Baja,Baja
quito,2010-09-01,2,SVM_RBF,Media,Media
riobamba,2010-09-01,2,SVM_RBF,Baja,Baja
salinas,2010-09-01,2,SVM_RBF,Baja,Baja
tena,2010-09-01,2,SVM_RBF,Media,Media
babahoyo,2010-10-01,2,SVM_RBF,Media,Media
cuenca,2010-10-01,2,SVM_RBF,Media,Media
esmeraldas,2010-10-01,2,SVM_RBF,Baja,Baja
guayaquil,2010-10-01,2,SVM_RBF,Baja,Baja
loja,2010-10-01,2,SVM_RBF,Baja,Media
machala,2010-10-01,2,SVM_RBF,Baja,Baja
portoviejo,2010-10-01,2,SVM_RBF,Baja,Baja
puyo,2010-10-01,2,SVM_RBF,Alta,Media
quito,2010-10-01,2,SVM_RBF,Media,Alta
riobamba,2010-10-01,2,SVM_RBF,Media,Media
salinas,2010-10-01,2,SVM_RBF,Baja,Baja
tena,2010-10-01,2,SVM_RBF,Alta,Media
babahoyo,2010-11-01,2,SVM_RBF,Baja,Media
cuenca,2010-11-01,2,SVM_RBF,Media,Media
esmeraldas,2010-11-01,2,SVM_RBF,Baja,Baja
guayaquil,2010-11-01,2,SVM_RBF,Baja,Baja
loja,2010-11-01,2,SVM_RBF,Media,Media
machala,2010-11-01,2,SVM_RBF,Baja,Baja
portoviejo,2010-11-01,2,SVM_RBF,Baja,Baja
puyo,2010-11-01,2,SVM_RBF,Media,Alta
quito,2010-11-01,2,SVM_RBF,Alta,Alta
riobamba,2010-11-01,2,SVM_RBF,Media,Media
salinas,2010-11-01,2,SVM_RBF,Baja,Baja
tena,2010-11-01,2,SVM_RBF,Media,Alta
babahoyo,2010-12-01,2,SVM_RBF,Alta,Alta
cuenca,2010-12-01,2,SVM_RBF,Media,Media
esmeraldas,2010-12-01,2,SVM_RBF,Alta,Alta
guayaquil,2010-12-01,2,SVM_RBF,Media,Baja
loja,2010-12-01,2,SVM_RBF,Baja,Media
machala,2010-12-01,2,SVM_RBF,Media,Media
portoviejo,2010-12-01,2,SVM_RBF,Alta,Baja
puyo,2010-12-01,2,SVM_RBF,Alta,Alta
quito,2010-12-01,2,SVM_RBF,Alta,Alta
riobamba,2010-12-01,2,SVM_RBF,Media,Media
salinas,2010-12-01,2,SVM_RBF,Baja,Baja
tena,2010-12-01,2,SVM_RBF,Alta,Alta
babahoyo,2011-01-01,3,SVM_RBF,Alta,Alta
cuenca,2011-01-01,3,SVM_RBF,Media,Media
esmeraldas,2011-01-01,3,SVM_RBF,Alta,Alta
guayaquil,2011-01-01,3,SVM_RBF,Alta,Alta
loja,2011-01-01,3,SVM_RBF,Media,Media
machala,2011-01-01,3,SVM_RBF,Media,Alta
portoviejo,2011-01-01,3,SVM_RBF,Media,Alta
puyo,2011-01-01,3,SVM_RBF,Media,Alta
quito,2011-01-01,3,SVM_RBF,Alta,Alta
riobamba,2011-01-01,3,SVM_RBF,Media,Media
salinas,2011-01-01,3,SVM_RBF,Media,Baja
tena,2011-01-01,3,SVM_RBF,Alta,Alta
babahoyo,2011-02-01,3,SVM_RBF,Alta,Alta
cuenca,2011-02-01,3,SVM_RBF,Media,Media
esmeraldas,2011-02-01,3,SVM_RBF,Alta,Alta
guayaquil,2011-02-01,3,SVM_RBF,Alta,Alta
loja,2011-02-01,3,SVM_RBF,Alta,Media
machala,2011-02-01,3,SVM_RBF,Alta,Alta
portoviejo,2011-02-01,3,SVM_RBF,Media,Alta
puyo,2011-02-01,3,SVM_RBF,Alta,Alta
quito,2011-02-01,3,SVM_RBF,Alta,Alta
riobamba,2011-02-01,3,SVM_RBF,Alta,Media
salinas,2011-02-01,3,SVM_RBF,Media,Media
tena,2011-02-01,3,SVM_RBF,Alta,Alta
babahoyo,2011-03-01,3,SVM_RBF,Alta,Alta
cuenca,2011-03-01,3,SVM_RBF,Media,Media
esmeraldas,2011-03-01,3,SVM_RBF,Alta,Alta
guayaquil,2011-03-01,3,SVM_RBF,Media,Alta
loja,2011-03-01,3,SVM_RBF,Media,Media
machala,2011-03-01,3,SVM_RBF,Media,Media
portoviejo,2011-03-01,3,SVM_RBF,Media,Alta
puyo,2011-03-01,3,SVM_RBF,Alta,Alta
quito,2011-03-01,3,SVM_RBF,Media,Alta
riobamba,2011-03-01,3,SVM_RBF,Media,Media
salinas,2011-03-01,3,SVM_RBF,Baja,Media
tena,2011-03-01,3,SVM_RBF,Alta,Alta
babahoyo,2011-04-01,3,SVM_RBF,Alta,Alta
cuenca,2011-04-01,3,SVM_RBF,Media,Media
esmeraldas,2011-04-01,3,SVM_RBF,Media,Alta
guayaquil,2011-04-01,3,SVM_RBF,Alta,Alta
loja,2011-04-01,3,SVM_RBF,Media,Media
machala,2011-04-01,3,SVM_RBF,Alta,Alta
portoviejo,2011-04-01,3,SVM_RBF,Media,Media
puyo,2011-04-01,3,SVM_RBF,Media,Alta
quito,2011-04-01,3,SVM_RBF,Alta,Alta
riobamba,2011-04-01,3,SVM_RBF,Media,Media
salinas,2011-04-01,3,SVM_RBF,Baja,Baja
tena,2011-04-01,3,SVM_RBF,Alta,Alta
babahoyo,2011-05-01,3,SVM_RBF,Alta,Alta
cuenca,2011-05-01,3,SVM_RBF,Baja,Media
esmeraldas,2011-05-01,3,SVM_RBF,Baja,Alta
guayaquil,2011-05-01,3,SVM_RBF,Media,Alta
loja,2011-05-01,3,SVM_RBF,Media,Media
machala,2011-05-01,3,SVM_RBF,Baja,Media
portoviejo,2011-05-01,3,SVM_RBF,Baja,Media
puyo,2011-05-01,3,SVM_RBF,Alta,Alta
quito,2011-05-01,3,SVM_RBF,Media,Alta
riobamba,2011-05-01,3,SVM_RBF,Baja,Media
salinas,2011-05-01,3,SVM_RBF,Baja,Baja
tena,2011-05-01,3,SVM_RBF,Alta,Alta
babahoyo,2011-06-01,3,SVM_RBF,Alta,Media
cuenca,2011-06-01,3,SVM_RBF,Baja,Baja
esmeraldas,2011-06-01,3,SVM_RBF,Media,Baja
guayaquil,2011-06-01,3,SVM_RBF,Media,Media
loja,2011-06-01,3,SVM_RBF,Baja,Baja
machala,2011-06-01,3,SVM_RBF,Baja,Baja
portoviejo,2011-06-01,3,SVM_RBF,Baja,Baja
puyo,2011-06-01,3,SVM_RBF,Media,Media
quito,2011-06-01,3,SVM_RBF,Alta,Media
riobamba,2011-06-01,3,SVM_RBF,Baja,Baja
salinas,2011-06-01,3,SVM_RBF,Baja,Baja
tena,2011-06-01,3,SVM_RBF,Alta,Media
babahoyo,2011-07-01,3,SVM_RBF,Media,Media
cuenca,2011-07-01,3,SVM_RBF,Baja,Baja
esmeraldas,2011-07-01,3,SVM_RBF,Media,Baja
guayaquil,2011-07-01,3,SVM_RBF,Media,Media
loja,2011-07-01,3,SVM_RBF,Baja,Baja
machala,2011-07-01,3,SVM_RBF,Baja,Baja
portoviejo,2011-07-01,3,SVM_RBF,Baja,Baja
puyo,2011-07-01,3,SVM_RBF,Alta,Media
quito,2011-07-01,3,SVM_RBF,Media,Media
riobamba,2011-07-01,3,SVM_RBF,Media,Baja
salinas,2011-07-01,3,SVM_RBF,Baja,Baja
tena,2011-07-01,3,SVM_RBF,Alta,Media
babahoyo,2011-08-01,3,SVM_RBF,Baja,Media
cuenca,2011-08-01,3,SVM_RBF,Baja,Baja
esmeraldas,2011-08-01,3,SVM_RBF,Baja,Baja
guayaquil,2011-08-01,3,SVM_RBF,Baja,Media
loja,2011-08-01,3,SVM_RBF,Baja,Baja
machala,2011-08-01,3,SVM_RBF,Baja,Baja
portoviejo,2011-08-01,3,SVM_RBF,Baja,Baja
puyo,2011-08-01,3,SVM_RBF,Media,Media
quito,2011-08-01,3,SVM_RBF,Alta,Media
riobamba,2011-08-01,3,SVM_RBF,Baja,Baja
salinas,2011-08-01,3,SVM_RBF,Baja,Baja
tena,2011-08-01,3,SVM_RBF,Media,Media
babahoyo,2011-09-01,3,SVM_RBF,Media,Media
cuenca,2011-09-01,3,SVM_RBF,Baja,Baja
esmeraldas,2011-09-01,3,SVM_RBF,Baja,Baja
guayaquil,2011-09-01,3,SVM_RBF,Media,Baja
loja,2011-09-01,3,SVM_RBF,Baja,Baja
machala,2011-09-01,3,SVM_RBF,Baja,Baja
portoviejo,2011-09-01,3,SVM_RBF,Baja,Baja
puyo,2011-09-01,3,SVM_RBF,Media,Media
quito,2011-09-01,3,SVM_RBF,Media,Media
riobamba,2011-09-01,3,SVM_RBF,Baja,Baja
salinas,2011-09-01,3,SVM_RBF,Baja,Baja
tena,2011-09-01,3,SVM_RBF,Alta,Media
babahoyo,2011-10-01,3,SVM_RBF,Media,Media
cuenca,2011-10-01,3,SVM_RBF,Media,Media
esmeraldas,2011-10-01,3,SVM_RBF,Baja,Baja
guayaquil,2011-10-01,3,SVM_RBF,Baja,Baja
loja,2011-10-01,3,SVM_RBF,Media,Media
machala,2011-10-01,3,SVM_RBF,Baja,Baja
portoviejo,2011-10-01,3,SVM_RBF,Baja,Baja
puyo,2011-10-01,3,SVM_RBF,Media,Media
quito,2011-10-01,3,SVM_RBF,Alta,Media
riobamba,2011-10-01,3,SVM_RBF,Media,Media
salinas,2011-10-01,3,SVM_RBF,Baja,Baja
tena,2011-10-01,3,SVM_RBF,Alta,Alta
babahoyo,2011-11-01,3,SVM_RBF,Baja,Media
cuenca,2011-11-01,3,SVM_RBF,Alta,Media
esmeraldas,2011-11-01,3,SVM_RBF,Baja,Baja
guayaquil,2011-11-01,3,SVM_RBF,Baja,Baja
loja,2011-11-01,3,SVM_RBF,Alta,Media
machala,2011-11-01,3,SVM_RBF,Media,Baja
portoviejo,2011-11-01,3,SVM_RBF,Baja,Baja
puyo,2011-11-01,3,SVM_RBF,Alta,Alta
quito,2011-11-01,3,SVM_RBF,Alta,Alta
riobamba,2011-11-01,3,SVM_RBF,Media,Media
salinas,2011-11-01,3,SVM_RBF,Baja,Baja
tena,2011-11-01,3,SVM_RBF,Alta,Alta
babahoyo,2011-12-01,3,SVM_RBF,Alta,Alta
cuenca,2011-12-01,3,SVM_RBF,Media,Media
esmeraldas,2011-12-01,3,SVM_RBF,Baja,Baja
guayaquil,2011-12-01,3,SVM_RBF,Baja,Baja
loja,2011-12-01,3,SVM_RBF,Media,Media
machala,2011-12-01,3,SVM_RBF,Baja,Media
portoviejo,2011-12-01,3,SVM_RBF,Baja,Baja
puyo,2011-12-01,3,SVM_RBF,Alta,Alta
quito,2011-12-01,3,SVM_RBF,Media,Alta
riobamba,2011-12-01,3,SVM_RBF,Alta,Media
salinas,2011-12-01,3,SVM_RBF,Baja,Baja
tena,2011-12-01,3,SVM_RBF,Alta,Alta
babahoyo,2012-01-01,3,SVM_RBF,Alta,Alta
cuenca,2012-01-01,3,SVM_RBF,Alta,Media
esmeraldas,2012-01-01,3,SVM_RBF,Alta,Alta
guayaquil,2012-01-01,3,SVM_RBF,Alta,Alta
loja,2012-01-01,3,SVM_RBF,Alta,Media
machala,2012-01-01,3,SVM_RBF,Alta,Media
portoviejo,2012-01-01,3,SVM_RBF,Alta,Alta
puyo,2012-01-01,3,SVM_RBF,Alta,Alta
quito,2012-01-01,3,SVM_RBF,Alta,Alta
riobamba,2012-01-01,3,SVM_RBF,Media,Media
salinas,2012-01-01,3,SVM_RBF,Media,Baja
tena,2012-01-01,3,SVM_RBF,Alta,Alta
babahoyo,2012-02-01,3,SVM_RBF,Alta,Alta
cuenca,2012-02-01,3,SVM_RBF,Alta,Media
esmeraldas,2012-02-01,3,SVM_RBF,Alta,Alta
guayaquil,2012-02-01,3,SVM_RBF,Alta,Alta
loja,2012-02-01,3,SVM_RBF,Alta,Media
machala,2012-02-01,3,SVM_RBF,Alta,Alta
portoviejo,2012-02-01,3,SVM_RBF,Alta,Alta
puyo,2012-02-01,3,SVM_RBF,Alta,Alta
quito,2012-02-01,3,SVM_RBF,Alta,Alta
riobamba,2012-02-01,3,SVM_RBF,Media,Media
salinas,2012-02-01,3,SVM_RBF,Alta,Media
tena,2012-02-01,3,SVM_RBF,Alta,Alta
babahoyo,2012-03-01,3,SVM_RBF,Alta,Alta
cuenca,2012-03-01,3,SVM_RBF,Media,Media
esmeraldas,2012-03-01,3,SVM_RBF,Alta,Alta
guayaquil,2012-03-01,3,SVM_RBF,Alta,Alta
loja,2012-03-01,3,SVM_RBF,Alta,Media
machala,2012-03-01,3,SVM_RBF,Alta,Alta
portoviejo,2012-03-01,3,SVM_RBF,Alta,Alta
puyo,2012-03-01,3,SVM_RBF,Media,Alta
quito,2012-03-01,3,SVM_RBF,Alta,Alta
riobamba,2012-03-01,3,SVM_RBF,Alta,Media
salinas,2012-03-01,3,SVM_RBF,Media,Alta
tena,2012-03-01,3,SVM_RBF,Alta,Alta
babahoyo,2012-04-01,3,SVM_RBF,Alta,Alta
cuenca,2012-04-01,3,SVM_RBF,Media,Media
esmeraldas,2012-04-01,3,SVM_RBF,Alta,Alta
guayaquil,2012-04-01,3,SVM_RBF,Alta,Alta
loja,2012-04-01,3,SVM_RBF,Media,Media
machala,2012-04-01,3,SVM_RBF,Alta,Alta
portoviejo,2012-04-01,3,SVM_RBF,Alta,Alta
puyo,2012-04-01,3,SVM_RBF,Alta,Alta
quito,2012-04-01,3,SVM_RBF,Alta,Alta
riobamba,2012-04-01,3,SVM_RBF,Media,Media
salinas,2012-04-01,3,SVM_RBF,Media,Baja
tena,2012-04-01,3,SVM_RBF,Alta,Alta
babahoyo,2012-05-01,3,SVM_RBF,Alta,Alta
cuenca,2012-05-01,3,SVM_RBF,Baja,Media
esmeraldas,2012-05-01,3,SVM_RBF,Alta,Alta
guayaquil,2012-05-01,3,SVM_RBF,Alta,Alta
loja,2012-05-01,3,SVM_RBF,Baja,Media
machala,2012-05-01,3,SVM_RBF,Media,Media
portoviejo,2012-05-01,3,SVM_RBF,Media,Media
puyo,2012-05-01,3,SVM_RBF,Alta,Alta
quito,2012-05-01,3,SVM_RBF,Alta,Alta
riobamba,2012-05-01,3,SVM_RBF,Media,Media
salinas,2012-05-01,3,SVM_RBF,Baja,Baja
tena,2012-05-01,3,SVM_RBF,Alta,Alta
babahoyo,2012-06-01,3,SVM_RBF,Alta,Alta
cuenca,2012-06-01,3,SVM_RBF,Baja,Baja
esmeraldas,2012-06-01,3,SVM_RBF,Media,Alta
guayaquil,2012-06-01,3,SVM_RBF,Alta,Alta
loja,2012-06-01,3,SVM_RBF,Baja,Baja
machala,2012-06-01,3,SVM_RBF,Baja,Baja
portoviejo,2012-06-01,3,SVM_RBF,Baja,Media
puyo,2012-06-01,3,SVM_RBF,Media,Media
quito,2012-06-01,3,SVM_RBF,Media,Media
riobamba,2012-06-01,3,SVM_RBF,Baja,Media
salinas,2012-06-01,3,SVM_RBF,Baja,Baja
tena,2012-06-01,3,SVM_RBF,Media,Media
babahoyo,2012-07-01,3,SVM_RBF,Media,Alta
cuenca,2012-07-01,3,SVM_RBF,Baja,Baja
esmeraldas,2012-07-01,3,SVM_RBF,Baja,Baja
guayaquil,2012-07-01,3,SVM_RBF,Media,Media
loja,2012-07-01,3,SVM_RBF,Baja,Baja
machala,2012-07-01,3,SVM_RBF,Baja,Baja
portoviejo,2012-07-01,3,SVM_RBF,Baja,Baja
puyo,2012-07-01,3,SVM_RBF,Alta,Media
quito,2012-07-01,3,SVM_RBF,Baja,Media
riobamba,2012-07-01,3,SVM_RBF,Baja,Baja
salinas,2012-07-01,3,SVM_RBF,Baja,Baja
tena,2012-07-01,3,SVM_RBF,Alta,Media
babahoyo,2012-08-01,3,SVM_RBF,Media,Media
cuenca,2012-08-01,3,SVM_RBF,Media,Baja
esmeraldas,2012-08-01,3,SVM_RBF,Baja,Baja
guayaquil,2012-08-01,3,SVM_RBF,Media,Media
loja,2012-08-01,3,SVM_RBF,Baja,Baja
machala,2012-08-01,3,SVM_RBF,Baja,Baja
portoviejo,2012-08-01,3,SVM_RBF,Baja,Baja
puyo,2012-08-01,3,SVM_RBF,Alta,Media
quito,2012-08-01,3,SVM_RBF,Baja,Media
riobamba,2012-08-01,3,SVM_RBF,Baja,Baja
salinas,2012-08-01,3,SVM_RBF,Baja,Baja
tena,2012-08-01,3,SVM_RBF,Alta,Media
babahoyo,2012-09-01,3,SVM_RBF,Media,Media
cuenca,2012-09-01,3,SVM_RBF,Baja,Baja
esmeraldas,2012-09-01,3,SVM_RBF,Baja,Baja
guayaquil,2012-09-01,3,SVM_RBF,Media,Media
loja,2012-09-01,3,SVM_RBF,Baja,Baja
machala,2012-09-01,3,SVM_RBF,Baja,Baja
portoviejo,2012-09-01,3,SVM_RBF,Baja,Baja
puyo,2012-09-01,3,SVM_RBF,Media,Media
quito,2012-09-01,3,SVM_RBF,Media,Media
riobamba,2012-09-01,3,SVM_RBF,Baja,Baja
salinas,2012-09-01,3,SVM_RBF,Baja,Baja
tena,2012-09-01,3,SVM_RBF,Media,Media
babahoyo,2012-10-01,3,SVM_RBF,Baja,Media
cuenca,2012-10-01,3,SVM_RBF,Media,Media
esmeraldas,2012-10-01,3,SVM_RBF,Baja,Baja
guayaquil,2012-10-01,3,SVM_RBF,Baja,Baja
loja,2012-10-01,3,SVM_RBF,Alta,Media
machala,2012-10-01,3,SVM_RBF,Baja,Baja
portoviejo,2012-10-01,3,SVM_RBF,Baja,Baja
puyo,2012-10-01,3,SVM_RBF,Alta,Media
quito,2012-10-01,3,SVM_RBF,Alta,Alta
riobamba,2012-10-01,3,SVM_RBF,Alta,Media
salinas,2012-10-01,3,SVM_RBF,Baja,Baja
tena,2012-10-01,3,SVM_RBF,Alta,Alta
babahoyo,2012-11-01,3,SVM_RBF,Media,Media
cuenca,2012-11-01,3,SVM_RBF,Media,Media
esmeraldas,2012-11-01,3,SVM_RBF,Media,Baja
guayaquil,2012-11-01,3,SVM_RBF,Baja,Baja
loja,2012-11-01,3,SVM_RBF,Media,Media
machala,2012-11-01,3,SVM_RBF,Baja,Baja
portoviejo,2012-11-01,3,SVM_RBF,Baja,Baja
puyo,2012-11-01,3,SVM_RBF,Alta,Alta
quito,2012-11-01,3,SVM_RBF,Alta,Alta
riobamba,2012-11-01,3,SVM_RBF,Media,Media
salinas,2012-11-01,3,SVM_RBF,Baja,Baja
tena,2012-11-01,3,SVM_RBF,Alta,Alta
babahoyo,2012-12-01,3,SVM_RBF,Media,Alta
cuenca,2012-12-01,3,SVM_RBF,Media,Media
esmeraldas,2012-12-01,3,SVM_RBF,Baja,Media
guayaquil,2012-12-01,3,SVM_RBF,Baja,Baja
loja,2012-12-01,3,SVM_RBF,Baja,Media
machala,2012-12-01,3,SVM_RBF,Baja,Baja
portoviejo,2012-12-01,3,SVM_RBF,Baja,Baja
puyo,2012-12-01,3,SVM_RBF,Alta,Alta
quito,2012-12-01,3,SVM_RBF,Alta,Alta
riobamba,2012-12-01,3,SVM_RBF,Media,Media
salinas,2012-12-01,3,SVM_RBF,Baja,Baja
tena,2012-12-01,3,SVM_RBF,Alta,Alta
babahoyo,2013-01-01,3,SVM_RBF,Alta,Alta
cuenca,2013-01-01,3,SVM_RBF,Media,Media
esmeraldas,2013-01-01,3,SVM_RBF,Alta,Alta
guayaquil,2013-01-01,3,SVM_RBF,Alta,Alta
loja,2013-01-01,3,SVM_RBF,Media,Media
machala,2013-01-01,3,SVM_RBF,Media,Media
portoviejo,2013-01-01,3,SVM_RBF,Media,Alta
puyo,2013-01-01,3,SVM_RBF,Media,Alta
quito,2013-01-01,3,SVM_RBF,Media,Alta
riobamba,2013-01-01,3,SVM_RBF,Media,Media
salinas,2013-01-01,3,SVM_RBF,Baja,Baja
tena,2013-01-01,3,SVM_RBF,Media,Alta
babahoyo,2013-02-01,3,SVM_RBF,Alta,Alta
cuenca,2013-02-01,3,SVM_RBF,Alta,Media
esmeraldas,2013-02-01,3,SVM_RBF,Alta,Alta
guayaquil,2013-02-01,3,SVM_RBF,Alta,Alta
loja,2013-02-01,3,SVM_RBF,Alta,Media
machala,2013-02-01,3,SVM_RBF,Media,Alta
portoviejo,2013-02-01,3,SVM_RBF,Alta,Alta
puyo,2013-02-01,3,SVM_RBF,Alta,Alta
quito,2013-02-01,3,SVM_RBF,Alta,Alta
riobamba,2013-02-01,3,SVM_RBF,Alta,Media
salinas,2013-02-01,3,SVM_RBF,Media,Media
tena,2013-02-01,3,SVM_RBF,Alta,Alta
babahoyo,2013-03-01,3,SVM_RBF,Alta,Alta
cuenca,2013-03-01,3,SVM_RBF,Media,Media
esmeraldas,2013-03-01,3,SVM_RBF,Alta,Alta
guayaquil,2013-03-01,3,SVM_RBF,Alta,Alta
loja,2013-03-01,3,SVM_RBF,Media,Media
machala,2013-03-01,3,SVM_RBF,Alta,Alta
portoviejo,2013-03-01,3,SVM_RBF,Alta,Alta
puyo,2013-03-01,3,SVM_RBF,Media,Alta
quito,2013-03-01,3,SVM_RBF,Alta,Alta
riobamba,2013-03-01,3,SVM_RBF,Media,Media
salinas,2013-03-01,3,SVM_RBF,Alta,Media
tena,2013-03-01,3,SVM_RBF,Alta,Alta
babahoyo,2013-04-01,3,SVM_RBF,Alta,Alta
cuenca,2013-04-01,3,SVM_RBF,Baja,Media
esmeraldas,2013-04-01,3,SVM_RBF,Alta,Alta
guayaquil,2013-04-01,3,SVM_RBF,Alta,Alta
loja,2013-04-01,3,SVM_RBF,Baja,Media
machala,2013-04-01,3,SVM_RBF,Alta,Alta
portoviejo,2013-04-01,3,SVM_RBF,Media,Alta
puyo,2013-04-01,3,SVM_RBF,Media,Alta
quito,2013-04-01,3,SVM_RBF,Alta,Alta
riobamba,2013-04-01,3,SVM_RBF,Media,Media
salinas,2013-04-01,3,SVM_RBF,Baja,Media
tena,2013-04-01,3,SVM_RBF,Alta,Alta
babahoyo,2013-05-01,3,SVM_RBF,Alta,Alta
cuenca,2013-05-01,3,SVM_RBF,Media,Baja
esmeraldas,2013-05-01,3,SVM_RBF,Alta,Alta
guayaquil,2013-05-01,3,SVM_RBF,Alta,Alta
loja,2013-05-01,3,SVM_RBF,Baja,Baja
machala,2013-05-01,3,SVM_RBF,Media,Media
portoviejo,2013-05-01,3,SVM_RBF,Baja,Media
puyo,2013-05-01,3,SVM_RBF,Media,Media
quito,2013-05-01,3,SVM_RBF,Alta,Alta
riobamba,2013-05-01,3,SVM_RBF,Media,Media
salinas,2013-05-01,3,SVM_RBF,Baja,Baja
tena,2013-05-01,3,SVM_RBF,Alta,Alta
babahoyo,2013-06-01,3,SVM_RBF,Baja,Alta
cuenca,2013-06-01,3,SVM_RBF,Baja,Baja
esmeraldas,2013-06-01,3,SVM_RBF,Baja,Baja
guayaquil,2013-06-01,3,SVM_RBF,Baja,Media
loja,2013-06-01,3,SVM_RBF,Baja,Baja
machala,2013-06-01,3,SVM_RBF,Baja,Baja
portoviejo,2013-06-01,3,SVM_RBF,Baja,Baja
puyo,2013-06-01,3,SVM_RBF,Media,Media
quito,2013-06-01,3,SVM_RBF,Media,Media
riobamba,2013-06-01,3,SVM_RBF,Baja,Media
salinas,2013-06-01,3,SVM_RBF,Baja,Baja
tena,2013-06-01,3,SVM_RBF,Alta,Alta
babahoyo,2013-07-01,3,SVM_RBF,Media,Media
cuenca,2013-07-01,3,SVM_RBF,Baja,Baja
esmeraldas,2013-07-01,3,SVM_RBF,Baja,Baja
guayaquil,2013-07-01,3,SVM_RBF,Baja,Baja
loja,2013-07-01,3,SVM_RBF,Media,Baja
machala,2013-07-01,3,SVM_RBF,Baja,Baja
portoviejo,2013-07-01,3,SVM_RBF,Baja,Baja
puyo,2013-07-01,3,SVM_RBF,Media,Media
quito,2013-07-01,3,SVM_RBF,Media,Media
riobamba,2013-07-01,3,SVM_RBF,Baja,Baja
salinas,2013-07-01,3,SVM_RBF,Baja,Baja
tena,2013-07-01,3,SVM_RBF,Alta,Alta
babahoyo,2013-08-01,3,SVM_RBF,Baja,Media
cuenca,2013-08-01,3,SVM_RBF,Baja,Baja
esmeraldas,2013-08-01,3,SVM_RBF,Baja,Baja
guayaquil,2013-08-01,3,SVM_RBF,Baja,Baja
loja,2013-08-01,3,SVM_RBF,Baja,Baja
machala,2013-08-01,3,SVM_RBF,Baja,Baja
portoviejo,2013-08-01,3,SVM_RBF,Baja,Baja
puyo,2013-08-01,3,SVM_RBF,Media,Media
quito,2013-08-01,3,SVM_RBF,Media,Media
riobamba,2013-08-01,3,SVM_RBF,Baja,Baja
salinas,2013-08-01,3,SVM_RBF,Baja,Baja
tena,2013-08-01,3,SVM_RBF,Alta,Alta
babahoyo,2013-09-01,3,SVM_RBF,Media,Media
cuenca,2013-09-01,3,SVM_RBF,Baja,Baja
esmeraldas,2013-09-01,3,SVM_RBF,Media,Baja
guayaquil,2013-09-01,3,SVM_RBF,Baja,Baja
loja,2013-09-01,3,SVM_RBF,Baja,Baja
machala,2013-09-01,3,SVM_RBF,Baja,Baja
portoviejo,2013-09-01,3,SVM_RBF,Baja,Baja
puyo,2013-09-01,3,SVM_RBF,Baja,Media
quito,2013-09-01,3,SVM_RBF,Alta,Media
riobamba,2013-09-01,3,SVM_RBF,Baja,Baja
salinas,2013-09-01,3,SVM_RBF,Baja,Baja
tena,2013-09-01,3,SVM_RBF,Media,Media
babahoyo,2013-10-01,3,SVM_RBF,Baja,Media
cuenca,2013-10-01,3,SVM_RBF,Media,Media
esmeraldas,2013-10-01,3,SVM_RBF,Baja,Baja
guayaquil,2013-10-01,3,SVM_RBF,Baja,Baja
loja,2013-10-01,3,SVM_RBF,Media,Media
machala,2013-10-01,3,SVM_RBF,Baja,Baja
portoviejo,2013-10-01,3,SVM_RBF,Baja,Baja
puyo,2013-10-01,3,SVM_RBF,Baja,Media
quito,2013-10-01,3,SVM_RBF,Alta,Alta
riobamba,2013-10-01,3,SVM_RBF,Media,Media
salinas,2013-10-01,3,SVM_RBF,Baja,Baja
tena,2013-10-01,3,SVM_RBF,Alta,Media
babahoyo,2013-11-01,3,SVM_RBF,Media,Media
cuenca,2013-11-01,3,SVM_RBF,Alta,Media
esmeraldas,2013-11-01,3,SVM_RBF,Baja,Baja
guayaquil,2013-11-01,3,SVM_RBF,Baja,Baja
loja,2013-11-01,3,SVM_RBF,Baja,Media
machala,2013-11-01,3,SVM_RBF,Baja,Baja
portoviejo,2013-11-01,3,SVM_RBF,Baja,Baja
puyo,2013-11-01,3,SVM_RBF,Alta,Media
quito,2013-11-01,3,SVM_RBF,Media,Alta
riobamba,2013-11-01,3,SVM_RBF,Media,Media
salinas,2013-11-01,3,SVM_RBF,Baja,Baja
tena,2013-11-01,3,SVM_RBF,Alta,Alta
babahoyo,2013-12-01,3,SVM_RBF,Media,Media
cuenca,2013-12-01,3,SVM_RBF,Alta,Media
esmeraldas,2013-12-01,3,SVM_RBF,Baja,Baja
guayaquil,2013-12-01,3,SVM_RBF,Baja,Baja
loja,2013-12-01,3,SVM_RBF,Baja,Media
machala,2013-12-01,3,SVM_RBF,Baja,Baja
portoviejo,2013-12-01,3,SVM_RBF,Baja,Baja
puyo,2013-12-01,3,SVM_RBF,Alta,Alta
quito,2013-12-01,3,SVM_RBF,Media,Alta
riobamba,2013-12-01,3,SVM_RBF,Media,Media
salinas,2013-12-01,3,SVM_RBF,Baja,Baja
tena,2013-12-01,3,SVM_RBF,Alta,Alta
babahoyo,2014-01-01,4,SVM_RBF,Alta,Alta
cuenca,2014-01-01,4,SVM_RBF,Alta,Media
esmeraldas,2014-01-01,4,SVM_RBF,Alta,Alta
guayaquil,2014-01-01,4,SVM_RBF,Alta,Alta
loja,2014-01-01,4,SVM_RBF,Media,Media
machala,2014-01-01,4,SVM_RBF,Media,Media
portoviejo,2014-01-01,4,SVM_RBF,Alta,Alta
puyo,2014-01-01,4,SVM_RBF,Alta,Alta
quito,2014-01-01,4,SVM_RBF,Alta,Alta
riobamba,2014-01-01,4,SVM_RBF,Media,Media
salinas,2014-01-01,4,SVM_RBF,Baja,Baja
tena,2014-01-01,4,SVM_RBF,Alta,Alta
babahoyo,2014-02-01,4,SVM_RBF,Alta,Alta
cuenca,2014-02-01,4,SVM_RBF,Media,Media
esmeraldas,2014-02-01,4,SVM_RBF,Alta,Alta
guayaquil,2014-02-01,4,SVM_RBF,Media,Alta
loja,2014-02-01,4,SVM_RBF,Media,Media
machala,2014-02-01,4,SVM_RBF,Baja,Media
portoviejo,2014-02-01,4,SVM_RBF,Media,Alta
puyo,2014-02-01,4,SVM_RBF,Alta,Alta
quito,2014-02-01,4,SVM_RBF,Alta,Alta
riobamba,2014-02-01,4,SVM_RBF,Media,Media
salinas,2014-02-01,4,SVM_RBF,Baja,Media
tena,2014-02-01,4,SVM_RBF,Alta,Alta
babahoyo,2014-03-01,4,SVM_RBF,Alta,Alta
cuenca,2014-03-01,4,SVM_RBF,Media,Media
esmeraldas,2014-03-01,4,SVM_RBF,Media,Alta
guayaquil,2014-03-01,4,SVM_RBF,Alta,Alta
loja,2014-03-01,4,SVM_RBF,Media,Media
machala,2014-03-01,4,SVM_RBF,Media,Media
portoviejo,2014-03-01,4,SVM_RBF,Media,Alta
puyo,2014-03-01,4,SVM_RBF,Alta,Alta
quito,2014-03-01,4,SVM_RBF,Alta,Alta
riobamba,2014-03-01,4,SVM_RBF,Alta,Media
salinas,2014-03-01,4,SVM_RBF,Baja,Baja
tena,2014-03-01,4,SVM_RBF,Alta,Alta
babahoyo,2014-04-01,4,SVM_RBF,Alta,Alta
cuenca,2014-04-01,4,SVM_RBF,Baja,Media
esmeraldas,2014-04-01,4,SVM_RBF,Alta,Alta
guayaquil,2014-04-01,4,SVM_RBF,Alta,Alta
loja,2014-04-01,4,SVM_RBF,Baja,Media
machala,2014-04-01,4,SVM_RBF,Media,Media
portoviejo,2014-04-01,4,SVM_RBF,Media,Media
puyo,2014-04-01,4,SVM_RBF,Media,Alta
quito,2014-04-01,4,SVM_RBF,Media,Alta
riobamba,2014-04-01,4,SVM_RBF,Media,Media
salinas,2014-04-01,4,SVM_RBF,Baja,Baja
tena,2014-04-01,4,SVM_RBF,Alta,Alta
babahoyo,2014-05-01,4,SVM_RBF,Alta,Alta
cuenca,2014-05-01,4,SVM_RBF,Alta,Baja
esmeraldas,2014-05-01,4,SVM_RBF,Media,Media
guayaquil,2014-05-01,4,SVM_RBF,Alta,Alta
loja,2014-05-01,4,SVM_RBF,Media,Baja
machala,2014-05-01,4,SVM_RBF,Alta,Baja
portoviejo,2014-05-01,4,SVM_RBF,Baja,Media
puyo,2014-05-01,4,SVM_RBF,Alta,Alta
quito,2014-05-01,4,SVM_RBF,Alta,Alta
riobamba,2014-05-01,4,SVM_RBF,Media,Media
salinas,2014-05-01,4,SVM_RBF,Baja,Baja
tena,2014-05-01,4,SVM_RBF,Alta,Alta
babahoyo,2014-06-01,4,SVM_RBF,Alta,Alta
cuenca,2014-06-01,4,SVM_RBF,Baja,Baja
esmeraldas,2014-06-01,4,SVM_RBF,Alta,Baja
guayaquil,2014-06-01,4,SVM_RBF,Media,Alta
loja,2014-06-01,4,SVM_RBF,Media,Baja
machala,2014-06-01,4,SVM_RBF,Baja,Media
portoviejo,2014-06-01,4,SVM_RBF,Baja,Baja
puyo,2014-06-01,4,SVM_RBF,Alta,Alta
quito,2014-06-01,4,SVM_RBF,Media,Media
riobamba,2014-06-01,4,SVM_RBF,Baja,Baja
salinas,2014-06-01,4,SVM_RBF,Baja,Baja
tena,2014-06-01,4,SVM_RBF,Alta,Alta
babahoyo,2014-07-01,4,SVM_RBF,Alta,Media
cuenca,2014-07-01,4,SVM_RBF,Baja,Baja
esmeraldas,2014-07-01,4,SVM_RBF,Media,Media
guayaquil,2014-07-01,4,SVM_RBF,Media,Media
loja,2014-07-01,4,SVM_RBF,Baja,Baja
machala,2014-07-01,4,SVM_RBF,Baja,Baja
portoviejo,2014-07-01,4,SVM_RBF,Baja,Baja
puyo,2014-07-01,4,SVM_RBF,Media,Media
quito,2014-07-01,4,SVM_RBF,Baja,Media
riobamba,2014-07-01,4,SVM_RBF,Baja,Baja
salinas,2014-07-01,4,SVM_RBF,Baja,Baja
tena,2014-07-01,4,SVM_RBF,Alta,Alta
babahoyo,2014-08-01,4,SVM_RBF,Alta,Media
cuenca,2014-08-01,4,SVM_RBF,Baja,Baja
esmeraldas,2014-08-01,4,SVM_RBF,Media,Baja
guayaquil,2014-08-01,4,SVM_RBF,Alta,Media
loja,2014-08-01,4,SVM_RBF,Baja,Baja
machala,2014-08-01,4,SVM_RBF,Baja,Baja
portoviejo,2014-08-01,4,SVM_RBF,Baja,Baja
puyo,2014-08-01,4,SVM_RBF,Media,Media
quito,2014-08-01,4,SVM_RBF,Baja,Media
riobamba,2014-08-01,4,SVM_RBF,Baja,Baja
salinas,2014-08-01,4,SVM_RBF,Baja,Baja
tena,2014-08-01,4,SVM_RBF,Media,Media
babahoyo,2014-09-01,4,SVM_RBF,Alta,Media
cuenca,2014-09-01,4,SVM_RBF,Baja,Baja
esmeraldas,2014-09-01,4,SVM_RBF,Media,Baja
guayaquil,2014-09-01,4,SVM_RBF,Media,Media
loja,2014-09-01,4,SVM_RBF,Baja,Baja
machala,2014-09-01,4,SVM_RBF,Baja,Baja
portoviejo,2014-09-01,4,SVM_RBF,Baja,Baja
puyo,2014-09-01,4,SVM_RBF,Baja,Media
quito,2014-09-01,4,SVM_RBF,Media,Media
riobamba,2014-09-01,4,SVM_RBF,Baja,Baja
salinas,2014-09-01,4,SVM_RBF,Baja,Baja
tena,2014-09-01,4,SVM_RBF,Baja,Media
babahoyo,2014-10-01,4,SVM_RBF,Alta,Media
cuenca,2014-10-01,4,SVM_RBF,Media,Media
esmeraldas,2014-10-01,4,SVM_RBF,Baja,Baja
guayaquil,2014-10-01,4,SVM_RBF,Media,Media
loja,2014-10-01,4,SVM_RBF,Baja,Baja
machala,2014-10-01,4,SVM_RBF,Baja,Baja
portoviejo,2014-10-01,4,SVM_RBF,Baja,Baja
puyo,2014-10-01,4,SVM_RBF,Media,Media
quito,2014-10-01,4,SVM_RBF,Alta,Alta
riobamba,2014-10-01,4,SVM_RBF,Media,Media
salinas,2014-10-01,4,SVM_RBF,Baja,Baja
tena,2014-10-01,4,SVM_RBF,Alta,Media
babahoyo,2014-11-01,4,SVM_RBF,Baja,Alta
cuenca,2014-11-01,4,SVM_RBF,Alta,Media
esmeraldas,2014-11-01,4,SVM_RBF,Baja,Baja
guayaquil,2014-11-01,4,SVM_RBF,Baja,Baja
loja,2014-11-01,4,SVM_RBF,Media,Media
machala,2014-11-01,4,SVM_RBF,Baja,Baja
portoviejo,2014-11-01,4,SVM_RBF,Baja,Baja
puyo,2014-11-01,4,SVM_RBF,Alta,Alta
quito,2014-11-01,4,SVM_RBF,Media,Alta
riobamba,2014-11-01,4,SVM_RBF,Media,Media
salinas,2014-11-01,4,SVM_RBF,Baja,Baja
tena,2014-11-01,4,SVM_RBF,Alta,Alta
babahoyo,2014-12-01,4,SVM_RBF,Alta,Media
cuenca,2014-12-01,4,SVM_RBF,Media,Media
esmeraldas,2014-12-01,4,SVM_RBF,Media,Baja
guayaquil,2014-12-01,4,SVM_RBF,Media,Baja
loja,2014-12-01,4,SVM_RBF,Media,Media
machala,2014-12-01,4,SVM_RBF,Media,Baja
portoviejo,2014-12-01,4,SVM_RBF,Baja,Baja
puyo,2014-12-01,4,SVM_RBF,Media,Alta
quito,2014-12-01,4,SVM_RBF,Alta,Alta
riobamba,2014-12-01,4,SVM_RBF,Media,Media
salinas,2014-12-01,4,SVM_RBF,Baja,Baja
tena,2014-12-01,4,SVM_RBF,Alta,Alta
babahoyo,2015-01-01,4,SVM_RBF,Alta,Alta
cuenca,2015-01-01,4,SVM_RBF,Alta,Media
esmeraldas,2015-01-01,4,SVM_RBF,Alta,Alta
guayaquil,2015-01-01,4,SVM_RBF,Alta,Alta
loja,2015-01-01,4,SVM_RBF,Media,Media
machala,2015-01-01,4,SVM_RBF,Alta,Media
portoviejo,2015-01-01,4,SVM_RBF,Media,Alta
puyo,2015-01-01,4,SVM_RBF,Media,Alta
quito,2015-01-01,4,SVM_RBF,Alta,Alta
riobamba,2015-01-01,4,SVM_RBF,Media,Media
salinas,2015-01-01,4,SVM_RBF,Baja,Baja
tena,2015-01-01,4,SVM_RBF,Alta,Alta
babahoyo,2015-02-01,4,SVM_RBF,Alta,Alta
cuenca,2015-02-01,4,SVM_RBF,Media,Media
esmeraldas,2015-02-01,4,SVM_RBF,Media,Alta
guayaquil,2015-02-01,4,SVM_RBF,Alta,Alta
loja,2015-02-01,4,SVM_RBF,Baja,Media
machala,2015-02-01,4,SVM_RBF,Media,Alta
portoviejo,2015-02-01,4,SVM_RBF,Baja,Alta
puyo,2015-02-01,4,SVM_RBF,Alta,Media
quito,2015-02-01,4,SVM_RBF,Media,Alta
riobamba,2015-02-01,4,SVM_RBF,Baja,Media
salinas,2015-02-01,4,SVM_RBF,Baja,Baja
tena,2015-02-01,4,SVM_RBF,Alta,Alta
babahoyo,2015-03-01,4,SVM_RBF,Alta,Alta
cuenca,2015-03-01,4,SVM_RBF,Alta,Media
esmeraldas,2015-03-01,4,SVM_RBF,Media,Alta
guayaquil,2015-03-01,4,SVM_RBF,Alta,Alta
loja,2015-03-01,4,SVM_RBF,Alta,Media
machala,2015-03-01,4,SVM_RBF,Alta,Media
portoviejo,2015-03-01,4,SVM_RBF,Alta,Media
puyo,2015-03-01,4,SVM_RBF,Alta,Alta
quito,2015-03-01,4,SVM_RBF,Alta,Alta
riobamba,2015-03-01,4,SVM_RBF,Alta,Media
salinas,2015-03-01,4,SVM_RBF,Media,Baja
tena,2015-03-01,4,SVM_RBF,Alta,Alta
babahoyo,2015-04-01,4,SVM_RBF,Alta,Alta
cuenca,2015-04-01,4,SVM_RBF,Media,Media
esmeraldas,2015-04-01,4,SVM_RBF,Alta,Alta
guayaquil,2015-04-01,4,SVM_RBF,Alta,Alta
loja,2015-04-01,4,SVM_RBF,Media,Media
machala,2015-04-01,4,SVM_RBF,Alta,Alta
portoviejo,2015-04-01,4,SVM_RBF,Media,Media
puyo,2015-04-01,4,SVM_RBF,Media,Media
quito,2015-04-01,4,SVM_RBF,Media,Alta
riobamba,2015-04-01,4,SVM_RBF,Alta,Media
salinas,2015-04-01,4,SVM_RBF,Baja,Baja
tena,2015-04-01,4,SVM_RBF,Media,Alta
babahoyo,2015-05-01,4,SVM_RBF,Alta,Alta
cuenca,2015-05-01,4,SVM_RBF,Baja,Media
esmeraldas,2015-05-01,4,SVM_RBF,Alta,Media
guayaquil,2015-05-01,4,SVM_RBF,Alta,Alta
loja,2015-05-01,4,SVM_RBF,Baja,Media
machala,2015-05-01,4,SVM_RBF,Alta,Alta
portoviejo,2015-05-01,4,SVM_RBF,Media,Media
puyo,2015-05-01,4,SVM_RBF,Media,Alta
quito,2015-05-01,4,SVM_RBF,Media,Alta
riobamba,2015-05-01,4,SVM_RBF,Baja,Media
salinas,2015-05-01,4,SVM_RBF,Baja,Baja
tena,2015-05-01,4,SVM_RBF,Alta,Alta
babahoyo,2015-06-01,4,SVM_RBF,Alta,Alta
cuenca,2015-06-01,4,SVM_RBF,Baja,Baja
esmeraldas,2015-06-01,4,SVM_RBF,Alta,Alta
guayaquil,2015-06-01,4,SVM_RBF,Alta,Alta
loja,2015-06-01,4,SVM_RBF,Baja,Baja
machala,2015-06-01,4,SVM_RBF,Baja,Alta
portoviejo,2015-06-01,4,SVM_RBF,Media,Baja
puyo,2015-06-01,4,SVM_RBF,Media,Media
quito,2015-06-01,4,SVM_RBF,Media,Media
riobamba,2015-06-01,4,SVM_RBF,Baja,Baja
salinas,2015-06-01,4,SVM_RBF,Baja,Baja
tena,2015-06-01,4,SVM_RBF,Alta,Alta
babahoyo,2015-07-01,4,SVM_RBF,Alta,Alta
cuenca,2015-07-01,4,SVM_RBF,Baja,Baja
esmeraldas,2015-07-01,4,SVM_RBF,Media,Media
guayaquil,2015-07-01,4,SVM_RBF,Alta,Media
loja,2015-07-01,4,SVM_RBF,Baja,Baja
machala,2015-07-01,4,SVM_RBF,Baja,Baja
portoviejo,2015-07-01,4,SVM_RBF,Baja,Baja
puyo,2015-07-01,4,SVM_RBF,Baja,Media
quito,2015-07-01,4,SVM_RBF,Media,Media
riobamba,2015-07-01,4,SVM_RBF,Baja,Baja
salinas,2015-07-01,4,SVM_RBF,Baja,Baja
tena,2015-07-01,4,SVM_RBF,Alta,Alta
babahoyo,2015-08-01,4,SVM_RBF,Baja,Alta
cuenca,2015-08-01,4,SVM_RBF,Baja,Baja
esmeraldas,2015-08-01,4,SVM_RBF,Media,Media
guayaquil,2015-08-01,4,SVM_RBF,Baja,Media
loja,2015-08-01,4,SVM_RBF,Baja,Baja
machala,2015-08-01,4,SVM_RBF,Baja,Baja
portoviejo,2015-08-01,4,SVM_RBF,Baja,Baja
puyo,2015-08-01,4,SVM_RBF,Baja,Media
quito,2015-08-01,4,SVM_RBF,Baja,Media
riobamba,2015-08-01,4,SVM_RBF,Baja,Baja
salinas,2015-08-01,4,SVM_RBF,Baja,Baja
tena,2015-08-01,4,SVM_RBF,Media,Media
babahoyo,2015-09-01,4,SVM_RBF,Media,Media
cuenca,2015-09-01,4,SVM_RBF,Baja,Baja
esmeraldas,2015-09-01,4,SVM_RBF,Baja,Baja
guayaquil,2015-09-01,4,SVM_RBF,Baja,Media
loja,2015-09-01,4,SVM_RBF,Baja,Baja
machala,2015-09-01,4,SVM_RBF,Baja,Baja
portoviejo,2015-09-01,4,SVM_RBF,Baja,Baja
puyo,2015-09-01,4,SVM_RBF,Baja,Baja
quito,2015-09-01,4,SVM_RBF,Media,Media
riobamba,2015-09-01,4,SVM_RBF,Baja,Baja
salinas,2015-09-01,4,SVM_RBF,Baja,Baja
tena,2015-09-01,4,SVM_RBF,Baja,Media
babahoyo,2015-10-01,4,SVM_RBF,Alta,Media
cuenca,2015-10-01,4,SVM_RBF,Media,Media
esmeraldas,2015-10-01,4,SVM_RBF,Alta,Baja
guayaquil,2015-10-01,4,SVM_RBF,Media,Baja
loja,2015-10-01,4,SVM_RBF,Baja,Baja
machala,2015-10-01,4,SVM_RBF,Baja,Baja
portoviejo,2015-10-01,4,SVM_RBF,Baja,Baja
puyo,2015-10-01,4,SVM_RBF,Media,Media
quito,2015-10-01,4,SVM_RBF,Alta,Alta
riobamba,2015-10-01,4,SVM_RBF,Media,Media
salinas,2015-10-01,4,SVM_RBF,Baja,Baja
tena,2015-10-01,4,SVM_RBF,Alta,Alta
babahoyo,2015-11-01,4,SVM_RBF,Alta,Alta
cuenca,2015-11-01,4,SVM_RBF,Baja,Media
esmeraldas,2015-11-01,4,SVM_RBF,Alta,Alta
guayaquil,2015-11-01,4,SVM_RBF,Media,Baja
loja,2015-11-01,4,SVM_RBF,Media,Media
machala,2015-11-01,4,SVM_RBF,Alta,Baja
portoviejo,2015-11-01,4,SVM_RBF,Baja,Baja
puyo,2015-11-01,4,SVM_RBF,Alta,Alta
quito,2015-11-01,4,SVM_RBF,Alta,Alta
riobamba,2015-11-01,4,SVM_RBF,Media,Media
salinas,2015-11-01,4,SVM_RBF,Baja,Baja
tena,2015-11-01,4,SVM_RBF,Alta,Alta
babahoyo,2015-12-01,4,SVM_RBF,Alta,Alta
cuenca,2015-12-01,4,SVM_RBF,Baja,Media
esmeraldas,2015-12-01,4,SVM_RBF,Alta,Alta
guayaquil,2015-12-01,4,SVM_RBF,Alta,Media
loja,2015-12-01,4,SVM_RBF,Baja,Media
machala,2015-12-01,4,SVM_RBF,Media,Media
portoviejo,2015-12-01,4,SVM_RBF,Media,Baja
puyo,2015-12-01,4,SVM_RBF,Alta,Alta
quito,2015-12-01,4,SVM_RBF,Media,Alta
riobamba,2015-12-01,4,SVM_RBF,Media,Media
salinas,2015-12-01,4,SVM_RBF,Baja,Baja
tena,2015-12-01,4,SVM_RBF,Alta,Alta
babahoyo,2016-01-01,4,SVM_RBF,Alta,Alta
cuenca,2016-01-01,4,SVM_RBF,Media,Media
esmeraldas,2016-01-01,4,SVM_RBF,Alta,Alta
guayaquil,2016-01-01,4,SVM_RBF,Alta,Alta
loja,2016-01-01,4,SVM_RBF,Alta,Media
machala,2016-01-01,4,SVM_RBF,Alta,Alta
portoviejo,2016-01-01,4,SVM_RBF,Alta,Media
puyo,2016-01-01,4,SVM_RBF,Media,Alta
quito,2016-01-01,4,SVM_RBF,Alta,Alta
riobamba,2016-01-01,4,SVM_RBF,Media,Media
salinas,2016-01-01,4,SVM_RBF,Baja,Baja
tena,2016-01-01,4,SVM_RBF,Media,Alta
babahoyo,2016-02-01,4,SVM_RBF,Alta,Alta
cuenca,2016-02-01,4,SVM_RBF,Media,Media
esmeraldas,2016-02-01,4,SVM_RBF,Alta,Alta
guayaquil,2016-02-01,4,SVM_RBF,Alta,Alta
loja,2016-02-01,4,SVM_RBF,Media,Media
machala,2016-02-01,4,SVM_RBF,Alta,Alta
portoviejo,2016-02-01,4,SVM_RBF,Alta,Alta
puyo,2016-02-01,4,SVM_RBF,Alta,Media
quito,2016-02-01,4,SVM_RBF,Alta,Alta
riobamba,2016-02-01,4,SVM_RBF,Media,Media
salinas,2016-02-01,4,SVM_RBF,Media,Baja
tena,2016-02-01,4,SVM_RBF,Alta,Alta
babahoyo,2016-03-01,4,SVM_RBF,Alta,Alta
cuenca,2016-03-01,4,SVM_RBF,Media,Media
esmeraldas,2016-03-01,4,SVM_RBF,Alta,Alta
guayaquil,2016-03-01,4,SVM_RBF,Alta,Alta
loja,2016-03-01,4,SVM_RBF,Alta,Media
machala,2016-03-01,4,SVM_RBF,Alta,Alta
portoviejo,2016-03-01,4,SVM_RBF,Alta,Alta
puyo,2016-03-01,4,SVM_RBF,Media,Alta
quito,2016-03-01,4,SVM_RBF,Alta,Alta
riobamba,2016-03-01,4,SVM_RBF,Media,Media
salinas,2016-03-01,4,SVM_RBF,Alta,Media
tena,2016-03-01,4,SVM_RBF,Alta,Alta
babahoyo,2016-04-01,4,SVM_RBF,Alta,Alta
cuenca,2016-04-01,4,SVM_RBF,Alta,Media
esmeraldas,2016-04-01,4,SVM_RBF,Alta,Alta
guayaquil,2016-04-01,4,SVM_RBF,Alta,Alta
loja,2016-04-01,4,SVM_RBF,Media,Media
machala,2016-04-01,4,SVM_RBF,Alta,Alta
portoviejo,2016-04-01,4,SVM_RBF,Alta,Alta
puyo,2016-04-01,4,SVM_RBF,Alta,Alta
quito,2016-04-01,4,SVM_RBF,Alta,Alta
riobamba,2016-04-01,4,SVM_RBF,Media,Media
salinas,2016-04-01,4,SVM_RBF,Baja,Baja
tena,2016-04-01,4,SVM_RBF,Alta,Alta
babahoyo,2016-05-01,4,SVM_RBF,Alta,Alta
cuenca,2016-05-01,4,SVM_RBF,Baja,Baja
esmeraldas,2016-05-01,4,SVM_RBF,Alta,Alta
guayaquil,2016-05-01,4,SVM_RBF,Alta,Alta
loja,2016-05-01,4,SVM_RBF,Baja,Media
machala,2016-05-01,4,SVM_RBF,Media,Alta
portoviejo,2016-05-01,4,SVM_RBF,Baja,Media
puyo,2016-05-01,4,SVM_RBF,Media,Alta
quito,2016-05-01,4,SVM_RBF,Alta,Alta
riobamba,2016-05-01,4,SVM_RBF,Baja,Media
salinas,2016-05-01,4,SVM_RBF,Baja,Baja
tena,2016-05-01,4,SVM_RBF,Alta,Alta
babahoyo,2016-06-01,4,SVM_RBF,Baja,Alta
cuenca,2016-06-01,4,SVM_RBF,Baja,Baja
esmeraldas,2016-06-01,4,SVM_RBF,Media,Alta
guayaquil,2016-06-01,4,SVM_RBF,Baja,Alta
loja,2016-06-01,4,SVM_RBF,Baja,Baja
machala,2016-06-01,4,SVM_RBF,Baja,Baja
portoviejo,2016-06-01,4,SVM_RBF,Baja,Baja
puyo,2016-06-01,4,SVM_RBF,Alta,Media
quito,2016-06-01,4,SVM_RBF,Media,Media
riobamba,2016-06-01,4,SVM_RBF,Media,Baja
salinas,2016-06-01,4,SVM_RBF,Baja,Baja
tena,2016-06-01,4,SVM_RBF,Alta,Alta
babahoyo,2016-07-01,4,SVM_RBF,Media,Media
cuenca,2016-07-01,4,SVM_RBF,Baja,Baja
esmeraldas,2016-07-01,4,SVM_RBF,Baja,Baja
guayaquil,2016-07-01,4,SVM_RBF,Media,Media
loja,2016-07-01,4,SVM_RBF,Baja,Baja
machala,2016-07-01,4,SVM_RBF,Baja,Baja
portoviejo,2016-07-01,4,SVM_RBF,Baja,Baja
puyo,2016-07-01,4,SVM_RBF,Media,Alta
quito,2016-07-01,4,SVM_RBF,Media,Media
riobamba,2016-07-01,4,SVM_RBF,Baja,Baja
salinas,2016-07-01,4,SVM_RBF,Baja,Baja
tena,2016-07-01,4,SVM_RBF,Alta,Alta
babahoyo,2016-08-01,4,SVM_RBF,Media,Media
cuenca,2016-08-01,4,SVM_RBF,Baja,Baja
esmeraldas,2016-08-01,4,SVM_RBF,Baja,Baja
guayaquil,2016-08-01,4,SVM_RBF,Baja,Media
loja,2016-08-01,4,SVM_RBF,Baja,Baja
machala,2016-08-01,4,SVM_RBF,Baja,Baja
portoviejo,2016-08-01,4,SVM_RBF,Baja,Baja
puyo,2016-08-01,4,SVM_RBF,Baja,Media
quito,2016-08-01,4,SVM_RBF,Baja,Media
riobamba,2016-08-01,4,SVM_RBF,Baja,Baja
salinas,2016-08-01,4,SVM_RBF,Baja,Baja
tena,2016-08-01,4,SVM_RBF,Media,Media
babahoyo,2016-09-01,4,SVM_RBF,Alta,Media
cuenca,2016-09-01,4,SVM_RBF,Baja,Baja
esmeraldas,2016-09-01,4,SVM_RBF,Media,Baja
guayaquil,2016-09-01,4,SVM_RBF,Media,Baja
loja,2016-09-01,4,SVM_RBF,Baja,Baja
machala,2016-09-01,4,SVM_RBF,Baja,Baja
portoviejo,2016-09-01,4,SVM_RBF,Baja,Baja
puyo,2016-09-01,4,SVM_RBF,Media,Media
quito,2016-09-01,4,SVM_RBF,Media,Media
riobamba,2016-09-01,4,SVM_RBF,Baja,Baja
salinas,2016-09-01,4,SVM_RBF,Baja,Baja
tena,2016-09-01,4,SVM_RBF,Media,Media
babahoyo,2016-10-01,4,SVM_RBF,Media,Media
cuenca,2016-10-01,4,SVM_RBF,Media,Media
esmeraldas,2016-10-01,4,SVM_RBF,Baja,Baja
guayaquil,2016-10-01,4,SVM_RBF,Baja,Media
loja,2016-10-01,4,SVM_RBF,Baja,Baja
machala,2016-10-01,4,SVM_RBF,Baja,Baja
portoviejo,2016-10-01,4,SVM_RBF,Baja,Baja
puyo,2016-10-01,4,SVM_RBF,Alta,Media
quito,2016-10-01,4,SVM_RBF,Alta,Alta
riobamba,2016-10-01,4,SVM_RBF,Media,Media
salinas,2016-10-01,4,SVM_RBF,Baja,Baja
tena,2016-10-01,4,SVM_RBF,Alta,Alta
babahoyo,2016-11-01,4,SVM_RBF,Media,Media
cuenca,2016-11-01,4,SVM_RBF,Media,Media
esmeraldas,2016-11-01,4,SVM_RBF,Baja,Alta
guayaquil,2016-11-01,4,SVM_RBF,Baja,Baja
loja,2016-11-01,4,SVM_RBF,Baja,Media
machala,2016-11-01,4,SVM_RBF,Baja,Baja
portoviejo,2016-11-01,4,SVM_RBF,Baja,Baja
puyo,2016-11-01,4,SVM_RBF,Alta,Alta
quito,2016-11-01,4,SVM_RBF,Alta,Alta
riobamba,2016-11-01,4,SVM_RBF,Baja,Media
salinas,2016-11-01,4,SVM_RBF,Baja,Baja
tena,2016-11-01,4,SVM_RBF,Alta,Alta
babahoyo,2016-12-01,4,SVM_RBF,Media,Alta
cuenca,2016-12-01,4,SVM_RBF,Media,Media
esmeraldas,2016-12-01,4,SVM_RBF,Baja,Alta
guayaquil,2016-12-01,4,SVM_RBF,Baja,Alta
loja,2016-12-01,4,SVM_RBF,Media,Media
machala,2016-12-01,4,SVM_RBF,Baja,Baja
portoviejo,2016-12-01,4,SVM_RBF,Baja,Baja
puyo,2016-12-01,4,SVM_RBF,Alta,Alta
quito,2016-12-01,4,SVM_RBF,Alta,Alta
riobamba,2016-12-01,4,SVM_RBF,Media,Media
salinas,2016-12-01,4,SVM_RBF,Baja,Baja
tena,2016-12-01,4,SVM_RBF,Alta,Alta
babahoyo,2017-01-01,4,SVM_RBF,Alta,Alta
cuenca,2017-01-01,4,SVM_RBF,Media,Media
esmeraldas,2017-01-01,4,SVM_RBF,Alta,Alta
guayaquil,2017-01-01,4,SVM_RBF,Alta,Alta
loja,2017-01-01,4,SVM_RBF,Alta,Media
machala,2017-01-01,4,SVM_RBF,Alta,Media
portoviejo,2017-01-01,4,SVM_RBF,Media,Alta
puyo,2017-01-01,4,SVM_RBF,Alta,Alta
quito,2017-01-01,4,SVM_RBF,Alta,Alta
riobamba,2017-01-01,4,SVM_RBF,Alta,Media
salinas,2017-01-01,4,SVM_RBF,Baja,Baja
tena,2017-01-01,4,SVM_RBF,Alta,Alta
babahoyo,2017-02-01,4,SVM_RBF,Alta,Alta
cuenca,2017-02-01,4,SVM_RBF,Alta,Media
esmeraldas,2017-02-01,4,SVM_RBF,Alta,Alta
guayaquil,2017-02-01,4,SVM_RBF,Alta,Alta
loja,2017-02-01,4,SVM_RBF,Alta,Media
machala,2017-02-01,4,SVM_RBF,Alta,Alta
portoviejo,2017-02-01,4,SVM_RBF,Alta,Alta
puyo,2017-02-01,4,SVM_RBF,Alta,Alta
quito,2017-02-01,4,SVM_RBF,Alta,Alta
riobamba,2017-02-01,4,SVM_RBF,Media,Media
salinas,2017-02-01,4,SVM_RBF,Media,Media
tena,2017-02-01,4,SVM_RBF,Alta,Alta
babahoyo,2017-03-01,4,SVM_RBF,Alta,Alta
cuenca,2017-03-01,4,SVM_RBF,Alta,Media
esmeraldas,2017-03-01,4,SVM_RBF,Media,Alta
guayaquil,2017-03-01,4,SVM_RBF,Alta,Alta
loja,2017-03-01,4,SVM_RBF,Alta,Media
machala,2017-03-01,4,SVM_RBF,Alta,Alta
portoviejo,2017-03-01,4,SVM_RBF,Alta,Alta
puyo,2017-03-01,4,SVM_RBF,Alta,Alta
quito,2017-03-01,4,SVM_RBF,Alta,Alta
riobamba,2017-03-01,4,SVM_RBF,Alta,Media
salinas,2017-03-01,4,SVM_RBF,Alta,Media
tena,2017-03-01,4,SVM_RBF,Alta,Alta
babahoyo,2017-04-01,4,SVM_RBF,Alta,Alta
cuenca,2017-04-01,4,SVM_RBF,Media,Media
esmeraldas,2017-04-01,4,SVM_RBF,Alta,Alta
guayaquil,2017-04-01,4,SVM_RBF,Alta,Alta
loja,2017-04-01,4,SVM_RBF,Alta,Media
machala,2017-04-01,4,SVM_RBF,Alta,Alta
portoviejo,2017-04-01,4,SVM_RBF,Alta,Alta
puyo,2017-04-01,4,SVM_RBF,Alta,Alta
quito,2017-04-01,4,SVM_RBF,Alta,Alta
riobamba,2017-04-01,4,SVM_RBF,Media,Media
salinas,2017-04-01,4,SVM_RBF,Alta,Alta
tena,2017-04-01,4,SVM_RBF,Alta,Alta
babahoyo,2017-05-01,4,SVM_RBF,Alta,Alta
cuenca,2017-05-01,4,SVM_RBF,Baja,Baja
esmeraldas,2017-05-01,4,SVM_RBF,Media,Alta
guayaquil,2017-05-01,4,SVM_RBF,Alta,Alta
loja,2017-05-01,4,SVM_RBF,Media,Media
machala,2017-05-01,4,SVM_RBF,Media,Alta
portoviejo,2017-05-01,4,SVM_RBF,Media,Media
puyo,2017-05-01,4,SVM_RBF,Alta,Alta
quito,2017-05-01,4,SVM_RBF,Alta,Alta
riobamba,2017-05-01,4,SVM_RBF,Media,Media
salinas,2017-05-01,4,SVM_RBF,Baja,Baja
tena,2017-05-01,4,SVM_RBF,Alta,Alta
babahoyo,2017-06-01,4,SVM_RBF,Alta,Alta
cuenca,2017-06-01,4,SVM_RBF,Baja,Baja
esmeraldas,2017-06-01,4,SVM_RBF,Baja,Media
guayaquil,2017-06-01,4,SVM_RBF,Alta,Alta
loja,2017-06-01,4,SVM_RBF,Media,Baja
machala,2017-06-01,4,SVM_RBF,Baja,Media
portoviejo,2017-06-01,4,SVM_RBF,Baja,Baja
puyo,2017-06-01,4,SVM_RBF,Alta,Alta
quito,2017-06-01,4,SVM_RBF,Media,Media
riobamba,2017-06-01,4,SVM_RBF,Baja,Baja
salinas,2017-06-01,4,SVM_RBF,Baja,Baja
tena,2017-06-01,4,SVM_RBF,Alta,Alta
babahoyo,2017-07-01,4,SVM_RBF,Media,Media
cuenca,2017-07-01,4,SVM_RBF,Media,Baja
esmeraldas,2017-07-01,4,SVM_RBF,Baja,Baja
guayaquil,2017-07-01,4,SVM_RBF,Baja,Media
loja,2017-07-01,4,SVM_RBF,Baja,Baja
machala,2017-07-01,4,SVM_RBF,Baja,Baja
portoviejo,2017-07-01,4,SVM_RBF,Baja,Baja
puyo,2017-07-01,4,SVM_RBF,Alta,Media
quito,2017-07-01,4,SVM_RBF,Media,Media
riobamba,2017-07-01,4,SVM_RBF,Baja,Baja
salinas,2017-07-01,4,SVM_RBF,Baja,Baja
tena,2017-07-01,4,SVM_RBF,Alta,Alta
babahoyo,2017-08-01,4,SVM_RBF,Media,Media
cuenca,2017-08-01,4,SVM_RBF,Baja,Baja
esmeraldas,2017-08-01,4,SVM_RBF,Media,Baja
guayaquil,2017-08-01,4,SVM_RBF,Baja,Baja
loja,2017-08-01,4,SVM_RBF,Baja,Baja
machala,2017-08-01,4,SVM_RBF,Baja,Baja
portoviejo,2017-08-01,4,SVM_RBF,Baja,Baja
puyo,2017-08-01,4,SVM_RBF,Media,Media
quito,2017-08-01,4,SVM_RBF,Alta,Media
riobamba,2017-08-01,4,SVM_RBF,Baja,Baja
salinas,2017-08-01,4,SVM_RBF,Baja,Baja
tena,2017-08-01,4,SVM_RBF,Media,Media
babahoyo,2017-09-01,4,SVM_RBF,Alta,Media
cuenca,2017-09-01,4,SVM_RBF,Baja,Baja
esmeraldas,2017-09-01,4,SVM_RBF,Baja,Baja
guayaquil,2017-09-01,4,SVM_RBF,Media,Baja
loja,2017-09-01,4,SVM_RBF,Baja,Baja
machala,2017-09-01,4,SVM_RBF,Baja,Baja
portoviejo,2017-09-01,4,SVM_RBF,Baja,Baja
puyo,2017-09-01,4,SVM_RBF,Baja,Media
quito,2017-09-01,4,SVM_RBF,Media,Media
riobamba,2017-09-01,4,SVM_RBF,Baja,Baja
salinas,2017-09-01,4,SVM_RBF,Baja,Baja
tena,2017-09-01,4,SVM_RBF,Alta,Media
babahoyo,2017-10-01,4,SVM_RBF,Alta,Media
cuenca,2017-10-01,4,SVM_RBF,Baja,Media
esmeraldas,2017-10-01,4,SVM_RBF,Baja,Baja
guayaquil,2017-10-01,4,SVM_RBF,Baja,Baja
loja,2017-10-01,4,SVM_RBF,Baja,Media
machala,2017-10-01,4,SVM_RBF,Baja,Baja
portoviejo,2017-10-01,4,SVM_RBF,Baja,Baja
puyo,2017-10-01,4,SVM_RBF,Media,Alta
quito,2017-10-01,4,SVM_RBF,Alta,Alta
riobamba,2017-10-01,4,SVM_RBF,Media,Media
salinas,2017-10-01,4,SVM_RBF,Baja,Baja
tena,2017-10-01,4,SVM_RBF,Alta,Alta
babahoyo,2017-11-01,4,SVM_RBF,Media,Alta
cuenca,2017-11-01,4,SVM_RBF,Media,Media
esmeraldas,2017-11-01,4,SVM_RBF,Baja,Baja
guayaquil,2017-11-01,4,SVM_RBF,Baja,Baja
loja,2017-11-01,4,SVM_RBF,Baja,Media
machala,2017-11-01,4,SVM_RBF,Baja,Baja
portoviejo,2017-11-01,4,SVM_RBF,Baja,Baja
puyo,2017-11-01,4,SVM_RBF,Alta,Alta
quito,2017-11-01,4,SVM_RBF,Alta,Alta
riobamba,2017-11-01,4,SVM_RBF,Media,Media
salinas,2017-11-01,4,SVM_RBF,Baja,Baja
tena,2017-11-01,4,SVM_RBF,Alta,Alta
babahoyo,2017-12-01,4,SVM_RBF,Media,Media
cuenca,2017-12-01,4,SVM_RBF,Alta,Media
esmeraldas,2017-12-01,4,SVM_RBF,Baja,Baja
guayaquil,2017-12-01,4,SVM_RBF,Media,Baja
loja,2017-12-01,4,SVM_RBF,Alta,Media
machala,2017-12-01,4,SVM_RBF,Baja,Baja
portoviejo,2017-12-01,4,SVM_RBF,Baja,Baja
puyo,2017-12-01,4,SVM_RBF,Alta,Alta
quito,2017-12-01,4,SVM_RBF,Alta,Alta
riobamba,2017-12-01,4,SVM_RBF,Media,Media
salinas,2017-12-01,4,SVM_RBF,Baja,Baja
tena,2017-12-01,4,SVM_RBF,Alta,Alta
babahoyo,2005-01-01,1,MLP,Alta,Alta
cuenca,2005-01-01,1,MLP,Baja,Media
esmeraldas,2005-01-01,1,MLP,Alta,Media
guayaquil,2005-01-01,1,MLP,Media,Baja
loja,2005-01-01,1,MLP,Baja,Media
machala,2005-01-01,1,MLP,Media,Baja
portoviejo,2005-01-01,1,MLP,Baja,Baja
puyo,2005-01-01,1,MLP,Media,Media
quito,2005-01-01,1,MLP,Media,Alta
riobamba,2005-01-01,1,MLP,Baja,Media
salinas,2005-01-01,1,MLP,Baja,Baja
tena,2005-01-01,1,MLP,Alta,Alta
babahoyo,2005-02-01,1,MLP,Alta,Alta
cuenca,2005-02-01,1,MLP,Alta,Media
esmeraldas,2005-02-01,1,MLP,Alta,Alta
guayaquil,2005-02-01,1,MLP,Media,Alta
loja,2005-02-01,1,MLP,Alta,Media
machala,2005-02-01,1,MLP,Media,Alta
portoviejo,2005-02-01,1,MLP,Alta,Alta
puyo,2005-02-01,1,MLP,Alta,Media
quito,2005-02-01,1,MLP,Alta,Media
riobamba,2005-02-01,1,MLP,Alta,Media
salinas,2005-02-01,1,MLP,Baja,Baja
tena,2005-02-01,1,MLP,Alta,Media
babahoyo,2005-03-01,1,MLP,Alta,Alta
cuenca,2005-03-01,1,MLP,Media,Media
esmeraldas,2005-03-01,1,MLP,Alta,Alta
guayaquil,2005-03-01,1,MLP,Alta,Alta
loja,2005-03-01,1,MLP,Alta,Media
machala,2005-03-01,1,MLP,Media,Media
portoviejo,2005-03-01,1,MLP,Media,Media
puyo,2005-03-01,1,MLP,Baja,Media
quito,2005-03-01,1,MLP,Alta,Media
riobamba,2005-03-01,1,MLP,Media,Media
salinas,2005-03-01,1,MLP,Baja,Baja
tena,2005-03-01,1,MLP,Media,Alta
babahoyo,2005-04-01,1,MLP,Alta,Alta
cuenca,2005-04-01,1,MLP,Media,Media
esmeraldas,2005-04-01,1,MLP,Alta,Media
guayaquil,2005-04-01,1,MLP,Alta,Alta
loja,2005-04-01,1,MLP,Media,Media
machala,2005-04-01,1,MLP,Media,Media
portoviejo,2005-04-01,1,MLP,Media,Media
puyo,2005-04-01,1,MLP,Alta,Media
quito,2005-04-01,1,MLP,Media,Alta
riobamba,2005-04-01,1,MLP,Alta,Media
salinas,2005-04-01,1,MLP,Baja,Baja
tena,2005-04-01,1,MLP,Alta,Alta
babahoyo,2005-05-01,1,MLP,Media,Alta
cuenca,2005-05-01,1,MLP,Media,Baja
esmeraldas,2005-05-01,1,MLP,Alta,Alta
guayaquil,2005-05-01,1,MLP,Baja,Alta
loja,2005-05-01,1,MLP,Media,Media
machala,2005-05-01,1,MLP,Media,Media
portoviejo,2005-05-01,1,MLP,Baja,Media
puyo,2005-05-01,1,MLP,Media,Alta
quito,2005-05-01,1,MLP,Media,Alta
riobamba,2005-05-01,1,MLP,Media,Media
salinas,2005-05-01,1,MLP,Baja,Baja
tena,2005-05-01,1,MLP,Alta,Alta
babahoyo,2005-06-01,1,MLP,Alta,Media
cuenca,2005-06-01,1,MLP,Baja,Baja
esmeraldas,2005-06-01,1,MLP,Media,Baja
guayaquil,2005-06-01,1,MLP,Media,Baja
loja,2005-06-01,1,MLP,Baja,Baja
machala,2005-06-01,1,MLP,Baja,Baja
portoviejo,2005-06-01,1,MLP,Baja,Baja
puyo,2005-06-01,1,MLP,Media,Alta
quito,2005-06-01,1,MLP,Media,Media
riobamba,2005-06-01,1,MLP,Baja,Baja
salinas,2005-06-01,1,MLP,Baja,Baja
tena,2005-06-01,1,MLP,Alta,Alta
babahoyo,2005-07-01,1,MLP,Baja,Alta
cuenca,2005-07-01,1,MLP,Baja,Baja
esmeraldas,2005-07-01,1,MLP,Baja,Baja
guayaquil,2005-07-01,1,MLP,Media,Media
loja,2005-07-01,1,MLP,Baja,Baja
machala,2005-07-01,1,MLP,Baja,Baja
portoviejo,2005-07-01,1,MLP,Baja,Baja
puyo,2005-07-01,1,MLP,Media,Media
quito,2005-07-01,1,MLP,Baja,Media
riobamba,2005-07-01,1,MLP,Baja,Baja
salinas,2005-07-01,1,MLP,Baja,Baja
tena,2005-07-01,1,MLP,Alta,Alta
babahoyo,2005-08-01,1,MLP,Baja,Media
cuenca,2005-08-01,1,MLP,Baja,Baja
esmeraldas,2005-08-01,1,MLP,Baja,Baja
guayaquil,2005-08-01,1,MLP,Baja,Baja
loja,2005-08-01,1,MLP,Baja,Baja
machala,2005-08-01,1,MLP,Baja,Baja
portoviejo,2005-08-01,1,MLP,Baja,Baja
puyo,2005-08-01,1,MLP,Media,Media
quito,2005-08-01,1,MLP,Media,Baja
riobamba,2005-08-01,1,MLP,Baja,Baja
salinas,2005-08-01,1,MLP,Baja,Baja
tena,2005-08-01,1,MLP,Alta,Alta
babahoyo,2005-09-01,1,MLP,Baja,Alta
cuenca,2005-09-01,1,MLP,Baja,Baja
esmeraldas,2005-09-01,1,MLP,Media,Baja
guayaquil,2005-09-01,1,MLP,Baja,Baja
loja,2005-09-01,1,MLP,Baja,Baja
machala,2005-09-01,1,MLP,Baja,Baja
portoviejo,2005-09-01,1,MLP,Baja,Baja
puyo,2005-09-01,1,MLP,Baja,Baja
quito,2005-09-01,1,MLP,Alta,Media
riobamba,2005-09-01,1,MLP,Baja,Baja
salinas,2005-09-01,1,MLP,Baja,Baja
tena,2005-09-01,1,MLP,Media,Alta
babahoyo,2005-10-01,1,MLP,Media,Media
cuenca,2005-10-01,1,MLP,Media,Baja
esmeraldas,2005-10-01,1,MLP,Baja,Baja
guayaquil,2005-10-01,1,MLP,Baja,Baja
loja,2005-10-01,1,MLP,Baja,Media
machala,2005-10-01,1,MLP,Baja,Baja
portoviejo,2005-10-01,1,MLP,Baja,Baja
puyo,2005-10-01,1,MLP,Media,Baja
quito,2005-10-01,1,MLP,Alta,Alta
riobamba,2005-10-01,1,MLP,Media,Media
salinas,2005-10-01,1,MLP,Baja,Baja
tena,2005-10-01,1,MLP,Media,Alta
babahoyo,2005-11-01,1,MLP,Media,Baja
cuenca,2005-11-01,1,MLP,Media,Media
esmeraldas,2005-11-01,1,MLP,Baja,Baja
guayaquil,2005-11-01,1,MLP,Media,Baja
loja,2005-11-01,1,MLP,Media,Media
machala,2005-11-01,1,MLP,Media,Baja
portoviejo,2005-11-01,1,MLP,Baja,Baja
puyo,2005-11-01,1,MLP,Media,Alta
quito,2005-11-01,1,MLP,Media,Alta
riobamba,2005-11-01,1,MLP,Media,Media
salinas,2005-11-01,1,MLP,Baja,Baja
tena,2005-11-01,1,MLP,Alta,Alta
babahoyo,2005-12-01,1,MLP,Alta,Alta
cuenca,2005-12-01,1,MLP,Alta,Media
esmeraldas,2005-12-01,1,MLP,Alta,Baja
guayaquil,2005-12-01,1,MLP,Alta,Alta
loja,2005-12-01,1,MLP,Alta,Media
machala,2005-12-01,1,MLP,Media,Baja
portoviejo,2005-12-01,1,MLP,Media,Baja
puyo,2005-12-01,1,MLP,Alta,Alta
quito,2005-12-01,1,MLP,Alta,Alta
riobamba,2005-12-01,1,MLP,Media,Media
salinas,2005-12-01,1,MLP,Baja,Baja
tena,2005-12-01,1,MLP,Alta,Alta
babahoyo,2006-01-01,1,MLP,Alta,Alta
cuenca,2006-01-01,1,MLP,Media,Media
esmeraldas,2006-01-01,1,MLP,Alta,Baja
guayaquil,2006-01-01,1,MLP,Media,Media
loja,2006-01-01,1,MLP,Media,Media
machala,2006-01-01,1,MLP,Media,Media
portoviejo,2006-01-01,1,MLP,Media,Baja
puyo,2006-01-01,1,MLP,Alta,Media
quito,2006-01-01,1,MLP,Alta,Alta
riobamba,2006-01-01,1,MLP,Media,Media
salinas,2006-01-01,1,MLP,Baja,Baja
tena,2006-01-01,1,MLP,Alta,Alta
babahoyo,2006-02-01,1,MLP,Alta,Alta
cuenca,2006-02-01,1,MLP,Media,Media
esmeraldas,2006-02-01,1,MLP,Alta,Media
guayaquil,2006-02-01,1,MLP,Alta,Media
loja,2006-02-01,1,MLP,Media,Media
machala,2006-02-01,1,MLP,Alta,Alta
portoviejo,2006-02-01,1,MLP,Alta,Alta
puyo,2006-02-01,1,MLP,Media,Alta
quito,2006-02-01,1,MLP,Alta,Alta
riobamba,2006-02-01,1,MLP,Media,Media
salinas,2006-02-01,1,MLP,Alta,Baja
tena,2006-02-01,1,MLP,Alta,Alta
babahoyo,2006-03-01,1,MLP,Alta,Alta
cuenca,2006-03-01,1,MLP,Media,Media
esmeraldas,2006-03-01,1,MLP,Media,Alta
guayaquil,2006-03-01,1,MLP,Alta,Alta
loja,2006-03-01,1,MLP,Media,Alta
machala,2006-03-01,1,MLP,Alta,Alta
portoviejo,2006-03-01,1,MLP,Alta,Alta
puyo,2006-03-01,1,MLP,Media,Media
quito,2006-03-01,1,MLP,Alta,Alta
riobamba,2006-03-01,1,MLP,Media,Media
salinas,2006-03-01,1,MLP,Media,Media
tena,2006-03-01,1,MLP,Alta,Alta
babahoyo,2006-04-01,1,MLP,Alta,Alta
cuenca,2006-04-01,1,MLP,Media,Media
esmeraldas,2006-04-01,1,MLP,Media,Alta
guayaquil,2006-04-01,1,MLP,Media,Alta
loja,2006-04-01,1,MLP,Media,Media
machala,2006-04-01,1,MLP,Media,Alta
portoviejo,2006-04-01,1,MLP,Baja,Alta
puyo,2006-04-01,1,MLP,Media,Media
quito,2006-04-01,1,MLP,Alta,Alta
riobamba,2006-04-01,1,MLP,Media,Media
salinas,2006-04-01,1,MLP,Baja,Baja
tena,2006-04-01,1,MLP,Alta,Alta
babahoyo,2006-05-01,1,MLP,Alta,Alta
cuenca,2006-05-01,1,MLP,Baja,Media
esmeraldas,2006-05-01,1,MLP,Media,Media
guayaquil,2006-05-01,1,MLP,Media,Baja
loja,2006-05-01,1,MLP,Baja,Media
machala,2006-05-01,1,MLP,Baja,Baja
portoviejo,2006-05-01,1,MLP,Baja,Baja
puyo,2006-05-01,1,MLP,Alta,Alta
quito,2006-05-01,1,MLP,Alta,Media
riobamba,2006-05-01,1,MLP,Media,Media
salinas,2006-05-01,1,MLP,Baja,Baja
tena,2006-05-01,1,MLP,Alta,Alta
babahoyo,2006-06-01,1,MLP,Alta,Media
cuenca,2006-06-01,1,MLP,Baja,Baja
esmeraldas,2006-06-01,1,MLP,Media,Baja
guayaquil,2006-06-01,1,MLP,Media,Media
loja,2006-06-01,1,MLP,Baja,Baja
machala,2006-06-01,1,MLP,Baja,Baja
portoviejo,2006-06-01,1,MLP,Baja,Baja
puyo,2006-06-01,1,MLP,Media,Alta
quito,2006-06-01,1,MLP,Alta,Media
riobamba,2006-06-01,1,MLP,Media,Baja
salinas,2006-06-01,1,MLP,Baja,Baja
tena,2006-06-01,1,MLP,Media,Alta
babahoyo,2006-07-01,1,MLP,Media,Media
cuenca,2006-07-01,1,MLP,Baja,Baja
esmeraldas,2006-07-01,1,MLP,Media,Baja
guayaquil,2006-07-01,1,MLP,Media,Media
loja,2006-07-01,1,MLP,Baja,Baja
machala,2006-07-01,1,MLP,Baja,Baja
portoviejo,2006-07-01,1,MLP,Baja,Baja
puyo,2006-07-01,1,MLP,Media,Media
quito,2006-07-01,1,MLP,Media,Media
riobamba,2006-07-01,1,MLP,Baja,Baja
salinas,2006-07-01,1,MLP,Baja,Baja
tena,2006-07-01,1,MLP,Media,Alta
babahoyo,2006-08-01,1,MLP,Alta,Media
cuenca,2006-08-01,1,MLP,Baja,Baja
esmeraldas,2006-08-01,1,MLP,Baja,Baja
guayaquil,2006-08-01,1,MLP,Media,Media
loja,2006-08-01,1,MLP,Baja,Baja
machala,2006-08-01,1,MLP,Baja,Baja
portoviejo,2006-08-01,1,MLP,Baja,Baja
puyo,2006-08-01,1,MLP,Baja,Baja
quito,2006-08-01,1,MLP,Media,Media
riobamba,2006-08-01,1,MLP,Baja,Baja
salinas,2006-08-01,1,MLP,Baja,Baja
tena,2006-08-01,1,MLP,Media,Alta
babahoyo,2006-09-01,1,MLP,Alta,Media
cuenca,2006-09-01,1,MLP,Baja,Baja
esmeraldas,2006-09-01,1,MLP,Media,Baja
guayaquil,2006-09-01,1,MLP,Alta,Media
loja,2006-09-01,1,MLP,Baja,Baja
machala,2006-09-01,1,MLP,Media,Baja
portoviejo,2006-09-01,1,MLP,Baja,Baja
puyo,2006-09-01,1,MLP,Media,Baja
quito,2006-09-01,1,MLP,Media,Media
riobamba,2006-09-01,1,MLP,Baja,Baja
salinas,2006-09-01,1,MLP,Baja,Baja
tena,2006-09-01,1,MLP,Alta,Media
babahoyo,2006-10-01,1,MLP,Media,Alta
cuenca,2006-10-01,1,MLP,Media,Media
esmeraldas,2006-10-01,1,MLP,Baja,Baja
guayaquil,2006-10-01,1,MLP,Media,Alta
loja,2006-10-01,1,MLP,Media,Media
machala,2006-10-01,1,MLP,Baja,Baja
portoviejo,2006-10-01,1,MLP,Baja,Baja
puyo,2006-10-01,1,MLP,Media,Media
quito,2006-10-01,1,MLP,Alta,Alta
riobamba,2006-10-01,1,MLP,Media,Media
salinas,2006-10-01,1,MLP,Baja,Baja
tena,2006-10-01,1,MLP,Media,Alta
babahoyo,2006-11-01,1,MLP,Alta,Media
cuenca,2006-11-01,1,MLP,Media,Media
esmeraldas,2006-11-01,1,MLP,Alta,Baja
guayaquil,2006-11-01,1,MLP,Baja,Media
loja,2006-11-01,1,MLP,Media,Media
machala,2006-11-01,1,MLP,Media,Baja
portoviejo,2006-11-01,1,MLP,Baja,Baja
puyo,2006-11-01,1,MLP,Alta,Media
quito,2006-11-01,1,MLP,Alta,Alta
riobamba,2006-11-01,1,MLP,Media,Media
salinas,2006-11-01,1,MLP,Baja,Baja
tena,2006-11-01,1,MLP,Alta,Alta
babahoyo,2006-12-01,1,MLP,Alta,Media
cuenca,2006-12-01,1,MLP,Alta,Alta
esmeraldas,2006-12-01,1,MLP,Alta,Baja
guayaquil,2006-12-01,1,MLP,Alta,Baja
loja,2006-12-01,1,MLP,Alta,Media
machala,2006-12-01,1,MLP,Media,Baja
portoviejo,2006-12-01,1,MLP,Media,Baja
puyo,2006-12-01,1,MLP,Alta,Alta
quito,2006-12-01,1,MLP,Alta,Alta
riobamba,2006-12-01,1,MLP,Media,Media
salinas,2006-12-01,1,MLP,Baja,Baja
tena,2006-12-01,1,MLP,Alta,Alta
babahoyo,2007-01-01,1,MLP,Alta,Alta
cuenca,2007-01-01,1,MLP,Media,Media
esmeraldas,2007-01-01,1,MLP,Alta,Alta
guayaquil,2007-01-01,1,MLP,Media,Alta
loja,2007-01-01,1,MLP,Alta,Media
machala,2007-01-01,1,MLP,Media,Media
portoviejo,2007-01-01,1,MLP,Media,Baja
puyo,2007-01-01,1,MLP,Baja,Alta
quito,2007-01-01,1,MLP,Alta,Alta
riobamba,2007-01-01,1,MLP,Baja,Media
salinas,2007-01-01,1,MLP,Baja,Baja
tena,2007-01-01,1,MLP,Media,Alta
babahoyo,2007-02-01,1,MLP,Media,Alta
cuenca,2007-02-01,1,MLP,Media,Media
esmeraldas,2007-02-01,1,MLP,Media,Alta
guayaquil,2007-02-01,1,MLP,Media,Alta
loja,2007-02-01,1,MLP,Media,Media
machala,2007-02-01,1,MLP,Media,Alta
portoviejo,2007-02-01,1,MLP,Alta,Alta
puyo,2007-02-01,1,MLP,Media,Media
quito,2007-02-01,1,MLP,Media,Alta
riobamba,2007-02-01,1,MLP,Baja,Media
salinas,2007-02-01,1,MLP,Baja,Baja
tena,2007-02-01,1,MLP,Media,Alta
babahoyo,2007-03-01,1,MLP,Alta,Alta
cuenca,2007-03-01,1,MLP,Media,Media
esmeraldas,2007-03-01,1,MLP,Alta,Alta
guayaquil,2007-03-01,1,MLP,Alta,Alta
loja,2007-03-01,1,MLP,Media,Media
machala,2007-03-01,1,MLP,Alta,Media
portoviejo,2007-03-01,1,MLP,Alta,Alta
puyo,2007-03-01,1,MLP,Media,Media
quito,2007-03-01,1,MLP,Alta,Alta
riobamba,2007-03-01,1,MLP,Media,Media
salinas,2007-03-01,1,MLP,Media,Baja
tena,2007-03-01,1,MLP,Alta,Media
babahoyo,2007-04-01,1,MLP,Alta,Alta
cuenca,2007-04-01,1,MLP,Media,Media
esmeraldas,2007-04-01,1,MLP,Alta,Alta
guayaquil,2007-04-01,1,MLP,Alta,Alta
loja,2007-04-01,1,MLP,Media,Media
machala,2007-04-01,1,MLP,Media,Media
portoviejo,2007-04-01,1,MLP,Media,Alta
puyo,2007-04-01,1,MLP,Media,Alta
quito,2007-04-01,1,MLP,Alta,Alta
riobamba,2007-04-01,1,MLP,Media,Media
salinas,2007-04-01,1,MLP,Media,Baja
tena,2007-04-01,1,MLP,Media,Media
babahoyo,2007-05-01,1,MLP,Alta,Alta
cuenca,2007-05-01,1,MLP,Baja,Baja
esmeraldas,2007-05-01,1,MLP,Alta,Media
guayaquil,2007-05-01,1,MLP,Media,Alta
loja,2007-05-01,1,MLP,Baja,Baja
machala,2007-05-01,1,MLP,Baja,Media
portoviejo,2007-05-01,1,MLP,Baja,Media
puyo,2007-05-01,1,MLP,Alta,Media
quito,2007-05-01,1,MLP,Media,Alta
riobamba,2007-05-01,1,MLP,Media,Media
salinas,2007-05-01,1,MLP,Baja,Baja
tena,2007-05-01,1,MLP,Alta,Alta
babahoyo,2007-06-01,1,MLP,Alta,Alta
cuenca,2007-06-01,1,MLP,Baja,Baja
esmeraldas,2007-06-01,1,MLP,Media,Alta
guayaquil,2007-06-01,1,MLP,Alta,Media
loja,2007-06-01,1,MLP,Baja,Baja
machala,2007-06-01,1,MLP,Baja,Baja
portoviejo,2007-06-01,1,MLP,Media,Baja
puyo,2007-06-01,1,MLP,Media,Media
quito,2007-06-01,1,MLP,Media,Media
riobamba,2007-06-01,1,MLP,Media,Media
salinas,2007-06-01,1,MLP,Baja,Baja
tena,2007-06-01,1,MLP,Media,Alta
babahoyo,2007-07-01,1,MLP,Media,Alta
cuenca,2007-07-01,1,MLP,Baja,Baja
esmeraldas,2007-07-01,1,MLP,Baja,Baja
guayaquil,2007-07-01,1,MLP,Media,Alta
loja,2007-07-01,1,MLP,Baja,Baja
machala,2007-07-01,1,MLP,Baja,Baja
portoviejo,2007-07-01,1,MLP,Baja,Baja
puyo,2007-07-01,1,MLP,Media,Media
quito,2007-07-01,1,MLP,Media,Media
riobamba,2007-07-01,1,MLP,Baja,Baja
salinas,2007-07-01,1,MLP,Baja,Baja
tena,2007-07-01,1,MLP,Media,Media
babahoyo,2007-08-01,1,MLP,Media,Alta
cuenca,2007-08-01,1,MLP,Baja,Baja
esmeraldas,2007-08-01,1,MLP,Baja,Baja
guayaquil,2007-08-01,1,MLP,Media,Baja
loja,2007-08-01,1,MLP,Baja,Baja
machala,2007-08-01,1,MLP,Baja,Baja
portoviejo,2007-08-01,1,MLP,Baja,Baja
puyo,2007-08-01,1,MLP,Baja,Baja
quito,2007-08-01,1,MLP,Media,Media
riobamba,2007-08-01,1,MLP,Baja,Baja
salinas,2007-08-01,1,MLP,Baja,Baja
tena,2007-08-01,1,MLP,Media,Alta
babahoyo,2007-09-01,1,MLP,Media,Alta
cuenca,2007-09-01,1,MLP,Baja,Baja
esmeraldas,2007-09-01,1,MLP,Baja,Baja
guayaquil,2007-09-01,1,MLP,Baja,Media
loja,2007-09-01,1,MLP,Baja,Baja
machala,2007-09-01,1,MLP,Baja,Baja
portoviejo,2007-09-01,1,MLP,Baja,Baja
puyo,2007-09-01,1,MLP,Baja,Baja
quito,2007-09-01,1,MLP,Media,Media
riobamba,2007-09-01,1,MLP,Baja,Baja
salinas,2007-09-01,1,MLP,Baja,Baja
tena,2007-09-01,1,MLP,Media,Alta
babahoyo,2007-10-01,1,MLP,Baja,Media
cuenca,2007-10-01,1,MLP,Media,Baja
esmeraldas,2007-10-01,1,MLP,Baja,Baja
guayaquil,2007-10-01,1,MLP,Baja,Media
loja,2007-10-01,1,MLP,Media,Media
machala,2007-10-01,1,MLP,Baja,Baja
portoviejo,2007-10-01,1,MLP,Baja,Baja
puyo,2007-10-01,1,MLP,Alta,Baja
quito,2007-10-01,1,MLP,Alta,Media
riobamba,2007-10-01,1,MLP,Media,Media
salinas,2007-10-01,1,MLP,Baja,Baja
tena,2007-10-01,1,MLP,Media,Media
babahoyo,2007-11-01,1,MLP,Media,Media
cuenca,2007-11-01,1,MLP,Media,Media
esmeraldas,2007-11-01,1,MLP,Baja,Baja
guayaquil,2007-11-01,1,MLP,Baja,Baja
loja,2007-11-01,1,MLP,Media,Media
machala,2007-11-01,1,MLP,Baja,Baja
portoviejo,2007-11-01,1,MLP,Baja,Baja
puyo,2007-11-01,1,MLP,Alta,Media
quito,2007-11-01,1,MLP,Alta,Alta
riobamba,2007-11-01,1,MLP,Media,Media
salinas,2007-11-01,1,MLP,Baja,Baja
tena,2007-11-01,1,MLP,Alta,Alta
babahoyo,2007-12-01,1,MLP,Media,Alta
cuenca,2007-12-01,1,MLP,Media,Media
esmeraldas,2007-12-01,1,MLP,Media,Baja
guayaquil,2007-12-01,1,MLP,Baja,Media
loja,2007-12-01,1,MLP,Media,Media
machala,2007-12-01,1,MLP,Baja,Baja
portoviejo,2007-12-01,1,MLP,Baja,Baja
puyo,2007-12-01,1,MLP,Alta,Alta
quito,2007-12-01,1,MLP,Alta,Alta
riobamba,2007-12-01,1,MLP,Baja,Media
salinas,2007-12-01,1,MLP,Baja,Baja
tena,2007-12-01,1,MLP,Alta,Alta
babahoyo,2008-01-01,2,MLP,Alta,Alta
cuenca,2008-01-01,2,MLP,Media,Media
esmeraldas,2008-01-01,2,MLP,Alta,Baja
guayaquil,2008-01-01,2,MLP,Alta,Alta
loja,2008-01-01,2,MLP,Media,Media
machala,2008-01-01,2,MLP,Alta,Media
portoviejo,2008-01-01,2,MLP,Media,Baja
puyo,2008-01-01,2,MLP,Alta,Media
quito,2008-01-01,2,MLP,Media,Alta
riobamba,2008-01-01,2,MLP,Media,Media
salinas,2008-01-01,2,MLP,Media,Baja
tena,2008-01-01,2,MLP,Alta,Alta
babahoyo,2008-02-01,2,MLP,Alta,Alta
cuenca,2008-02-01,2,MLP,Alta,Media
esmeraldas,2008-02-01,2,MLP,Alta,Media
guayaquil,2008-02-01,2,MLP,Alta,Alta
loja,2008-02-01,2,MLP,Alta,Media
machala,2008-02-01,2,MLP,Alta,Media
portoviejo,2008-02-01,2,MLP,Alta,Alta
puyo,2008-02-01,2,MLP,Alta,Media
quito,2008-02-01,2,MLP,Alta,Media
riobamba,2008-02-01,2,MLP,Alta,Media
salinas,2008-02-01,2,MLP,Alta,Baja
tena,2008-02-01,2,MLP,Alta,Media
babahoyo,2008-03-01,2,MLP,Alta,Alta
cuenca,2008-03-01,2,MLP,Alta,Media
esmeraldas,2008-03-01,2,MLP,Alta,Alta
guayaquil,2008-03-01,2,MLP,Alta,Alta
loja,2008-03-01,2,MLP,Alta,Media
machala,2008-03-01,2,MLP,Alta,Alta
portoviejo,2008-03-01,2,MLP,Alta,Alta
puyo,2008-03-01,2,MLP,Alta,Alta
quito,2008-03-01,2,MLP,Alta,Alta
riobamba,2008-03-01,2,MLP,Media,Media
salinas,2008-03-01,2,MLP,Media,Alta
tena,2008-03-01,2,MLP,Alta,Alta
babahoyo,2008-04-01,2,MLP,Alta,Alta
cuenca,2008-04-01,2,MLP,Media,Media
esmeraldas,2008-04-01,2,MLP,Alta,Alta
guayaquil,2008-04-01,2,MLP,Media,Alta
loja,2008-04-01,2,MLP,Alta,Media
machala,2008-04-01,2,MLP,Alta,Alta
portoviejo,2008-04-01,2,MLP,Alta,Alta
puyo,2008-04-01,2,MLP,Alta,Alta
quito,2008-04-01,2,MLP,Alta,Alta
riobamba,2008-04-01,2,MLP,Media,Media
salinas,2008-04-01,2,MLP,Baja,Media
tena,2008-04-01,2,MLP,Alta,Alta
babahoyo,2008-05-01,2,MLP,Alta,Alta
cuenca,2008-05-01,2,MLP,Media,Media
esmeraldas,2008-05-01,2,MLP,Media,Media
guayaquil,2008-05-01,2,MLP,Alta,Media
loja,2008-05-01,2,MLP,Media,Media
machala,2008-05-01,2,MLP,Alta,Alta
portoviejo,2008-05-01,2,MLP,Baja,Media
puyo,2008-05-01,2,MLP,Media,Alta
quito,2008-05-01,2,MLP,Alta,Alta
riobamba,2008-05-01,2,MLP,Media,Media
salinas,2008-05-01,2,MLP,Baja,Baja
tena,2008-05-01,2,MLP,Alta,Alta
babahoyo,2008-06-01,2,MLP,Media,Alta
cuenca,2008-06-01,2,MLP,Baja,Baja
esmeraldas,2008-06-01,2,MLP,Baja,Baja
guayaquil,2008-06-01,2,MLP,Alta,Alta
loja,2008-06-01,2,MLP,Baja,Baja
machala,2008-06-01,2,MLP,Baja,Media
portoviejo,2008-06-01,2,MLP,Baja,Baja
puyo,2008-06-01,2,MLP,Media,Alta
quito,2008-06-01,2,MLP,Media,Media
riobamba,2008-06-01,2,MLP,Baja,Media
salinas,2008-06-01,2,MLP,Baja,Baja
tena,2008-06-01,2,MLP,Alta,Alta
babahoyo,2008-07-01,2,MLP,Alta,Media
cuenca,2008-07-01,2,MLP,Baja,Baja
esmeraldas,2008-07-01,2,MLP,Media,Baja
guayaquil,2008-07-01,2,MLP,Media,Media
loja,2008-07-01,2,MLP,Baja,Baja
machala,2008-07-01,2,MLP,Baja,Baja
portoviejo,2008-07-01,2,MLP,Baja,Baja
puyo,2008-07-01,2,MLP,Media,Media
quito,2008-07-01,2,MLP,Media,Media
riobamba,2008-07-01,2,MLP,Baja,Baja
salinas,2008-07-01,2,MLP,Baja,Baja
tena,2008-07-01,2,MLP,Media,Alta
babahoyo,2008-08-01,2,MLP,Alta,Media
cuenca,2008-08-01,2,MLP,Baja,Baja
esmeraldas,2008-08-01,2,MLP,Media,Baja
guayaquil,2008-08-01,2,MLP,Media,Media
loja,2008-08-01,2,MLP,Baja,Baja
machala,2008-08-01,2,MLP,Baja,Baja
portoviejo,2008-08-01,2,MLP,Baja,Baja
puyo,2008-08-01,2,MLP,Media,Baja
quito,2008-08-01,2,MLP,Media,Media
riobamba,2008-08-01,2,MLP,Baja,Baja
salinas,2008-08-01,2,MLP,Baja,Baja
tena,2008-08-01,2,MLP,Media,Media
babahoyo,2008-09-01,2,MLP,Media,Media
cuenca,2008-09-01,2,MLP,Baja,Baja
esmeraldas,2008-09-01,2,MLP,Baja,Baja
guayaquil,2008-09-01,2,MLP,Media,Media
loja,2008-09-01,2,MLP,Baja,Baja
machala,2008-09-01,2,MLP,Baja,Baja
portoviejo,2008-09-01,2,MLP,Baja,Baja
puyo,2008-09-01,2,MLP,Baja,Baja
quito,2008-09-01,2,MLP,Media,Media
riobamba,2008-09-01,2,MLP,Baja,Baja
salinas,2008-09-01,2,MLP,Baja,Baja
tena,2008-09-01,2,MLP,Media,Media
babahoyo,2008-10-01,2,MLP,Media,Media
cuenca,2008-10-01,2,MLP,Media,Media
esmeraldas,2008-10-01,2,MLP,Baja,Baja
guayaquil,2008-10-01,2,MLP,Baja,Media
loja,2008-10-01,2,MLP,Alta,Media
machala,2008-10-01,2,MLP,Media,Baja
portoviejo,2008-10-01,2,MLP,Baja,Baja
puyo,2008-10-01,2,MLP,Media,Media
quito,2008-10-01,2,MLP,Media,Alta
riobamba,2008-10-01,2,MLP,Media,Media
salinas,2008-10-01,2,MLP,Baja,Baja
tena,2008-10-01,2,MLP,Alta,Alta
babahoyo,2008-11-01,2,MLP,Baja,Media
cuenca,2008-11-01,2,MLP,Media,Media
esmeraldas,2008-11-01,2,MLP,Media,Baja
guayaquil,2008-11-01,2,MLP,Baja,Media
loja,2008-11-01,2,MLP,Media,Media
machala,2008-11-01,2,MLP,Baja,Baja
portoviejo,2008-11-01,2,MLP,Baja,Baja
puyo,2008-11-01,2,MLP,Alta,Alta
quito,2008-11-01,2,MLP,Alta,Alta
riobamba,2008-11-01,2,MLP,Media,Media
salinas,2008-11-01,2,MLP,Baja,Baja
tena,2008-11-01,2,MLP,Alta,Media
babahoyo,2008-12-01,2,MLP,Baja,Baja
cuenca,2008-12-01,2,MLP,Media,Media
esmeraldas,2008-12-01,2,MLP,Baja,Baja
guayaquil,2008-12-01,2,MLP,Baja,Baja
loja,2008-12-01,2,MLP,Media,Media
machala,2008-12-01,2,MLP,Baja,Baja
portoviejo,2008-12-01,2,MLP,Baja,Baja
puyo,2008-12-01,2,MLP,Alta,Media
quito,2008-12-01,2,MLP,Alta,Alta
riobamba,2008-12-01,2,MLP,Alta,Media
salinas,2008-12-01,2,MLP,Baja,Baja
tena,2008-12-01,2,MLP,Alta,Alta
babahoyo,2009-01-01,2,MLP,Alta,Alta
cuenca,2009-01-01,2,MLP,Media,Media
esmeraldas,2009-01-01,2,MLP,Alta,Baja
guayaquil,2009-01-01,2,MLP,Alta,Media
loja,2009-01-01,2,MLP,Alta,Media
machala,2009-01-01,2,MLP,Alta,Media
portoviejo,2009-01-01,2,MLP,Alta,Baja
puyo,2009-01-01,2,MLP,Media,Alta
quito,2009-01-01,2,MLP,Alta,Alta
riobamba,2009-01-01,2,MLP,Media,Media
salinas,2009-01-01,2,MLP,Media,Baja
tena,2009-01-01,2,MLP,Media,Alta
babahoyo,2009-02-01,2,MLP,Alta,Alta
cuenca,2009-02-01,2,MLP,Alta,Media
esmeraldas,2009-02-01,2,MLP,Alta,Alta
guayaquil,2009-02-01,2,MLP,Alta,Alta
loja,2009-02-01,2,MLP,Media,Alta
machala,2009-02-01,2,MLP,Alta,Alta
portoviejo,2009-02-01,2,MLP,Alta,Alta
puyo,2009-02-01,2,MLP,Alta,Media
quito,2009-02-01,2,MLP,Media,Alta
riobamba,2009-02-01,2,MLP,Alta,Media
salinas,2009-02-01,2,MLP,Media,Baja
tena,2009-02-01,2,MLP,Alta,Alta
babahoyo,2009-03-01,2,MLP,Alta,Alta
cuenca,2009-03-01,2,MLP,Media,Media
esmeraldas,2009-03-01,2,MLP,Alta,Alta
guayaquil,2009-03-01,2,MLP,Alta,Alta
loja,2009-03-01,2,MLP,Media,Media
machala,2009-03-01,2,MLP,Alta,Alta
portoviejo,2009-03-01,2,MLP,Media,Alta
puyo,2009-03-01,2,MLP,Media,Alta
quito,2009-03-01,2,MLP,Alta,Alta
riobamba,2009-03-01,2,MLP,Media,Media
salinas,2009-03-01,2,MLP,Baja,Media
tena,2009-03-01,2,MLP,Alta,Alta
babahoyo,2009-04-01,2,MLP,Alta,Alta
cuenca,2009-04-01,2,MLP,Media,Media
esmeraldas,2009-04-01,2,MLP,Alta,Alta
guayaquil,2009-04-01,2,MLP,Media,Alta
loja,2009-04-01,2,MLP,Media,Media
machala,2009-04-01,2,MLP,Media,Alta
portoviejo,2009-04-01,2,MLP,Media,Alta
puyo,2009-04-01,2,MLP,Alta,Media
quito,2009-04-01,2,MLP,Media,Alta
riobamba,2009-04-01,2,MLP,Media,Media
salinas,2009-04-01,2,MLP,Baja,Baja
tena,2009-04-01,2,MLP,Alta,Alta
babahoyo,2009-05-01,2,MLP,Alta,Alta
cuenca,2009-05-01,2,MLP,Media,Media
esmeraldas,2009-05-01,2,MLP,Media,Alta
guayaquil,2009-05-01,2,MLP,Alta,Alta
loja,2009-05-01,2,MLP,Baja,Media
machala,2009-05-01,2,MLP,Baja,Baja
portoviejo,2009-05-01,2,MLP,Alta,Media
puyo,2009-05-01,2,MLP,Alta,Alta
quito,2009-05-01,2,MLP,Alta,Alta
riobamba,2009-05-01,2,MLP,Media,Media
salinas,2009-05-01,2,MLP,Baja,Baja
tena,2009-05-01,2,MLP,Alta,Alta
babahoyo,2009-06-01,2,MLP,Alta,Alta
cuenca,2009-06-01,2,MLP,Baja,Baja
esmeraldas,2009-06-01,2,MLP,Baja,Media
guayaquil,2009-06-01,2,MLP,Media,Media
loja,2009-06-01,2,MLP,Baja,Baja
machala,2009-06-01,2,MLP,Baja,Baja
portoviejo,2009-06-01,2,MLP,Baja,Baja
puyo,2009-06-01,2,MLP,Alta,Alta
quito,2009-06-01,2,MLP,Media,Media
riobamba,2009-06-01,2,MLP,Baja,Baja
salinas,2009-06-01,2,MLP,Baja,Baja
tena,2009-06-01,2,MLP,Alta,Alta
babahoyo,2009-07-01,2,MLP,Media,Alta
cuenca,2009-07-01,2,MLP,Baja,Baja
esmeraldas,2009-07-01,2,MLP,Baja,Baja
guayaquil,2009-07-01,2,MLP,Media,Media
loja,2009-07-01,2,MLP,Baja,Baja
machala,2009-07-01,2,MLP,Baja,Baja
portoviejo,2009-07-01,2,MLP,Baja,Baja
puyo,2009-07-01,2,MLP,Media,Media
quito,2009-07-01,2,MLP,Baja,Media
riobamba,2009-07-01,2,MLP,Baja,Baja
salinas,2009-07-01,2,MLP,Baja,Baja
tena,2009-07-01,2,MLP,Alta,Alta
babahoyo,2009-08-01,2,MLP,Alta,Alta
cuenca,2009-08-01,2,MLP,Baja,Baja
esmeraldas,2009-08-01,2,MLP,Baja,Baja
guayaquil,2009-08-01,2,MLP,Media,Media
loja,2009-08-01,2,MLP,Baja,Baja
machala,2009-08-01,2,MLP,Baja,Baja
portoviejo,2009-08-01,2,MLP,Baja,Baja
puyo,2009-08-01,2,MLP,Baja,Media
quito,2009-08-01,2,MLP,Media,Media
riobamba,2009-08-01,2,MLP,Baja,Baja
salinas,2009-08-01,2,MLP,Baja,Baja
tena,2009-08-01,2,MLP,Alta,Alta
babahoyo,2009-09-01,2,MLP,Media,Alta
cuenca,2009-09-01,2,MLP,Baja,Baja
esmeraldas,2009-09-01,2,MLP,Baja,Baja
guayaquil,2009-09-01,2,MLP,Media,Media
loja,2009-09-01,2,MLP,Baja,Baja
machala,2009-09-01,2,MLP,Baja,Baja
portoviejo,2009-09-01,2,MLP,Baja,Baja
puyo,2009-09-01,2,MLP,Baja,Media
quito,2009-09-01,2,MLP,Alta,Media
riobamba,2009-09-01,2,MLP,Baja,Baja
salinas,2009-09-01,2,MLP,Baja,Baja
tena,2009-09-01,2,MLP,Alta,Alta
babahoyo,2009-10-01,2,MLP,Alta,Baja
cuenca,2009-10-01,2,MLP,Media,Media
esmeraldas,2009-10-01,2,MLP,Media,Baja
guayaquil,2009-10-01,2,MLP,Media,Baja
loja,2009-10-01,2,MLP,Baja,Media
machala,2009-10-01,2,MLP,Baja,Baja
portoviejo,2009-10-01,2,MLP,Baja,Baja
puyo,2009-10-01,2,MLP,Media,Media
quito,2009-10-01,2,MLP,Alta,Alta
riobamba,2009-10-01,2,MLP,Media,Media
salinas,2009-10-01,2,MLP,Baja,Baja
tena,2009-10-01,2,MLP,Alta,Alta
babahoyo,2009-11-01,2,MLP,Baja,Media
cuenca,2009-11-01,2,MLP,Media,Media
esmeraldas,2009-11-01,2,MLP,Media,Baja
guayaquil,2009-11-01,2,MLP,Baja,Baja
loja,2009-11-01,2,MLP,Media,Media
machala,2009-11-01,2,MLP,Baja,Baja
portoviejo,2009-11-01,2,MLP,Baja,Baja
puyo,2009-11-01,2,MLP,Media,Media
quito,2009-11-01,2,MLP,Alta,Alta
riobamba,2009-11-01,2,MLP,Media,Media
salinas,2009-11-01,2,MLP,Baja,Baja
tena,2009-11-01,2,MLP,Alta,Alta
babahoyo,2009-12-01,2,MLP,Alta,Baja
cuenca,2009-12-01,2,MLP,Alta,Media
esmeraldas,2009-12-01,2,MLP,Alta,Baja
guayaquil,2009-12-01,2,MLP,Media,Baja
loja,2009-12-01,2,MLP,Media,Media
machala,2009-12-01,2,MLP,Baja,Baja
portoviejo,2009-12-01,2,MLP,Baja,Baja
puyo,2009-12-01,2,MLP,Media,Alta
quito,2009-12-01,2,MLP,Alta,Alta
riobamba,2009-12-01,2,MLP,Media,Media
salinas,2009-12-01,2,MLP,Baja,Baja
tena,2009-12-01,2,MLP,Media,Alta
babahoyo,2010-01-01,2,MLP,Alta,Alta
cuenca,2010-01-01,2,MLP,Baja,Alta
esmeraldas,2010-01-01,2,MLP,Alta,Alta
guayaquil,2010-01-01,2,MLP,Alta,Alta
loja,2010-01-01,2,MLP,Media,Media
machala,2010-01-01,2,MLP,Alta,Media
portoviejo,2010-01-01,2,MLP,Media,Media
puyo,2010-01-01,2,MLP,Baja,Alta
quito,2010-01-01,2,MLP,Media,Alta
riobamba,2010-01-01,2,MLP,Media,Media
salinas,2010-01-01,2,MLP,Media,Baja
tena,2010-01-01,2,MLP,Baja,Alta
babahoyo,2010-02-01,2,MLP,Alta,Alta
cuenca,2010-02-01,2,MLP,Alta,Media
esmeraldas,2010-02-01,2,MLP,Alta,Alta
guayaquil,2010-02-01,2,MLP,Alta,Alta
loja,2010-02-01,2,MLP,Media,Media
machala,2010-02-01,2,MLP,Alta,Alta
portoviejo,2010-02-01,2,MLP,Alta,Alta
puyo,2010-02-01,2,MLP,Media,Media
quito,2010-02-01,2,MLP,Media,Alta
riobamba,2010-02-01,2,MLP,Media,Media
salinas,2010-02-01,2,MLP,Media,Baja
tena,2010-02-01,2,MLP,Alta,Alta
babahoyo,2010-03-01,2,MLP,Alta,Alta
cuenca,2010-03-01,2,MLP,Baja,Media
esmeraldas,2010-03-01,2,MLP,Alta,Media
guayaquil,2010-03-01,2,MLP,Alta,Alta
loja,2010-03-01,2,MLP,Media,Media
machala,2010-03-01,2,MLP,Media,Alta
portoviejo,2010-03-01,2,MLP,Alta,Alta
puyo,2010-03-01,2,MLP,Media,Alta
quito,2010-03-01,2,MLP,Alta,Alta
riobamba,2010-03-01,2,MLP,Baja,Media
salinas,2010-03-01,2,MLP,Baja,Media
tena,2010-03-01,2,MLP,Media,Alta
babahoyo,2010-04-01,2,MLP,Alta,Alta
cuenca,2010-04-01,2,MLP,Media,Media
esmeraldas,2010-04-01,2,MLP,Alta,Alta
guayaquil,2010-04-01,2,MLP,Alta,Alta
loja,2010-04-01,2,MLP,Alta,Media
machala,2010-04-01,2,MLP,Alta,Media
portoviejo,2010-04-01,2,MLP,Media,Alta
puyo,2010-04-01,2,MLP,Alta,Alta
quito,2010-04-01,2,MLP,Alta,Alta
riobamba,2010-04-01,2,MLP,Media,Media
salinas,2010-04-01,2,MLP,Baja,Baja
tena,2010-04-01,2,MLP,Alta,Alta
babahoyo,2010-05-01,2,MLP,Alta,Alta
cuenca,2010-05-01,2,MLP,Alta,Media
esmeraldas,2010-05-01,2,MLP,Alta,Alta
guayaquil,2010-05-01,2,MLP,Alta,Alta
loja,2010-05-01,2,MLP,Alta,Media
machala,2010-05-01,2,MLP,Media,Alta
portoviejo,2010-05-01,2,MLP,Media,Media
puyo,2010-05-01,2,MLP,Alta,Alta
quito,2010-05-01,2,MLP,Alta,Alta
riobamba,2010-05-01,2,MLP,Media,Media
salinas,2010-05-01,2,MLP,Baja,Baja
tena,2010-05-01,2,MLP,Alta,Media
babahoyo,2010-06-01,2,MLP,Media,Alta
cuenca,2010-06-01,2,MLP,Baja,Media
esmeraldas,2010-06-01,2,MLP,Baja,Alta
guayaquil,2010-06-01,2,MLP,Media,Media
loja,2010-06-01,2,MLP,Baja,Baja
machala,2010-06-01,2,MLP,Baja,Media
portoviejo,2010-06-01,2,MLP,Baja,Baja
puyo,2010-06-01,2,MLP,Media,Alta
quito,2010-06-01,2,MLP,Media,Media
riobamba,2010-06-01,2,MLP,Baja,Media
salinas,2010-06-01,2,MLP,Baja,Baja
tena,2010-06-01,2,MLP,Media,Alta
babahoyo,2010-07-01,2,MLP,Media,Media
cuenca,2010-07-01,2,MLP,Baja,Baja
esmeraldas,2010-07-01,2,MLP,Baja,Baja
guayaquil,2010-07-01,2,MLP,Alta,Media
loja,2010-07-01,2,MLP,Baja,Baja
machala,2010-07-01,2,MLP,Baja,Baja
portoviejo,2010-07-01,2,MLP,Baja,Baja
puyo,2010-07-01,2,MLP,Alta,Media
quito,2010-07-01,2,MLP,Media,Media
riobamba,2010-07-01,2,MLP,Baja,Baja
salinas,2010-07-01,2,MLP,Baja,Baja
tena,2010-07-01,2,MLP,Alta,Alta
babahoyo,2010-08-01,2,MLP,Baja,Alta
cuenca,2010-08-01,2,MLP,Baja,Baja
esmeraldas,2010-08-01,2,MLP,Baja,Baja
guayaquil,2010-08-01,2,MLP,Media,Media
loja,2010-08-01,2,MLP,Baja,Baja
machala,2010-08-01,2,MLP,Baja,Baja
portoviejo,2010-08-01,2,MLP,Baja,Baja
puyo,2010-08-01,2,MLP,Baja,Media
quito,2010-08-01,2,MLP,Media,Media
riobamba,2010-08-01,2,MLP,Baja,Baja
salinas,2010-08-01,2,MLP,Baja,Baja
tena,2010-08-01,2,MLP,Media,Alta
babahoyo,2010-09-01,2,MLP,Media,Baja
cuenca,2010-09-01,2,MLP,Baja,Baja
esmeraldas,2010-09-01,2,MLP,Baja,Baja
guayaquil,2010-09-01,2,MLP,Media,Baja
loja,2010-09-01,2,MLP,Baja,Baja
machala,2010-09-01,2,MLP,Baja,Baja
portoviejo,2010-09-01,2,MLP,Baja,Baja
puyo,2010-09-01,2,MLP,Baja,Baja
quito,2010-09-01,2,MLP,Media,Media
riobamba,2010-09-01,2,MLP,Baja,Baja
salinas,2010-09-01,2,MLP,Baja,Baja
tena,2010-09-01,2,MLP,Media,Media
babahoyo,2010-10-01,2,MLP,Media,Alta
cuenca,2010-10-01,2,MLP,Media,Media
esmeraldas,2010-10-01,2,MLP,Baja,Baja
guayaquil,2010-10-01,2,MLP,Baja,Baja
loja,2010-10-01,2,MLP,Baja,Media
machala,2010-10-01,2,MLP,Baja,Baja
portoviejo,2010-10-01,2,MLP,Baja,Baja
puyo,2010-10-01,2,MLP,Alta,Media
quito,2010-10-01,2,MLP,Media,Alta
riobamba,2010-10-01,2,MLP,Media,Media
salinas,2010-10-01,2,MLP,Baja,Baja
tena,2010-10-01,2,MLP,Alta,Media
babahoyo,2010-11-01,2,MLP,Baja,Baja
cuenca,2010-11-01,2,MLP,Media,Media
esmeraldas,2010-11-01,2,MLP,Baja,Baja
guayaquil,2010-11-01,2,MLP,Baja,Baja
loja,2010-11-01,2,MLP,Media,Media
machala,2010-11-01,2,MLP,Baja,Baja
portoviejo,2010-11-01,2,MLP,Baja,Baja
puyo,2010-11-01,2,MLP,Media,Alta
quito,2010-11-01,2,MLP,Alta,Alta
riobamba,2010-11-01,2,MLP,Media,Media
salinas,2010-11-01,2,MLP,Baja,Baja
tena,2010-11-01,2,MLP,Media,Alta
babahoyo,2010-12-01,2,MLP,Alta,Media
cuenca,2010-12-01,2,MLP,Media,Media
esmeraldas,2010-12-01,2,MLP,Alta,Baja
guayaquil,2010-12-01,2,MLP,Media,Baja
loja,2010-12-01,2,MLP,Baja,Media
machala,2010-12-01,2,MLP,Media,Baja
portoviejo,2010-12-01,2,MLP,Alta,Baja
puyo,2010-12-01,2,MLP,Alta,Media
quito,2010-12-01,2,MLP,Alta,Alta
riobamba,2010-12-01,2,MLP,Media,Media
salinas,2010-12-01,2,MLP,Baja,Baja
tena,2010-12-01,2,MLP,Alta,Alta
babahoyo,2011-01-01,3,MLP,Alta,Alta
cuenca,2011-01-01,3,MLP,Media,Media
esmeraldas,2011-01-01,3,MLP,Alta,Alta
guayaquil,2011-01-01,3,MLP,Alta,Alta
loja,2011-01-01,3,MLP,Media,Media
machala,2011-01-01,3,MLP,Media,Alta
portoviejo,2011-01-01,3,MLP,Media,Media
puyo,2011-01-01,3,MLP,Media,Media
quito,2011-01-01,3,MLP,Alta,Alta
riobamba,2011-01-01,3,MLP,Media,Media
salinas,2011-01-01,3,MLP,Media,Baja
tena,2011-01-01,3,MLP,Alta,Alta
babahoyo,2011-02-01,3,MLP,Alta,Alta
cuenca,2011-02-01,3,MLP,Media,Media
esmeraldas,2011-02-01,3,MLP,Alta,Alta
guayaquil,2011-02-01,3,MLP,Alta,Alta
loja,2011-02-01,3,MLP,Alta,Media
machala,2011-02-01,3,MLP,Alta,Alta
portoviejo,2011-02-01,3,MLP,Media,Alta
puyo,2011-02-01,3,MLP,Alta,Media
quito,2011-02-01,3,MLP,Alta,Alta
riobamba,2011-02-01,3,MLP,Alta,Media
salinas,2011-02-01,3,MLP,Media,Baja
tena,2011-02-01,3,MLP,Alta,Alta
babahoyo,2011-03-01,3,MLP,Alta,Alta
cuenca,2011-03-01,3,MLP,Media,Media
esmeraldas,2011-03-01,3,MLP,Alta,Alta
guayaquil,2011-03-01,3,MLP,Media,Alta
loja,2011-03-01,3,MLP,Media,Media
machala,2011-03-01,3,MLP,Media,Alta
portoviejo,2011-03-01,3,MLP,Media,Alta
puyo,2011-03-01,3,MLP,Alta,Alta
quito,2011-03-01,3,MLP,Media,Alta
riobamba,2011-03-01,3,MLP,Media,Media
salinas,2011-03-01,3,MLP,Baja,Baja
tena,2011-03-01,3,MLP,Alta,Alta
babahoyo,2011-04-01,3,MLP,Alta,Alta
cuenca,2011-04-01,3,MLP,Media,Media
esmeraldas,2011-04-01,3,MLP,Media,Alta
guayaquil,2011-04-01,3,MLP,Alta,Alta
loja,2011-04-01,3,MLP,Media,Media
machala,2011-04-01,3,MLP,Alta,Alta
portoviejo,2011-04-01,3,MLP,Media,Alta
puyo,2011-04-01,3,MLP,Media,Alta
quito,2011-04-01,3,MLP,Alta,Alta
riobamba,2011-04-01,3,MLP,Media,Media
salinas,2011-04-01,3,MLP,Baja,Baja
tena,2011-04-01,3,MLP,Alta,Alta
babahoyo,2011-05-01,3,MLP,Alta,Alta
cuenca,2011-05-01,3,MLP,Baja,Media
esmeraldas,2011-05-01,3,MLP,Baja,Media
guayaquil,2011-05-01,3,MLP,Media,Alta
loja,2011-05-01,3,MLP,Media,Media
machala,2011-05-01,3,MLP,Baja,Media
portoviejo,2011-05-01,3,MLP,Baja,Media
puyo,2011-05-01,3,MLP,Alta,Alta
quito,2011-05-01,3,MLP,Media,Alta
riobamba,2011-05-01,3,MLP,Baja,Media
salinas,2011-05-01,3,MLP,Baja,Baja
tena,2011-05-01,3,MLP,Alta,Alta
babahoyo,2011-06-01,3,MLP,Alta,Alta
cuenca,2011-06-01,3,MLP,Baja,Baja
esmeraldas,2011-06-01,3,MLP,Media,Baja
guayaquil,2011-06-01,3,MLP,Media,Alta
loja,2011-06-01,3,MLP,Baja,Baja
machala,2011-06-01,3,MLP,Baja,Baja
portoviejo,2011-06-01,3,MLP,Baja,Baja
puyo,2011-06-01,3,MLP,Media,Alta
quito,2011-06-01,3,MLP,Alta,Media
riobamba,2011-06-01,3,MLP,Baja,Baja
salinas,2011-06-01,3,MLP,Baja,Baja
tena,2011-06-01,3,MLP,Alta,Alta
babahoyo,2011-07-01,3,MLP,Media,Alta
cuenca,2011-07-01,3,MLP,Baja,Baja
esmeraldas,2011-07-01,3,MLP,Media,Baja
guayaquil,2011-07-01,3,MLP,Media,Media
loja,2011-07-01,3,MLP,Baja,Baja
machala,2011-07-01,3,MLP,Baja,Baja
portoviejo,2011-07-01,3,MLP,Baja,Baja
puyo,2011-07-01,3,MLP,Alta,Media
quito,2011-07-01,3,MLP,Media,Media
riobamba,2011-07-01,3,MLP,Media,Baja
salinas,2011-07-01,3,MLP,Baja,Baja
tena,2011-07-01,3,MLP,Alta,Alta
babahoyo,2011-08-01,3,MLP,Baja,Media
cuenca,2011-08-01,3,MLP,Baja,Baja
esmeraldas,2011-08-01,3,MLP,Baja,Baja
guayaquil,2011-08-01,3,MLP,Baja,Media
loja,2011-08-01,3,MLP,Baja,Baja
machala,2011-08-01,3,MLP,Baja,Baja
portoviejo,2011-08-01,3,MLP,Baja,Baja
puyo,2011-08-01,3,MLP,Media,Media
quito,2011-08-01,3,MLP,Alta,Media
riobamba,2011-08-01,3,MLP,Baja,Baja
salinas,2011-08-01,3,MLP,Baja,Baja
tena,2011-08-01,3,MLP,Media,Media
babahoyo,2011-09-01,3,MLP,Media,Baja
cuenca,2011-09-01,3,MLP,Baja,Baja
esmeraldas,2011-09-01,3,MLP,Baja,Baja
guayaquil,2011-09-01,3,MLP,Media,Baja
loja,2011-09-01,3,MLP,Baja,Baja
machala,2011-09-01,3,MLP,Baja,Baja
portoviejo,2011-09-01,3,MLP,Baja,Baja
puyo,2011-09-01,3,MLP,Media,Baja
quito,2011-09-01,3,MLP,Media,Media
riobamba,2011-09-01,3,MLP,Baja,Baja
salinas,2011-09-01,3,MLP,Baja,Baja
tena,2011-09-01,3,MLP,Alta,Media
babahoyo,2011-10-01,3,MLP,Media,Media
cuenca,2011-10-01,3,MLP,Media,Baja
esmeraldas,2011-10-01,3,MLP,Baja,Baja
guayaquil,2011-10-01,3,MLP,Baja,Media
loja,2011-10-01,3,MLP,Media,Media
machala,2011-10-01,3,MLP,Baja,Baja
portoviejo,2011-10-01,3,MLP,Baja,Baja
puyo,2011-10-01,3,MLP,Media,Media
quito,2011-10-01,3,MLP,Alta,Media
riobamba,2011-10-01,3,MLP,Media,Media
salinas,2011-10-01,3,MLP,Baja,Baja
tena,2011-10-01,3,MLP,Alta,Alta
babahoyo,2011-11-01,3,MLP,Baja,Baja
cuenca,2011-11-01,3,MLP,Alta,Media
esmeraldas,2011-11-01,3,MLP,Baja,Baja
guayaquil,2011-11-01,3,MLP,Baja,Baja
loja,2011-11-01,3,MLP,Alta,Media
machala,2011-11-01,3,MLP,Media,Baja
portoviejo,2011-11-01,3,MLP,Baja,Baja
puyo,2011-11-01,3,MLP,Alta,Media
quito,2011-11-01,3,MLP,Alta,Alta
riobamba,2011-11-01,3,MLP,Media,Media
salinas,2011-11-01,3,MLP,Baja,Baja
tena,2011-11-01,3,MLP,Alta,Media
babahoyo,2011-12-01,3,MLP,Alta,Alta
cuenca,2011-12-01,3,MLP,Media,Media
esmeraldas,2011-12-01,3,MLP,Baja,Baja
guayaquil,2011-12-01,3,MLP,Baja,Baja
loja,2011-12-01,3,MLP,Media,Media
machala,2011-12-01,3,MLP,Baja,Baja
portoviejo,2011-12-01,3,MLP,Baja,Baja
puyo,2011-12-01,3,MLP,Alta,Alta
quito,2011-12-01,3,MLP,Media,Alta
riobamba,2011-12-01,3,MLP,Alta,Media
salinas,2011-12-01,3,MLP,Baja,Baja
tena,2011-12-01,3,MLP,Alta,Alta
babahoyo,2012-01-01,3,MLP,Alta,Alta
cuenca,2012-01-01,3,MLP,Alta,Media
esmeraldas,2012-01-01,3,MLP,Alta,Media
guayaquil,2012-01-01,3,MLP,Alta,Media
loja,2012-01-01,3,MLP,Alta,Media
machala,2012-01-01,3,MLP,Alta,Baja
portoviejo,2012-01-01,3,MLP,Alta,Alta
puyo,2012-01-01,3,MLP,Alta,Alta
quito,2012-01-01,3,MLP,Alta,Alta
riobamba,2012-01-01,3,MLP,Media,Media
salinas,2012-01-01,3,MLP,Media,Baja
tena,2012-01-01,3,MLP,Alta,Alta
babahoyo,2012-02-01,3,MLP,Alta,Alta
cuenca,2012-02-01,3,MLP,Alta,Alta
esmeraldas,2012-02-01,3,MLP,Alta,Alta
guayaquil,2012-02-01,3,MLP,Alta,Alta
loja,2012-02-01,3,MLP,Alta,Alta
machala,2012-02-01,3,MLP,Alta,Media
portoviejo,2012-02-01,3,MLP,Alta,Alta
puyo,2012-02-01,3,MLP,Alta,Alta
quito,2012-02-01,3,MLP,Alta,Alta
riobamba,2012-02-01,3,MLP,Media,Alta
salinas,2012-02-01,3,MLP,Alta,Media
tena,2012-02-01,3,MLP,Alta,Alta
babahoyo,2012-03-01,3,MLP,Alta,Alta
cuenca,2012-03-01,3,MLP,Media,Media
esmeraldas,2012-03-01,3,MLP,Alta,Alta
guayaquil,2012-03-01,3,MLP,Alta,Alta
loja,2012-03-01,3,MLP,Alta,Alta
machala,2012-03-01,3,MLP,Alta,Alta
portoviejo,2012-03-01,3,MLP,Alta,Alta
puyo,2012-03-01,3,MLP,Media,Alta
quito,2012-03-01,3,MLP,Alta,Alta
riobamba,2012-03-01,3,MLP,Alta,Media
salinas,2012-03-01,3,MLP,Media,Alta
tena,2012-03-01,3,MLP,Alta,Alta
babahoyo,2012-04-01,3,MLP,Alta,Alta
cuenca,2012-04-01,3,MLP,Media,Media
esmeraldas,2012-04-01,3,MLP,Alta,Alta
guayaquil,2012-04-01,3,MLP,Alta,Alta
loja,2012-04-01,3,MLP,Media,Media
machala,2012-04-01,3,MLP,Alta,Alta
portoviejo,2012-04-01,3,MLP,Alta,Alta
puyo,2012-04-01,3,MLP,Alta,Alta
quito,2012-04-01,3,MLP,Alta,Alta
riobamba,2012-04-01,3,MLP,Media,Alta
salinas,2012-04-01,3,MLP,Media,Baja
tena,2012-04-01,3,MLP,Alta,Alta
babahoyo,2012-05-01,3,MLP,Alta,Alta
cuenca,2012-05-01,3,MLP,Baja,Baja
esmeraldas,2012-05-01,3,MLP,Alta,Alta
guayaquil,2012-05-01,3,MLP,Alta,Alta
loja,2012-05-01,3,MLP,Baja,Media
machala,2012-05-01,3,MLP,Media,Media
portoviejo,2012-05-01,3,MLP,Media,Media
puyo,2012-05-01,3,MLP,Alta,Alta
quito,2012-05-01,3,MLP,Alta,Alta
riobamba,2012-05-01,3,MLP,Media,Media
salinas,2012-05-01,3,MLP,Baja,Baja
tena,2012-05-01,3,MLP,Alta,Alta
babahoyo,2012-06-01,3,MLP,Alta,Alta
cuenca,2012-06-01,3,MLP,Baja,Baja
esmeraldas,2012-06-01,3,MLP,Media,Alta
guayaquil,2012-06-01,3,MLP,Alta,Alta
loja,2012-06-01,3,MLP,Baja,Baja
machala,2012-06-01,3,MLP,Baja,Baja
portoviejo,2012-06-01,3,MLP,Baja,Media
puyo,2012-06-01,3,MLP,Media,Media
quito,2012-06-01,3,MLP,Media,Media
riobamba,2012-06-01,3,MLP,Baja,Baja
salinas,2012-06-01,3,MLP,Baja,Baja
tena,2012-06-01,3,MLP,Media,Alta
babahoyo,2012-07-01,3,MLP,Media,Alta
cuenca,2012-07-01,3,MLP,Baja,Baja
esmeraldas,2012-07-01,3,MLP,Baja,Media
guayaquil,2012-07-01,3,MLP,Media,Media
loja,2012-07-01,3,MLP,Baja,Baja
machala,2012-07-01,3,MLP,Baja,Baja
portoviejo,2012-07-01,3,MLP,Baja,Baja
puyo,2012-07-01,3,MLP,Alta,Media
quito,2012-07-01,3,MLP,Baja,Media
riobamba,2012-07-01,3,MLP,Baja,Baja
salinas,2012-07-01,3,MLP,Baja,Baja
tena,2012-07-01,3,MLP,Alta,Alta
babahoyo,2012-08-01,3,MLP,Media,Media
cuenca,2012-08-01,3,MLP,Media,Baja
esmeraldas,2012-08-01,3,MLP,Baja,Baja
guayaquil,2012-08-01,3,MLP,Media,Baja
loja,2012-08-01,3,MLP,Baja,Baja
machala,2012-08-01,3,MLP,Baja,Baja
portoviejo,2012-08-01,3,MLP,Baja,Baja
puyo,2012-08-01,3,MLP,Alta,Media
quito,2012-08-01,3,MLP,Baja,Media
riobamba,2012-08-01,3,MLP,Baja,Baja
salinas,2012-08-01,3,MLP,Baja,Baja
tena,2012-08-01,3,MLP,Alta,Alta
babahoyo,2012-09-01,3,MLP,Media,Alta
cuenca,2012-09-01,3,MLP,Baja,Baja
esmeraldas,2012-09-01,3,MLP,Baja,Baja
guayaquil,2012-09-01,3,MLP,Media,Baja
loja,2012-09-01,3,MLP,Baja,Baja
machala,2012-09-01,3,MLP,Baja,Baja
portoviejo,2012-09-01,3,MLP,Baja,Baja
puyo,2012-09-01,3,MLP,Media,Media
quito,2012-09-01,3,MLP,Media,Media
riobamba,2012-09-01,3,MLP,Baja,Baja
salinas,2012-09-01,3,MLP,Baja,Baja
tena,2012-09-01,3,MLP,Media,Alta
babahoyo,2012-10-01,3,MLP,Baja,Baja
cuenca,2012-10-01,3,MLP,Media,Media
esmeraldas,2012-10-01,3,MLP,Baja,Baja
guayaquil,2012-10-01,3,MLP,Baja,Baja
loja,2012-10-01,3,MLP,Alta,Media
machala,2012-10-01,3,MLP,Baja,Baja
portoviejo,2012-10-01,3,MLP,Baja,Baja
puyo,2012-10-01,3,MLP,Alta,Alta
quito,2012-10-01,3,MLP,Alta,Media
riobamba,2012-10-01,3,MLP,Alta,Media
salinas,2012-10-01,3,MLP,Baja,Baja
tena,2012-10-01,3,MLP,Alta,Alta
babahoyo,2012-11-01,3,MLP,Media,Baja
cuenca,2012-11-01,3,MLP,Media,Media
esmeraldas,2012-11-01,3,MLP,Media,Baja
guayaquil,2012-11-01,3,MLP,Baja,Baja
loja,2012-11-01,3,MLP,Media,Media
machala,2012-11-01,3,MLP,Baja,Baja
portoviejo,2012-11-01,3,MLP,Baja,Baja
puyo,2012-11-01,3,MLP,Alta,Alta
quito,2012-11-01,3,MLP,Alta,Alta
riobamba,2012-11-01,3,MLP,Media,Media
salinas,2012-11-01,3,MLP,Baja,Baja
tena,2012-11-01,3,MLP,Alta,Alta
babahoyo,2012-12-01,3,MLP,Media,Alta
cuenca,2012-12-01,3,MLP,Media,Alta
esmeraldas,2012-12-01,3,MLP,Baja,Baja
guayaquil,2012-12-01,3,MLP,Baja,Baja
loja,2012-12-01,3,MLP,Baja,Media
machala,2012-12-01,3,MLP,Baja,Baja
portoviejo,2012-12-01,3,MLP,Baja,Baja
puyo,2012-12-01,3,MLP,Alta,Media
quito,2012-12-01,3,MLP,Alta,Alta
riobamba,2012-12-01,3,MLP,Media,Media
salinas,2012-12-01,3,MLP,Baja,Baja
tena,2012-12-01,3,MLP,Alta,Alta
babahoyo,2013-01-01,3,MLP,Alta,Alta
cuenca,2013-01-01,3,MLP,Media,Alta
esmeraldas,2013-01-01,3,MLP,Alta,Alta
guayaquil,2013-01-01,3,MLP,Alta,Alta
loja,2013-01-01,3,MLP,Media,Media
machala,2013-01-01,3,MLP,Media,Media
portoviejo,2013-01-01,3,MLP,Media,Alta
puyo,2013-01-01,3,MLP,Media,Alta
quito,2013-01-01,3,MLP,Media,Alta
riobamba,2013-01-01,3,MLP,Media,Media
salinas,2013-01-01,3,MLP,Baja,Baja
tena,2013-01-01,3,MLP,Media,Alta
babahoyo,2013-02-01,3,MLP,Alta,Alta
cuenca,2013-02-01,3,MLP,Alta,Alta
esmeraldas,2013-02-01,3,MLP,Alta,Alta
guayaquil,2013-02-01,3,MLP,Alta,Alta
loja,2013-02-01,3,MLP,Alta,Media
machala,2013-02-01,3,MLP,Media,Media
portoviejo,2013-02-01,3,MLP,Alta,Alta
puyo,2013-02-01,3,MLP,Alta,Media
quito,2013-02-01,3,MLP,Alta,Alta
riobamba,2013-02-01,3,MLP,Alta,Media
salinas,2013-02-01,3,MLP,Media,Media
tena,2013-02-01,3,MLP,Alta,Alta
babahoyo,2013-03-01,3,MLP,Alta,Alta
cuenca,2013-03-01,3,MLP,Media,Media
esmeraldas,2013-03-01,3,MLP,Alta,Alta
guayaquil,2013-03-01,3,MLP,Alta,Alta
loja,2013-03-01,3,MLP,Media,Alta
machala,2013-03-01,3,MLP,Alta,Alta
portoviejo,2013-03-01,3,MLP,Alta,Alta
puyo,2013-03-01,3,MLP,Media,Alta
quito,2013-03-01,3,MLP,Alta,Alta
riobamba,2013-03-01,3,MLP,Media,Alta
salinas,2013-03-01,3,MLP,Alta,Media
tena,2013-03-01,3,MLP,Alta,Alta
babahoyo,2013-04-01,3,MLP,Alta,Alta
cuenca,2013-04-01,3,MLP,Baja,Media
esmeraldas,2013-04-01,3,MLP,Alta,Alta
guayaquil,2013-04-01,3,MLP,Alta,Alta
loja,2013-04-01,3,MLP,Baja,Media
machala,2013-04-01,3,MLP,Alta,Alta
portoviejo,2013-04-01,3,MLP,Media,Alta
puyo,2013-04-01,3,MLP,Media,Media
quito,2013-04-01,3,MLP,Alta,Alta
riobamba,2013-04-01,3,MLP,Media,Media
salinas,2013-04-01,3,MLP,Baja,Media
tena,2013-04-01,3,MLP,Alta,Alta
babahoyo,2013-05-01,3,MLP,Alta,Alta
cuenca,2013-05-01,3,MLP,Media,Baja
esmeraldas,2013-05-01,3,MLP,Alta,Alta
guayaquil,2013-05-01,3,MLP,Alta,Alta
loja,2013-05-01,3,MLP,Baja,Baja
machala,2013-05-01,3,MLP,Media,Media
portoviejo,2013-05-01,3,MLP,Baja,Alta
puyo,2013-05-01,3,MLP,Media,Media
quito,2013-05-01,3,MLP,Alta,Alta
riobamba,2013-05-01,3,MLP,Media,Media
salinas,2013-05-01,3,MLP,Baja,Baja
tena,2013-05-01,3,MLP,Alta,Alta
babahoyo,2013-06-01,3,MLP,Baja,Alta
cuenca,2013-06-01,3,MLP,Baja,Baja
esmeraldas,2013-06-01,3,MLP,Baja,Media
guayaquil,2013-06-01,3,MLP,Baja,Media
loja,2013-06-01,3,MLP,Baja,Baja
machala,2013-06-01,3,MLP,Baja,Baja
portoviejo,2013-06-01,3,MLP,Baja,Baja
puyo,2013-06-01,3,MLP,Media,Media
quito,2013-06-01,3,MLP,Media,Media
riobamba,2013-06-01,3,MLP,Baja,Media
salinas,2013-06-01,3,MLP,Baja,Baja
tena,2013-06-01,3,MLP,Alta,Alta
babahoyo,2013-07-01,3,MLP,Media,Alta
cuenca,2013-07-01,3,MLP,Baja,Baja
esmeraldas,2013-07-01,3,MLP,Baja,Baja
guayaquil,2013-07-01,3,MLP,Baja,Baja
loja,2013-07-01,3,MLP,Media,Baja
machala,2013-07-01,3,MLP,Baja,Baja
portoviejo,2013-07-01,3,MLP,Baja,Baja
puyo,2013-07-01,3,MLP,Media,Media
quito,2013-07-01,3,MLP,Media,Baja
riobamba,2013-07-01,3,MLP,Baja,Baja
salinas,2013-07-01,3,MLP,Baja,Baja
tena,2013-07-01,3,MLP,Alta,Alta
babahoyo,2013-08-01,3,MLP,Baja,Baja
cuenca,2013-08-01,3,MLP,Baja,Baja
esmeraldas,2013-08-01,3,MLP,Baja,Baja
guayaquil,2013-08-01,3,MLP,Baja,Baja
loja,2013-08-01,3,MLP,Baja,Baja
machala,2013-08-01,3,MLP,Baja,Baja
portoviejo,2013-08-01,3,MLP,Baja,Baja
puyo,2013-08-01,3,MLP,Media,Media
quito,2013-08-01,3,MLP,Media,Media
riobamba,2013-08-01,3,MLP,Baja,Baja
salinas,2013-08-01,3,MLP,Baja,Baja
tena,2013-08-01,3,MLP,Alta,Alta
babahoyo,2013-09-01,3,MLP,Media,Baja
cuenca,2013-09-01,3,MLP,Baja,Baja
esmeraldas,2013-09-01,3,MLP,Media,Baja
guayaquil,2013-09-01,3,MLP,Baja,Baja
loja,2013-09-01,3,MLP,Baja,Baja
machala,2013-09-01,3,MLP,Baja,Baja
portoviejo,2013-09-01,3,MLP,Baja,Baja
puyo,2013-09-01,3,MLP,Baja,Media
quito,2013-09-01,3,MLP,Alta,Media
riobamba,2013-09-01,3,MLP,Baja,Baja
salinas,2013-09-01,3,MLP,Baja,Baja
tena,2013-09-01,3,MLP,Media,Alta
babahoyo,2013-10-01,3,MLP,Baja,Baja
cuenca,2013-10-01,3,MLP,Media,Media
esmeraldas,2013-10-01,3,MLP,Baja,Baja
guayaquil,2013-10-01,3,MLP,Baja,Baja
loja,2013-10-01,3,MLP,Media,Media
machala,2013-10-01,3,MLP,Baja,Baja
portoviejo,2013-10-01,3,MLP,Baja,Baja
puyo,2013-10-01,3,MLP,Baja,Media
quito,2013-10-01,3,MLP,Alta,Alta
riobamba,2013-10-01,3,MLP,Media,Media
salinas,2013-10-01,3,MLP,Baja,Baja
tena,2013-10-01,3,MLP,Alta,Alta
babahoyo,2013-11-01,3,MLP,Media,Media
cuenca,2013-11-01,3,MLP,Alta,Media
esmeraldas,2013-11-01,3,MLP,Baja,Baja
guayaquil,2013-11-01,3,MLP,Baja,Baja
loja,2013-11-01,3,MLP,Baja,Media
machala,2013-11-01,3,MLP,Baja,Baja
portoviejo,2013-11-01,3,MLP,Baja,Baja
puyo,2013-11-01,3,MLP,Alta,Media
quito,2013-11-01,3,MLP,Media,Alta
riobamba,2013-11-01,3,MLP,Media,Media
salinas,2013-11-01,3,MLP,Baja,Baja
tena,2013-11-01,3,MLP,Alta,Alta
babahoyo,2013-12-01,3,MLP,Media,Media
cuenca,2013-12-01,3,MLP,Alta,Media
esmeraldas,2013-12-01,3,MLP,Baja,Baja
guayaquil,2013-12-01,3,MLP,Baja,Baja
loja,2013-12-01,3,MLP,Baja,Media
machala,2013-12-01,3,MLP,Baja,Baja
portoviejo,2013-12-01,3,MLP,Baja,Baja
puyo,2013-12-01,3,MLP,Alta,Alta
quito,2013-12-01,3,MLP,Media,Alta
riobamba,2013-12-01,3,MLP,Media,Media
salinas,2013-12-01,3,MLP,Baja,Baja
tena,2013-12-01,3,MLP,Alta,Alta
babahoyo,2014-01-01,4,MLP,Alta,Alta
cuenca,2014-01-01,4,MLP,Alta,Baja
esmeraldas,2014-01-01,4,MLP,Alta,Media
guayaquil,2014-01-01,4,MLP,Alta,Alta
loja,2014-01-01,4,MLP,Media,Media
machala,2014-01-01,4,MLP,Media,Media
portoviejo,2014-01-01,4,MLP,Alta,Alta
puyo,2014-01-01,4,MLP,Alta,Media
quito,2014-01-01,4,MLP,Alta,Media
riobamba,2014-01-01,4,MLP,Media,Media
salinas,2014-01-01,4,MLP,Baja,Baja
tena,2014-01-01,4,MLP,Alta,Alta
babahoyo,2014-02-01,4,MLP,Alta,Alta
cuenca,2014-02-01,4,MLP,Media,Media
esmeraldas,2014-02-01,4,MLP,Alta,Alta
guayaquil,2014-02-01,4,MLP,Media,Alta
loja,2014-02-01,4,MLP,Media,Media
machala,2014-02-01,4,MLP,Baja,Alta
portoviejo,2014-02-01,4,MLP,Media,Alta
puyo,2014-02-01,4,MLP,Alta,Alta
quito,2014-02-01,4,MLP,Alta,Alta
riobamba,2014-02-01,4,MLP,Media,Media
salinas,2014-02-01,4,MLP,Baja,Baja
tena,2014-02-01,4,MLP,Alta,Alta
babahoyo,2014-03-01,4,MLP,Alta,Alta
cuenca,2014-03-01,4,MLP,Media,Media
esmeraldas,2014-03-01,4,MLP,Media,Alta
guayaquil,2014-03-01,4,MLP,Alta,Alta
loja,2014-03-01,4,MLP,Media,Media
machala,2014-03-01,4,MLP,Media,Alta
portoviejo,2014-03-01,4,MLP,Media,Alta
puyo,2014-03-01,4,MLP,Alta,Media
quito,2014-03-01,4,MLP,Alta,Alta
riobamba,2014-03-01,4,MLP,Alta,Media
salinas,2014-03-01,4,MLP,Baja,Baja
tena,2014-03-01,4,MLP,Alta,Alta
babahoyo,2014-04-01,4,MLP,Alta,Alta
cuenca,2014-04-01,4,MLP,Baja,Media
esmeraldas,2014-04-01,4,MLP,Alta,Alta
guayaquil,2014-04-01,4,MLP,Alta,Alta
loja,2014-04-01,4,MLP,Baja,Media
machala,2014-04-01,4,MLP,Media,Media
portoviejo,2014-04-01,4,MLP,Media,Alta
puyo,2014-04-01,4,MLP,Media,Alta
quito,2014-04-01,4,MLP,Media,Alta
riobamba,2014-04-01,4,MLP,Media,Media
salinas,2014-04-01,4,MLP,Baja,Baja
tena,2014-04-01,4,MLP,Alta,Alta
babahoyo,2014-05-01,4,MLP,Alta,Alta
cuenca,2014-05-01,4,MLP,Alta,Baja
esmeraldas,2014-05-01,4,MLP,Media,Alta
guayaquil,2014-05-01,4,MLP,Alta,Alta
loja,2014-05-01,4,MLP,Media,Media
machala,2014-05-01,4,MLP,Alta,Media
portoviejo,2014-05-01,4,MLP,Baja,Baja
puyo,2014-05-01,4,MLP,Alta,Alta
quito,2014-05-01,4,MLP,Alta,Alta
riobamba,2014-05-01,4,MLP,Media,Media
salinas,2014-05-01,4,MLP,Baja,Baja
tena,2014-05-01,4,MLP,Alta,Alta
babahoyo,2014-06-01,4,MLP,Alta,Alta
cuenca,2014-06-01,4,MLP,Baja,Media
esmeraldas,2014-06-01,4,MLP,Alta,Media
guayaquil,2014-06-01,4,MLP,Media,Alta
loja,2014-06-01,4,MLP,Media,Baja
machala,2014-06-01,4,MLP,Baja,Alta
portoviejo,2014-06-01,4,MLP,Baja,Baja
puyo,2014-06-01,4,MLP,Alta,Alta
quito,2014-06-01,4,MLP,Media,Media
riobamba,2014-06-01,4,MLP,Baja,Baja
salinas,2014-06-01,4,MLP,Baja,Baja
tena,2014-06-01,4,MLP,Alta,Alta
babahoyo,2014-07-01,4,MLP,Alta,Media
cuenca,2014-07-01,4,MLP,Baja,Baja
esmeraldas,2014-07-01,4,MLP,Media,Alta
guayaquil,2014-07-01,4,MLP,Media,Media
loja,2014-07-01,4,MLP,Baja,Baja
machala,2014-07-01,4,MLP,Baja,Baja
portoviejo,2014-07-01,4,MLP,Baja,Baja
puyo,2014-07-01,4,MLP,Media,Media
quito,2014-07-01,4,MLP,Baja,Media
riobamba,2014-07-01,4,MLP,Baja,Baja
salinas,2014-07-01,4,MLP,Baja,Baja
tena,2014-07-01,4,MLP,Alta,Alta
babahoyo,2014-08-01,4,MLP,Alta,Media
cuenca,2014-08-01,4,MLP,Baja,Baja
esmeraldas,2014-08-01,4,MLP,Media,Baja
guayaquil,2014-08-01,4,MLP,Alta,Media
loja,2014-08-01,4,MLP,Baja,Baja
machala,2014-08-01,4,MLP,Baja,Baja
portoviejo,2014-08-01,4,MLP,Baja,Baja
puyo,2014-08-01,4,MLP,Media,Alta
quito,2014-08-01,4,MLP,Baja,Media
riobamba,2014-08-01,4,MLP,Baja,Baja
salinas,2014-08-01,4,MLP,Baja,Baja
tena,2014-08-01,4,MLP,Media,Alta
babahoyo,2014-09-01,4,MLP,Alta,Media
cuenca,2014-09-01,4,MLP,Baja,Baja
esmeraldas,2014-09-01,4,MLP,Media,Baja
guayaquil,2014-09-01,4,MLP,Media,Media
loja,2014-09-01,4,MLP,Baja,Baja
machala,2014-09-01,4,MLP,Baja,Baja
portoviejo,2014-09-01,4,MLP,Baja,Baja
puyo,2014-09-01,4,MLP,Baja,Baja
quito,2014-09-01,4,MLP,Media,Media
riobamba,2014-09-01,4,MLP,Baja,Baja
salinas,2014-09-01,4,MLP,Baja,Baja
tena,2014-09-01,4,MLP,Baja,Alta
babahoyo,2014-10-01,4,MLP,Alta,Media
cuenca,2014-10-01,4,MLP,Media,Baja
esmeraldas,2014-10-01,4,MLP,Baja,Baja
guayaquil,2014-10-01,4,MLP,Media,Media
loja,2014-10-01,4,MLP,Baja,Media
machala,2014-10-01,4,MLP,Baja,Baja
portoviejo,2014-10-01,4,MLP,Baja,Baja
puyo,2014-10-01,4,MLP,Media,Media
quito,2014-10-01,4,MLP,Alta,Media
riobamba,2014-10-01,4,MLP,Media,Media
salinas,2014-10-01,4,MLP,Baja,Baja
tena,2014-10-01,4,MLP,Alta,Alta
babahoyo,2014-11-01,4,MLP,Baja,Alta
cuenca,2014-11-01,4,MLP,Alta,Media
esmeraldas,2014-11-01,4,MLP,Baja,Baja
guayaquil,2014-11-01,4,MLP,Baja,Media
loja,2014-11-01,4,MLP,Media,Media
machala,2014-11-01,4,MLP,Baja,Baja
portoviejo,2014-11-01,4,MLP,Baja,Baja
puyo,2014-11-01,4,MLP,Alta,Alta
quito,2014-11-01,4,MLP,Media,Media
riobamba,2014-11-01,4,MLP,Media,Media
salinas,2014-11-01,4,MLP,Baja,Baja
tena,2014-11-01,4,MLP,Alta,Media
babahoyo,2014-12-01,4,MLP,Alta,Media
cuenca,2014-12-01,4,MLP,Media,Media
esmeraldas,2014-12-01,4,MLP,Media,Baja
guayaquil,2014-12-01,4,MLP,Media,Baja
loja,2014-12-01,4,MLP,Media,Media
machala,2014-12-01,4,MLP,Media,Baja
portoviejo,2014-12-01,4,MLP,Baja,Baja
puyo,2014-12-01,4,MLP,Media,Alta
quito,2014-12-01,4,MLP,Alta,Media
riobamba,2014-12-01,4,MLP,Media,Media
salinas,2014-12-01,4,MLP,Baja,Baja
tena,2014-12-01,4,MLP,Alta,Alta
babahoyo,2015-01-01,4,MLP,Alta,Alta
cuenca,2015-01-01,4,MLP,Alta,Media
esmeraldas,2015-01-01,4,MLP,Alta,Alta
guayaquil,2015-01-01,4,MLP,Alta,Alta
loja,2015-01-01,4,MLP,Media,Media
machala,2015-01-01,4,MLP,Alta,Media
portoviejo,2015-01-01,4,MLP,Media,Alta
puyo,2015-01-01,4,MLP,Media,Media
quito,2015-01-01,4,MLP,Alta,Alta
riobamba,2015-01-01,4,MLP,Media,Media
salinas,2015-01-01,4,MLP,Baja,Baja
tena,2015-01-01,4,MLP,Alta,Alta
babahoyo,2015-02-01,4,MLP,Alta,Alta
cuenca,2015-02-01,4,MLP,Media,Media
esmeraldas,2015-02-01,4,MLP,Media,Alta
guayaquil,2015-02-01,4,MLP,Alta,Alta
loja,2015-02-01,4,MLP,Baja,Media
machala,2015-02-01,4,MLP,Media,Media
portoviejo,2015-02-01,4,MLP,Baja,Media
puyo,2015-02-01,4,MLP,Alta,Media
quito,2015-02-01,4,MLP,Media,Alta
riobamba,2015-02-01,4,MLP,Baja,Media
salinas,2015-02-01,4,MLP,Baja,Baja
tena,2015-02-01,4,MLP,Alta,Alta
babahoyo,2015-03-01,4,MLP,Alta,Alta
cuenca,2015-03-01,4,MLP,Alta,Media
esmeraldas,2015-03-01,4,MLP,Media,Alta
guayaquil,2015-03-01,4,MLP,Alta,Alta
loja,2015-03-01,4,MLP,Alta,Media
machala,2015-03-01,4,MLP,Alta,Media
portoviejo,2015-03-01,4,MLP,Alta,Media
puyo,2015-03-01,4,MLP,Alta,Alta
quito,2015-03-01,4,MLP,Alta,Alta
riobamba,2015-03-01,4,MLP,Alta,Alta
salinas,2015-03-01,4,MLP,Media,Baja
tena,2015-03-01,4,MLP,Alta,Alta
babahoyo,2015-04-01,4,MLP,Alta,Alta
cuenca,2015-04-01,4,MLP,Media,Media
esmeraldas,2015-04-01,4,MLP,Alta,Alta
guayaquil,2015-04-01,4,MLP,Alta,Alta
loja,2015-04-01,4,MLP,Media,Media
machala,2015-04-01,4,MLP,Alta,Alta
portoviejo,2015-04-01,4,MLP,Media,Media
puyo,2015-04-01,4,MLP,Media,Media
quito,2015-04-01,4,MLP,Media,Alta
riobamba,2015-04-01,4,MLP,Alta,Media
salinas,2015-04-01,4,MLP,Baja,Baja
tena,2015-04-01,4,MLP,Media,Alta
babahoyo,2015-05-01,4,MLP,Alta,Alta
cuenca,2015-05-01,4,MLP,Baja,Media
esmeraldas,2015-05-01,4,MLP,Alta,Alta
guayaquil,2015-05-01,4,MLP,Alta,Alta
loja,2015-05-01,4,MLP,Baja,Media
machala,2015-05-01,4,MLP,Alta,Alta
portoviejo,2015-05-01,4,MLP,Media,Media
puyo,2015-05-01,4,MLP,Media,Alta
quito,2015-05-01,4,MLP,Media,Alta
riobamba,2015-05-01,4,MLP,Baja,Media
salinas,2015-05-01,4,MLP,Baja,Baja
tena,2015-05-01,4,MLP,Alta,Alta
babahoyo,2015-06-01,4,MLP,Alta,Alta
cuenca,2015-06-01,4,MLP,Baja,Baja
esmeraldas,2015-06-01,4,MLP,Alta,Alta
guayaquil,2015-06-01,4,MLP,Alta,Alta
loja,2015-06-01,4,MLP,Baja,Baja
machala,2015-06-01,4,MLP,Baja,Alta
portoviejo,2015-06-01,4,MLP,Media,Media
puyo,2015-06-01,4,MLP,Media,Media
quito,2015-06-01,4,MLP,Media,Media
riobamba,2015-06-01,4,MLP,Baja,Baja
salinas,2015-06-01,4,MLP,Baja,Baja
tena,2015-06-01,4,MLP,Alta,Alta
babahoyo,2015-07-01,4,MLP,Alta,Alta
cuenca,2015-07-01,4,MLP,Baja,Baja
esmeraldas,2015-07-01,4,MLP,Media,Media
guayaquil,2015-07-01,4,MLP,Alta,Media
loja,2015-07-01,4,MLP,Baja,Baja
machala,2015-07-01,4,MLP,Baja,Baja
portoviejo,2015-07-01,4,MLP,Baja,Baja
puyo,2015-07-01,4,MLP,Baja,Alta
quito,2015-07-01,4,MLP,Media,Media
riobamba,2015-07-01,4,MLP,Baja,Baja
salinas,2015-07-01,4,MLP,Baja,Baja
tena,2015-07-01,4,MLP,Alta,Alta
babahoyo,2015-08-01,4,MLP,Baja,Alta
cuenca,2015-08-01,4,MLP,Baja,Baja
esmeraldas,2015-08-01,4,MLP,Media,Alta
guayaquil,2015-08-01,4,MLP,Baja,Media
loja,2015-08-01,4,MLP,Baja,Baja
machala,2015-08-01,4,MLP,Baja,Baja
portoviejo,2015-08-01,4,MLP,Baja,Baja
puyo,2015-08-01,4,MLP,Baja,Media
quito,2015-08-01,4,MLP,Baja,Media
riobamba,2015-08-01,4,MLP,Baja,Baja
salinas,2015-08-01,4,MLP,Baja,Baja
tena,2015-08-01,4,MLP,Media,Alta
babahoyo,2015-09-01,4,MLP,Media,Media
cuenca,2015-09-01,4,MLP,Baja,Baja
esmeraldas,2015-09-01,4,MLP,Baja,Baja
guayaquil,2015-09-01,4,MLP,Baja,Media
loja,2015-09-01,4,MLP,Baja,Baja
machala,2015-09-01,4,MLP,Baja,Baja
portoviejo,2015-09-01,4,MLP,Baja,Baja
puyo,2015-09-01,4,MLP,Baja,Baja
quito,2015-09-01,4,MLP,Media,Media
riobamba,2015-09-01,4,MLP,Baja,Baja
salinas,2015-09-01,4,MLP,Baja,Baja
tena,2015-09-01,4,MLP,Baja,Media
babahoyo,2015-10-01,4,MLP,Alta,Alta
cuenca,2015-10-01,4,MLP,Media,Baja
esmeraldas,2015-10-01,4,MLP,Alta,Baja
guayaquil,2015-10-01,4,MLP,Media,Media
loja,2015-10-01,4,MLP,Baja,Baja
machala,2015-10-01,4,MLP,Baja,Baja
portoviejo,2015-10-01,4,MLP,Baja,Baja
puyo,2015-10-01,4,MLP,Media,Media
quito,2015-10-01,4,MLP,Alta,Alta
riobamba,2015-10-01,4,MLP,Media,Media
salinas,2015-10-01,4,MLP,Baja,Baja
tena,2015-10-01,4,MLP,Alta,Media
babahoyo,2015-11-01,4,MLP,Alta,Alta
cuenca,2015-11-01,4,MLP,Baja,Media
esmeraldas,2015-11-01,4,MLP,Alta,Alta
guayaquil,2015-11-01,4,MLP,Media,Media
loja,2015-11-01,4,MLP,Media,Media
machala,2015-11-01,4,MLP,Alta,Baja
portoviejo,2015-11-01,4,MLP,Baja,Baja
puyo,2015-11-01,4,MLP,Alta,Media
quito,2015-11-01,4,MLP,Alta,Alta
riobamba,2015-11-01,4,MLP,Media,Media
salinas,2015-11-01,4,MLP,Baja,Baja
tena,2015-11-01,4,MLP,Alta,Alta
babahoyo,2015-12-01,4,MLP,Alta,Alta
cuenca,2015-12-01,4,MLP,Baja,Media
esmeraldas,2015-12-01,4,MLP,Alta,Baja
guayaquil,2015-12-01,4,MLP,Alta,Media
loja,2015-12-01,4,MLP,Baja,Media
machala,2015-12-01,4,MLP,Media,Baja
portoviejo,2015-12-01,4,MLP,Media,Baja
puyo,2015-12-01,4,MLP,Alta,Alta
quito,2015-12-01,4,MLP,Media,Alta
riobamba,2015-12-01,4,MLP,Media,Media
salinas,2015-12-01,4,MLP,Baja,Baja
tena,2015-12-01,4,MLP,Alta,Media
babahoyo,2016-01-01,4,MLP,Alta,Alta
cuenca,2016-01-01,4,MLP,Media,Baja
esmeraldas,2016-01-01,4,MLP,Alta,Alta
guayaquil,2016-01-01,4,MLP,Alta,Alta
loja,2016-01-01,4,MLP,Alta,Media
machala,2016-01-01,4,MLP,Alta,Media
portoviejo,2016-01-01,4,MLP,Alta,Media
puyo,2016-01-01,4,MLP,Media,Media
quito,2016-01-01,4,MLP,Alta,Alta
riobamba,2016-01-01,4,MLP,Media,Media
salinas,2016-01-01,4,MLP,Baja,Baja
tena,2016-01-01,4,MLP,Media,Alta
babahoyo,2016-02-01,4,MLP,Alta,Alta
cuenca,2016-02-01,4,MLP,Media,Media
esmeraldas,2016-02-01,4,MLP,Alta,Alta
guayaquil,2016-02-01,4,MLP,Alta,Alta
loja,2016-02-01,4,MLP,Media,Media
machala,2016-02-01,4,MLP,Alta,Alta
portoviejo,2016-02-01,4,MLP,Alta,Media
puyo,2016-02-01,4,MLP,Alta,Alta
quito,2016-02-01,4,MLP,Alta,Alta
riobamba,2016-02-01,4,MLP,Media,Media
salinas,2016-02-01,4,MLP,Media,Baja
tena,2016-02-01,4,MLP,Alta,Alta
babahoyo,2016-03-01,4,MLP,Alta,Alta
cuenca,2016-03-01,4,MLP,Media,Media
esmeraldas,2016-03-01,4,MLP,Alta,Alta
guayaquil,2016-03-01,4,MLP,Alta,Alta
loja,2016-03-01,4,MLP,Alta,Alta
machala,2016-03-01,4,MLP,Alta,Alta
portoviejo,2016-03-01,4,MLP,Alta,Alta
puyo,2016-03-01,4,MLP,Media,Alta
quito,2016-03-01,4,MLP,Alta,Alta
riobamba,2016-03-01,4,MLP,Media,Alta
salinas,2016-03-01,4,MLP,Alta,Baja
tena,2016-03-01,4,MLP,Alta,Alta
babahoyo,2016-04-01,4,MLP,Alta,Alta
cuenca,2016-04-01,4,MLP,Alta,Media
esmeraldas,2016-04-01,4,MLP,Alta,Alta
guayaquil,2016-04-01,4,MLP,Alta,Alta
loja,2016-04-01,4,MLP,Media,Media
machala,2016-04-01,4,MLP,Alta,Alta
portoviejo,2016-04-01,4,MLP,Alta,Alta
puyo,2016-04-01,4,MLP,Alta,Alta
quito,2016-04-01,4,MLP,Alta,Alta
riobamba,2016-04-01,4,MLP,Media,Media
salinas,2016-04-01,4,MLP,Baja,Media
tena,2016-04-01,4,MLP,Alta,Alta
babahoyo,2016-05-01,4,MLP,Alta,Alta
cuenca,2016-05-01,4,MLP,Baja,Baja
esmeraldas,2016-05-01,4,MLP,Alta,Alta
guayaquil,2016-05-01,4,MLP,Alta,Alta
loja,2016-05-01,4,MLP,Baja,Media
machala,2016-05-01,4,MLP,Media,Alta
portoviejo,2016-05-01,4,MLP,Baja,Alta
puyo,2016-05-01,4,MLP,Media,Media
quito,2016-05-01,4,MLP,Alta,Alta
riobamba,2016-05-01,4,MLP,Baja,Media
salinas,2016-05-01,4,MLP,Baja,Baja
tena,2016-05-01,4,MLP,Alta,Alta
babahoyo,2016-06-01,4,MLP,Baja,Alta
cuenca,2016-06-01,4,MLP,Baja,Baja
esmeraldas,2016-06-01,4,MLP,Media,Media
guayaquil,2016-06-01,4,MLP,Baja,Alta
loja,2016-06-01,4,MLP,Baja,Baja
machala,2016-06-01,4,MLP,Baja,Baja
portoviejo,2016-06-01,4,MLP,Baja,Baja
puyo,2016-06-01,4,MLP,Alta,Alta
quito,2016-06-01,4,MLP,Media,Media
riobamba,2016-06-01,4,MLP,Media,Baja
salinas,2016-06-01,4,MLP,Baja,Baja
tena,2016-06-01,4,MLP,Alta,Alta
babahoyo,2016-07-01,4,MLP,Media,Alta
cuenca,2016-07-01,4,MLP,Baja,Baja
esmeraldas,2016-07-01,4,MLP,Baja,Media
guayaquil,2016-07-01,4,MLP,Media,Alta
loja,2016-07-01,4,MLP,Baja,Baja
machala,2016-07-01,4,MLP,Baja,Baja
portoviejo,2016-07-01,4,MLP,Baja,Baja
puyo,2016-07-01,4,MLP,Media,Alta
quito,2016-07-01,4,MLP,Media,Media
riobamba,2016-07-01,4,MLP,Baja,Baja
salinas,2016-07-01,4,MLP,Baja,Baja
tena,2016-07-01,4,MLP,Alta,Alta
babahoyo,2016-08-01,4,MLP,Media,Media
cuenca,2016-08-01,4,MLP,Baja,Baja
esmeraldas,2016-08-01,4,MLP,Baja,Baja
guayaquil,2016-08-01,4,MLP,Baja,Media
loja,2016-08-01,4,MLP,Baja,Baja
machala,2016-08-01,4,MLP,Baja,Baja
portoviejo,2016-08-01,4,MLP,Baja,Baja
puyo,2016-08-01,4,MLP,Baja,Baja
quito,2016-08-01,4,MLP,Baja,Media
riobamba,2016-08-01,4,MLP,Baja,Baja
salinas,2016-08-01,4,MLP,Baja,Baja
tena,2016-08-01,4,MLP,Media,Alta
babahoyo,2016-09-01,4,MLP,Alta,Media
cuenca,2016-09-01,4,MLP,Baja,Baja
esmeraldas,2016-09-01,4,MLP,Media,Baja
guayaquil,2016-09-01,4,MLP,Media,Baja
loja,2016-09-01,4,MLP,Baja,Baja
machala,2016-09-01,4,MLP,Baja,Baja
portoviejo,2016-09-01,4,MLP,Baja,Baja
puyo,2016-09-01,4,MLP,Media,Baja
quito,2016-09-01,4,MLP,Media,Media
riobamba,2016-09-01,4,MLP,Baja,Baja
salinas,2016-09-01,4,MLP,Baja,Baja
tena,2016-09-01,4,MLP,Media,Media
babahoyo,2016-10-01,4,MLP,Media,Alta
cuenca,2016-10-01,4,MLP,Media,Baja
esmeraldas,2016-10-01,4,MLP,Baja,Baja
guayaquil,2016-10-01,4,MLP,Baja,Media
loja,2016-10-01,4,MLP,Baja,Baja
machala,2016-10-01,4,MLP,Baja,Baja
portoviejo,2016-10-01,4,MLP,Baja,Baja
puyo,2016-10-01,4,MLP,Alta,Media
quito,2016-10-01,4,MLP,Alta,Alta
riobamba,2016-10-01,4,MLP,Media,Media
salinas,2016-10-01,4,MLP,Baja,Baja
tena,2016-10-01,4,MLP,Alta,Alta
babahoyo,2016-11-01,4,MLP,Media,Alta
cuenca,2016-11-01,4,MLP,Media,Baja
esmeraldas,2016-11-01,4,MLP,Baja,Baja
guayaquil,2016-11-01,4,MLP,Baja,Baja
loja,2016-11-01,4,MLP,Baja,Media
machala,2016-11-01,4,MLP,Baja,Baja
portoviejo,2016-11-01,4,MLP,Baja,Baja
puyo,2016-11-01,4,MLP,Alta,Media
quito,2016-11-01,4,MLP,Alta,Alta
riobamba,2016-11-01,4,MLP,Baja,Media
salinas,2016-11-01,4,MLP,Baja,Baja
tena,2016-11-01,4,MLP,Alta,Alta
babahoyo,2016-12-01,4,MLP,Media,Alta
cuenca,2016-12-01,4,MLP,Media,Baja
esmeraldas,2016-12-01,4,MLP,Baja,Baja
guayaquil,2016-12-01,4,MLP,Baja,Alta
loja,2016-12-01,4,MLP,Media,Baja
machala,2016-12-01,4,MLP,Baja,Baja
portoviejo,2016-12-01,4,MLP,Baja,Baja
puyo,2016-12-01,4,MLP,Alta,Media
quito,2016-12-01,4,MLP,Alta,Media
riobamba,2016-12-01,4,MLP,Media,Baja
salinas,2016-12-01,4,MLP,Baja,Baja
tena,2016-12-01,4,MLP,Alta,Alta
babahoyo,2017-01-01,4,MLP,Alta,Alta
cuenca,2017-01-01,4,MLP,Media,Media
esmeraldas,2017-01-01,4,MLP,Alta,Alta
guayaquil,2017-01-01,4,MLP,Alta,Alta
loja,2017-01-01,4,MLP,Alta,Alta
machala,2017-01-01,4,MLP,Alta,Media
portoviejo,2017-01-01,4,MLP,Media,Media
puyo,2017-01-01,4,MLP,Alta,Alta
quito,2017-01-01,4,MLP,Alta,Alta
riobamba,2017-01-01,4,MLP,Alta,Media
salinas,2017-01-01,4,MLP,Baja,Baja
tena,2017-01-01,4,MLP,Alta,Alta
babahoyo,2017-02-01,4,MLP,Alta,Alta
cuenca,2017-02-01,4,MLP,Alta,Media
esmeraldas,2017-02-01,4,MLP,Alta,Alta
guayaquil,2017-02-01,4,MLP,Alta,Alta
loja,2017-02-01,4,MLP,Alta,Media
machala,2017-02-01,4,MLP,Alta,Alta
portoviejo,2017-02-01,4,MLP,Alta,Alta
puyo,2017-02-01,4,MLP,Alta,Alta
quito,2017-02-01,4,MLP,Alta,Alta
riobamba,2017-02-01,4,MLP,Media,Media
salinas,2017-02-01,4,MLP,Media,Baja
tena,2017-02-01,4,MLP,Alta,Alta
babahoyo,2017-03-01,4,MLP,Alta,Alta
cuenca,2017-03-01,4,MLP,Alta,Media
esmeraldas,2017-03-01,4,MLP,Media,Alta
guayaquil,2017-03-01,4,MLP,Alta,Alta
loja,2017-03-01,4,MLP,Alta,Media
machala,2017-03-01,4,MLP,Alta,Alta
portoviejo,2017-03-01,4,MLP,Alta,Alta
puyo,2017-03-01,4,MLP,Alta,Alta
quito,2017-03-01,4,MLP,Alta,Alta
riobamba,2017-03-01,4,MLP,Alta,Media
salinas,2017-03-01,4,MLP,Alta,Media
tena,2017-03-01,4,MLP,Alta,Alta
babahoyo,2017-04-01,4,MLP,Alta,Alta
cuenca,2017-04-01,4,MLP,Media,Media
esmeraldas,2017-04-01,4,MLP,Alta,Alta
guayaquil,2017-04-01,4,MLP,Alta,Alta
loja,2017-04-01,4,MLP,Alta,Alta
machala,2017-04-01,4,MLP,Alta,Alta
portoviejo,2017-04-01,4,MLP,Alta,Alta
puyo,2017-04-01,4,MLP,Alta,Alta
quito,2017-04-01,4,MLP,Alta,Alta
riobamba,2017-04-01,4,MLP,Media,Alta
salinas,2017-04-01,4,MLP,Alta,Alta
tena,2017-04-01,4,MLP,Alta,Alta
babahoyo,2017-05-01,4,MLP,Alta,Alta
cuenca,2017-05-01,4,MLP,Baja,Baja
esmeraldas,2017-05-01,4,MLP,Media,Alta
guayaquil,2017-05-01,4,MLP,Alta,Alta
loja,2017-05-01,4,MLP,Media,Media
machala,2017-05-01,4,MLP,Media,Alta
portoviejo,2017-05-01,4,MLP,Media,Media
puyo,2017-05-01,4,MLP,Alta,Alta
quito,2017-05-01,4,MLP,Alta,Alta
riobamba,2017-05-01,4,MLP,Media,Media
salinas,2017-05-01,4,MLP,Baja,Baja
tena,2017-05-01,4,MLP,Alta,Alta
babahoyo,2017-06-01,4,MLP,Alta,Alta
cuenca,2017-06-01,4,MLP,Baja,Baja
esmeraldas,2017-06-01,4,MLP,Baja,Media
guayaquil,2017-06-01,4,MLP,Alta,Alta
loja,2017-06-01,4,MLP,Media,Baja
machala,2017-06-01,4,MLP,Baja,Media
portoviejo,2017-06-01,4,MLP,Baja,Baja
puyo,2017-06-01,4,MLP,Alta,Alta
quito,2017-06-01,4,MLP,Media,Alta
riobamba,2017-06-01,4,MLP,Baja,Media
salinas,2017-06-01,4,MLP,Baja,Baja
tena,2017-06-01,4,MLP,Alta,Alta
babahoyo,2017-07-01,4,MLP,Media,Alta
cuenca,2017-07-01,4,MLP,Media,Baja
esmeraldas,2017-07-01,4,MLP,Baja,Baja
guayaquil,2017-07-01,4,MLP,Baja,Alta
loja,2017-07-01,4,MLP,Baja,Baja
machala,2017-07-01,4,MLP,Baja,Baja
portoviejo,2017-07-01,4,MLP,Baja,Baja
puyo,2017-07-01,4,MLP,Alta,Media
quito,2017-07-01,4,MLP,Media,Media
riobamba,2017-07-01,4,MLP,Baja,Baja
salinas,2017-07-01,4,MLP,Baja,Baja
tena,2017-07-01,4,MLP,Alta,Alta
babahoyo,2017-08-01,4,MLP,Media,Media
cuenca,2017-08-01,4,MLP,Baja,Baja
esmeraldas,2017-08-01,4,MLP,Media,Baja
guayaquil,2017-08-01,4,MLP,Baja,Baja
loja,2017-08-01,4,MLP,Baja,Baja
machala,2017-08-01,4,MLP,Baja,Baja
portoviejo,2017-08-01,4,MLP,Baja,Baja
puyo,2017-08-01,4,MLP,Media,Media
quito,2017-08-01,4,MLP,Alta,Media
riobamba,2017-08-01,4,MLP,Baja,Baja
salinas,2017-08-01,4,MLP,Baja,Baja
tena,2017-08-01,4,MLP,Media,Alta
babahoyo,2017-09-01,4,MLP,Alta,Alta
cuenca,2017-09-01,4,MLP,Baja,Baja
esmeraldas,2017-09-01,4,MLP,Baja,Baja
guayaquil,2017-09-01,4,MLP,Media,Media
loja,2017-09-01,4,MLP,Baja,Baja
machala,2017-09-01,4,MLP,Baja,Baja
portoviejo,2017-09-01,4,MLP,Baja,Baja
puyo,2017-09-01,4,MLP,Baja,Media
quito,2017-09-01,4,MLP,Media,Media
riobamba,2017-09-01,4,MLP,Baja,Baja
salinas,2017-09-01,4,MLP,Baja,Baja
tena,2017-09-01,4,MLP,Alta,Media
babahoyo,2017-10-01,4,MLP,Alta,Media
cuenca,2017-10-01,4,MLP,Baja,Media
esmeraldas,2017-10-01,4,MLP,Baja,Baja
guayaquil,2017-10-01,4,MLP,Baja,Baja
loja,2017-10-01,4,MLP,Baja,Media
machala,2017-10-01,4,MLP,Baja,Baja
portoviejo,2017-10-01,4,MLP,Baja,Baja
puyo,2017-10-01,4,MLP,Media,Media
quito,2017-10-01,4,MLP,Alta,Alta
riobamba,2017-10-01,4,MLP,Media,Media
salinas,2017-10-01,4,MLP,Baja,Baja
tena,2017-10-01,4,MLP,Alta,Alta
babahoyo,2017-11-01,4,MLP,Media,Media
cuenca,2017-11-01,4,MLP,Media,Media
esmeraldas,2017-11-01,4,MLP,Baja,Baja
guayaquil,2017-11-01,4,MLP,Baja,Baja
loja,2017-11-01,4,MLP,Baja,Media
machala,2017-11-01,4,MLP,Baja,Baja
portoviejo,2017-11-01,4,MLP,Baja,Baja
puyo,2017-11-01,4,MLP,Alta,Alta
quito,2017-11-01,4,MLP,Alta,Alta
riobamba,2017-11-01,4,MLP,Media,Media
salinas,2017-11-01,4,MLP,Baja,Baja
tena,2017-11-01,4,MLP,Alta,Alta
babahoyo,2017-12-01,4,MLP,Media,Media
cuenca,2017-12-01,4,MLP,Alta,Media
esmeraldas,2017-12-01,4,MLP,Baja,Baja
guayaquil,2017-12-01,4,MLP,Media,Baja
loja,2017-12-01,4,MLP,Alta,Media
machala,2017-12-01,4,MLP,Baja,Baja
portoviejo,2017-12-01,4,MLP,Baja,Baja
puyo,2017-12-01,4,MLP,Alta,Alta
quito,2017-12-01,4,MLP,Alta,Alta
riobamba,2017-12-01,4,MLP,Media,Media
salinas,2017-12-01,4,MLP,Baja,Baja
tena,2017-12-01,4,MLP,Alta,Alta
